# ptxas phase registry (binary-derived, CUDA 13.0.88)
#
# All 159 phase IDs from the name table at VA 0x22BD0C0 (file off 0x1EBD0C0, rodata delta 0x400000).
# Verified byte-exact against extracted/phase_names.json (count 159) and
# decoded/ptxas-passes/phase_pipeline.tsv (159 rows): ZERO mismatches.
#
# bin_index : phase ID; index into name table 0x22BD0C0 AND the 159-arm factory jump table 0x22BBEB8.
# phase_name : exact plaintext string (no decoding needed).
# name_va    : VA of the name string in .rodata.
# is_default : true for IDs 0..156 (in the default schedule 0x22BEEA0, count 157);
#              false for 157 (DebuggerBreak) and 158 (NOP) -- registered but NOT dispatched
#              by default; reachable only via the recipe/named-phases path (knob 298).
#
# Factory: sub_C60D30, cmp $0x9e (158) upper bound, jmp *0x22BBEB8(,idx,8); all 159 arms distinct
#          (each phase has its own 16-byte object + vtable). Arm 157 -> 0xc60d61, arm 158 -> 0xc61ae8.
#
bin_index	phase_name	name_va	is_default
0	OriCheckInitialProgram	0x22bc429	true
1	ApplyNvOptRecipes	0x22bc440	true
2	PromoteFP16	0x22bc452	true
3	AnalyzeControlFlow	0x22bc45e	true
4	AdvancedPhaseBeforeConvUnSup	0x22bc471	true
5	ConvertUnsupportedOps	0x22bc48e	true
6	SetControlFlowOpLastInBB	0x22bc4a4	true
7	AdvancedPhaseAfterConvUnSup	0x22bc4bd	true
8	UpdateAfterConvertUnsupportedOps	0x22bcf10	true
9	OriCreateMacroInsts	0x22bc4d9	true
10	ReportInitialRepresentation	0x22bc4ed	true
11	EarlyOriSimpleLiveDead	0x22bc509	true
12	ReplaceUniformsWithImm	0x22bc520	true
13	OriSanitize	0x22bc537	true
14	GeneralOptimizeEarly	0x22bc543	true
15	MergeEquivalentConditionalFlow	0x22bcf38	true
16	DoSwitchOptFirst	0x22bc558	true
17	OriBranchOpt	0x22bc569	true
18	OriPerformLiveDeadFirst	0x22bc576	true
19	OptimizeBindlessHeaderLoads	0x22bc58e	true
20	OriLoopSimplification	0x22bc5aa	true
21	OriSplitLiveRanges	0x22bc5c0	true
22	OriCopyProp	0x21e6ce1	true
23	PerformPGO	0x22bc5d3	true
24	OriStrengthReduce	0x22bc5de	true
25	OriLoopUnrolling	0x22bc5f0	true
26	GenerateMovPhi	0x22bc601	true
27	OriPipelining	0x22bc610	true
28	StageAndFence	0x22bc61e	true
29	OriRemoveRedundantBarriers	0x22bc62c	true
30	AnalyzeUniformsForSpeculation	0x22bc647	true
31	SinkRemat	0x22bc665	true
32	OptimizeNaNOrZero	0x21dd150	true
33	GeneralOptimize	0x22bc66f	true
34	DoSwitchOptSecond	0x22bc67f	true
35	OriLinearReplacement	0x22bc691	true
36	CompactLocalMemory	0x22bc6a6	true
37	ConvertMemoryToRegisterOrUniform	0x21dd228	true
38	OriPerformLiveDeadSecond	0x22bc6b9	true
39	ExtractShaderConstsFirst	0x22bc6d2	true
40	OriHoistInvariantsEarly	0x22bc6eb	true
41	Vectorization	0x21d3abe	true
42	EmitPSI	0x22bc703	true
43	GeneralOptimizeMid	0x22bc70b	true
44	OptimizeNestedCondBranches	0x22bc71e	true
45	ConvertVTGReadWrite	0x22bc739	true
46	DoVirtualCTAExpansion	0x22bc74d	true
47	MarkAdditionalColdBlocks	0x22bc763	true
48	ExpandMbarrier	0x22bc77c	true
49	ForwardProgress	0x22bc78b	true
50	OptimizeUniformAtomic	0x22bc79b	true
51	MidExpansion	0x22bc7b1	true
52	AdvancedPhaseAfterMidExpansion	0x22bcf58	true
53	GeneralOptimizeMid2	0x22bc7be	true
54	AdvancedPhaseEarlyEnforceArgs	0x22bc7d2	true
55	EnforceArgumentRestrictions	0x22bc7f0	true
56	GvnCse	0x22bc80c	true
57	OriCommoning	0x22bc94d	true
58	OriReassociateAndCommon	0x22bc813	true
59	ExtractShaderConstsFinal	0x22bc82b	true
60	OriReplaceEquivMultiDefMov	0x22bc844	true
61	OriPropagateVaryingFirst	0x22bc85f	true
62	OriDoRematEarly	0x22bc878	true
63	LateExpansion	0x22bc888	true
64	SpeculativeHoistComInsts	0x22bc896	true
65	RemoveASTToDefaultValues	0x22bc8af	true
66	GeneralOptimizeLate	0x22bc8c8	true
67	OriLoopFusion	0x22bc8dc	true
68	DoVTGMultiViewExpansion	0x22bc8ea	true
69	OriSimpleLiveDead	0x22bc50e	true
70	OriPerformLiveDeadThird	0x22bc902	true
71	OriRemoveRedundantMultiDefMov	0x22bc91a	true
72	OriDoPredication	0x22bc938	true
73	LateVectorization	0x21d3aba	true
74	LateOriCommoning	0x22bc949	true
75	GeneralOptimizeLate2	0x22bc95a	true
76	OriHoistInvariantsLate	0x22bc96f	true
77	SinkCodeIntoBlock	0x21b5e6c	true
78	DoKillMovement	0x22bc986	true
79	DoTexMovement	0x22bc995	true
80	OriDoRemat	0x22bc9a3	true
81	OriPropagateVaryingSecond	0x22bc9ae	true
82	OptimizeSyncInstructions	0x22bc9c8	true
83	AdvancedPhaseLateExpandSyncInstructions	0x22bcf78	true
84	LateExpandSyncInstructions	0x22bc9e1	true
85	ConvertAllMovPhiToMov	0x22bc9fc	true
86	ConvertToUniformReg	0x22bca12	true
87	LateArchOptimizeFirst	0x22bca26	true
88	UpdateAfterOptimize	0x22bca3c	true
89	AdvancedPhaseLateConvUnSup	0x22bca50	true
90	LateExpansionUnsupportedOps	0x22bca6b	true
91	LateMergeEquivalentConditionalFlow	0x22bcfa0	true
92	OriHoistInvariantsLate2	0x22bca87	true
93	LateExpansionUnsupportedOpsMid	0x22bcfc8	true
94	ExpandJmxComputation	0x22bca9f	true
95	LateArchOptimizeSecond	0x22bcab4	true
96	AdvancedPhaseBackPropVReg	0x22bcacb	true
97	OriBackCopyPropagate	0x22bcae5	true
98	OriSplitHighPressureLiveRanges	0x22bcfe8	true
99	OriPerformLiveDeadFourth	0x22bcafa	true
100	OriPropagateGmma	0x22bcb13	true
101	InsertPseudoUseDefForConvUR	0x22bcb24	true
102	FixupGmmaSequence	0x22bcb40	true
103	LateEnforceArgumentRestrictions	0x22bd008	true
104	OriHoistInvariantsLate3	0x22bcb52	true
105	AdvancedPhaseSetRegAttr	0x22bcb6a	true
106	OriSetRegisterAttr	0x22bcb82	true
107	OriCalcDependantTex	0x22bcb95	true
108	AdvancedPhaseAfterSetRegAttr	0x22bcba9	true
109	LateExpansionUnsupportedOps2	0x22bcbc6	true
110	FinalInspectionPass	0x22bcbe3	true
111	SetAfterLegalization	0x22bcbf7	true
112	ReportBeforeScheduling	0x22bcc0c	true
113	AdvancedPhasePreSched	0x22bcc23	true
114	ScheduleInstructions	0x21db4a8	true
115	UpdateAfterScheduleInstructions	0x22bd028	true
116	BackPropagateVEC2D	0x22bcc39	true
117	OriDoSyncronization	0x22bcc4c	true
118	UpdateAfterOriDoSyncronization	0x22bd048	true
119	ApplyPostSyncronizationWars	0x22bcc60	true
120	ReportBeforeRegisterAllocation	0x22bd068	true
121	AdvancedPhaseAllocReg	0x22bcc7c	true
122	AllocateRegisters	0x21f0229	true
123	ReportAfterRegisterAllocation	0x22bcc92	true
124	UpdateAfterOriAllocateRegisters	0x22bd088	true
125	Get64bRegComponents	0x22bccb0	true
126	AdvancedPhasePostExpansion	0x22bccc4	true
127	PostExpansion	0x22bccd1	true
128	ApplyPostRegAllocWars	0x22bccdf	true
129	AdvancedPhasePostSched	0x22bccf5	true
130	OriRemoveNopCode	0x22bcd0c	true
131	OptimizeHotColdInLoop	0x22bcd1d	true
132	OptimizeHotColdFlow	0x22bcd33	true
133	PostSchedule	0x22bcd47	true
134	AdvancedPhasePostFixUp	0x22bcd54	true
135	PlaceBlocksInSourceOrder	0x22bcd6b	true
136	PostFixForMercTargets	0x22bcd84	true
137	FixUpTexDepBarAndSync	0x22bcd9a	true
138	AdvancedScoreboardsAndOpexes	0x22bcdb0	true
139	ProcessO0WaitsAndSBs	0x22bcdcd	true
140	PostFixUp	0x22bcd61	true
141	MercConverter	0x21e5c39	true
142	MercEncodeAndDecode	0x22bcde2	true
143	MercExpandInstructions	0x22bcdf6	true
144	MercGenerateWARs1	0x22bce0d	true
145	MercGenerateOpex	0x22bce1f	true
146	MercGenerateWARs2	0x22bce30	true
147	MercGenerateSassUCode	0x22bce42	true
148	ComputeVCallRegUse	0x22bce58	true
149	CalcRegisterMap	0x22bce6b	true
150	UpdateAfterPostRegAlloc	0x22bce7b	true
151	ReportFinalMemoryUsage	0x22bce93	true
152	AdvancedPhaseOriPhaseEncoding	0x22bceaa	true
153	FormatCodeList	0x22bced3	true
154	UpdateAfterFormatCodeList	0x22bcec8	true
155	DumpNVuCodeText	0x22bcee2	true
156	DumpNVuCodeHex	0x22bcef2	true
157	DebuggerBreak	0x22bcf01	false
158	NOP	0x21e6c80	false
