record_idx	record_va	typelist_va	header	type_count	type_ids	constraint_flags
0	0x22B8900	0x22B8960	[2, 2, 3, 0, 0, 2, 1, 3]	21	[1, 2, 3, 4, 8, 16, 5, 6, 7, 14, 17, 12, 19, 20, 21, 22, 23, 24, 9, 10]	[0, 0, 0, 0, 0]
1	0x22B8A00	0x22B8A60	[0, 1, 1, 1, 2, 2, 2, 2]	20	[1, 2, 3, 4, 16, 5, 6, 7, 14, 17, 12, 19, 20, 21, 22, 23, 24, 8, 10]	[0, 0, 0, 0, 0]
2	0x22B8B00	0x22B8B60	[1, 1, 1, 2, 2, 2, 2, 2]	15	[1, 2, 3, 4, 8, 5, 6, 16, 19, 22, 20, 23, 9, 10]	[0, 0, 0, 0, 0]
3	0x22B8C00	0x22B8C60	[1, 1, 1, 1, 2, 2, 0, 0]	14	[1, 2, 3, 4, 5, 6, 16, 19, 22, 20, 23, 8, 10]	[0, 0, 0, 0, 0]
4	0x22B8D00	0x22B8D60	[1, 1, 1, 2, 2, 0, 0, 0]	13	[1, 2, 3, 4, 5, 6, 16, 19, 22, 20, 23, 8]	[0, 0, 0, 0, 0]
5	0x22B8E00	0x22B8E60	[1, 1, 1, 2, 0, 0, 0, 0]	14	[1, 2, 3, 4, 8, 5, 6, 16, 19, 22, 20, 23, 9]	[0, 0, 0, 0, 0]
6	0x22B8F00	0x22B8F60	[1, 1, 1, 1, 2, 0, 0, 0]	13	[1, 2, 3, 4, 5, 6, 16, 19, 22, 20, 23, 8]	[0, 0, 0, 0, 0]
7	0x22B9000	0x22B9060	[1, 1, 1, 2, 0, 0, 0, 0]	12	[1, 2, 3, 4, 16, 5, 6, 7, 8, 14, 9]	[0, 0, 0, 0, 0]
8	0x22B9100	0x22B9160	[1, 1, 2, 0, 0, 0, 0, 0]	11	[1, 2, 3, 4, 16, 5, 6, 7, 14, 8]	[0, 0, 0, 0, 0]
9	0x22B9200	0x22B9260	[1, 2, 0, 0, 0, 0, 0, 0]	7	[1, 2, 3, 8, 25, 9]	[0, 0, 0, 0, 0]
10	0x22B9300	0x22B9360	[0, 0, 0, 0, 0, 0, 0, 0]	6	[1, 2, 3, 25, 8]	[0, 0, 0, 0, 0]
11	0x22B9400	0x22B9460	[0, 0, 0, 0, 0, 0, 0, 0]	15	[1, 2, 3, 4, 16, 5, 6, 7, 8, 17, 18, 12, 9, 10]	[0, 0, 0, 0, 0]
12	0x22B9500	0x22B9560	[1, 1, 1, 1, 2, 2, 0, 0]	14	[1, 2, 3, 4, 16, 5, 6, 7, 17, 18, 12, 8, 10]	[0, 0, 0, 0, 0]
13	0x22B9600	0x22B9660	[1, 1, 1, 2, 2, 0, 0, 0]	13	[1, 2, 3, 4, 16, 5, 6, 7, 17, 18, 12, 8]	[0, 0, 0, 0, 0]
14	0x22B9700	0x22B9760	[1, 1, 1, 2, 0, 0, 0, 0]	13	[1, 2, 3, 4, 16, 5, 6, 7, 8, 17, 12, 9]	[0, 0, 0, 0, 0]
15	0x22B9800	0x22B9860	[1, 1, 1, 2, 0, 0, 0, 0]	12	[1, 2, 3, 4, 16, 5, 6, 7, 17, 12, 8]	[0, 0, 0, 0, 0]
16	0x22B9900	0x22B9960	[1, 1, 2, 0, 0, 0, 0, 0]	15	[1, 2, 3, 4, 16, 5, 6, 7, 8, 14, 17, 15, 9, 10]	[0, 0, 0, 0, 0]
17	0x22B9A00	0x22B9A60	[1, 1, 1, 1, 2, 2, 0, 0]	14	[1, 2, 3, 4, 16, 5, 6, 7, 14, 17, 15, 8, 10]	[0, 0, 0, 0, 0]
18	0x22B9B00	0x22B9B60	[1, 1, 1, 2, 2, 0, 0, 0]	13	[1, 2, 3, 4, 16, 5, 6, 7, 14, 17, 15, 8]	[0, 0, 0, 0, 0]
19	0x22B9C00	0x22B9C60	[1, 1, 1, 2, 0, 0, 0, 0]	15	[1, 2, 3, 4, 16, 5, 6, 7, 8, 14, 17, 12, 9, 10]	[0, 0, 0, 0, 0]
20	0x22B9D00	0x22B9D60	[1, 1, 1, 1, 2, 2, 0, 0]	14	[1, 2, 3, 4, 16, 5, 6, 7, 14, 17, 12, 8, 10]	[0, 0, 0, 0, 0]
21	0x22B9E00	0x22B9E60	[1, 1, 1, 2, 2, 0, 0, 0]	13	[1, 2, 3, 4, 16, 5, 6, 7, 14, 17, 12, 8]	[0, 0, 0, 0, 0]
22	0x22B9F00	0x22B9F60	[1, 1, 1, 2, 0, 0, 0, 0]	13	[1, 2, 3, 4, 8, 5, 6, 16, 19, 22, 20, 23]	[0, 0, 0, 0, 0]
23	0x22BA000	0x22BA060	[1, 1, 1, 1, 0, 0, 0, 0]	11	[1, 2, 3, 4, 16, 5, 6, 7, 8, 14]	[0, 0, 0, 0, 0]
24	0x22BA100	0x22BA160	[1, 1, 0, 0, 0, 0, 0, 0]	20	[1, 2, 3, 4, 8, 16, 5, 6, 7, 14, 17, 12, 19, 20, 21, 22, 23, 24, 10]	[0, 0, 0, 0, 0]
25	0x22BA200	0x22BA260	[0, 1, 1, 1, 2, 2, 2, 2]	14	[1, 2, 3, 4, 8, 5, 6, 16, 19, 22, 20, 23, 10]	[0, 0, 0, 0, 0]
26	0x22BA300	0x22BA360	[1, 1, 1, 1, 2, 0, 0, 0]	14	[1, 2, 3, 4, 16, 5, 6, 7, 8, 17, 18, 12, 10]	[0, 0, 0, 0, 0]
27	0x22BA400	0x22BA460	[1, 1, 1, 1, 2, 0, 0, 0]	14	[1, 2, 3, 4, 16, 5, 6, 7, 8, 14, 17, 15, 10]	[0, 0, 0, 0, 0]
28	0x22BA500	0x22BA560	[1, 1, 1, 1, 2, 0, 0, 0]	14	[1, 2, 3, 4, 16, 5, 6, 7, 8, 14, 17, 12, 10]	[0, 0, 0, 0, 0]
29	0x22BA600	0x22BA660	[1, 1, 1, 1, 2, 0, 0, 0]	19	[1, 2, 3, 4, 8, 16, 5, 6, 7, 14, 17, 12, 19, 20, 21, 22, 23, 24]	[0, 0, 0, 0, 0]
30	0x22BA700	0x22BA760	[0, 1, 1, 1, 2, 2, 2, 2]	13	[1, 2, 3, 4, 8, 5, 6, 16, 19, 22, 20, 23]	[0, 0, 0, 0, 0]
31	0x22BA800	0x22BA860	[1, 1, 1, 1, 0, 0, 0, 0]	13	[1, 2, 3, 4, 16, 5, 6, 7, 8, 17, 18, 12]	[0, 0, 0, 0, 0]
32	0x22BA900	0x22BA960	[1, 1, 1, 1, 0, 0, 0, 0]	12	[1, 2, 3, 4, 16, 5, 6, 7, 8, 17, 12]	[0, 0, 0, 0, 0]
33	0x22BAA00	0x22BAA60	[1, 1, 1, 0, 0, 0, 0, 0]	13	[1, 2, 3, 4, 16, 5, 6, 7, 8, 14, 17, 15]	[0, 0, 0, 0, 0]
34	0x22BAB00	0x22BAB60	[1, 1, 1, 1, 0, 0, 0, 0]	13	[1, 2, 3, 4, 16, 5, 6, 7, 8, 14, 17, 12]	[0, 0, 0, 0, 0]
35	0x22BAC00	0x22BAC60	[1, 1, 1, 1, 0, 0, 0, 0]	6	[1, 2, 3, 8, 25]	[0, 0, 0, 0, 0]
36	0x22BAD00	0x22BAD60	[0, 0, 0, 0, 0, 0, 0, 0]	18	[1, 2, 3, 8, 16, 5, 6, 7, 14, 17, 12, 19, 20, 21, 22, 23, 24]	[0, 0, 0, 0, 0]
37	0x22BAE00	0x22BAE60	[1, 1, 1, 2, 2, 2, 2, 2]	12	[1, 2, 3, 8, 16, 5, 6, 19, 22, 20, 23]	[0, 0, 0, 0, 0]
38	0x22BAF00	0x22BAF60	[1, 1, 1, 0, 0, 0, 0, 0]	7	[1, 2, 3, 5, 6, 7]	[0, 0, 0, 0, 0]
39	0x22BB000	0x22BB060	[0, 0, 0, 0, 0, 0, 0, 0]	12	[1, 2, 3, 16, 5, 6, 7, 8, 17, 18, 12]	[0, 0, 0, 0, 0]
40	0x22BB100	0x22BB160	[1, 1, 1, 0, 0, 0, 0, 0]	11	[1, 2, 3, 16, 5, 6, 7, 8, 17, 12]	[0, 0, 0, 0, 0]
41	0x22BB200	0x22BB260	[1, 1, 0, 0, 0, 0, 0, 0]	12	[1, 2, 3, 16, 5, 6, 7, 8, 14, 15, 17]	[0, 0, 0, 0, 0]
42	0x22BB300	0x22BB360	[1, 1, 1, 0, 0, 0, 0, 0]	13	[1, 2, 3, 16, 5, 6, 7, 8, 14, 17, 12, 11]	[0, 0, 0, 0, 0]
43	0x22BB400	0x22BB460	[1, 1, 1, 2, 0, 0, 0, 0]	12	[1, 2, 3, 16, 5, 6, 7, 8, 14, 17, 12]	[0, 0, 0, 0, 0]
