class	index	abi_value	name	handler	bit_actions	status
CUDA	0	0	R_CUDA_NONE	NVRH_NONE	(none)	baseline
CUDA	1	1	R_CUDA_32	NVRH_EITHER	bits[0..31]=ADDR>>0	baseline
CUDA	2	2	R_CUDA_64	NVRH_EITHER	bits[0..63]=ADDR>>0	baseline
CUDA	3	3	R_CUDA_G32	NVRH_DRIVER	bits[0..31]=GADDR>>0	baseline
CUDA	4	4	R_CUDA_G64	NVRH_DRIVER	bits[0..63]=GADDR>>0	baseline
CUDA	5	5	R_CUDA_ABS32_26	NVRH_EITHER	bits[26..57]=ADDR>>0	baseline
CUDA	6	6	R_CUDA_TEX_HEADER_INDEX	NVRH_DRIVER	bits[0..19]=HEADER>>0	baseline
CUDA	7	7	R_CUDA_SAMP_HEADER_INDEX	NVRH_DRIVER	bits[20..31]=HEADER>>0	baseline
CUDA	8	8	R_CUDA_SURF_HW_DESC	NVRH_DRIVER	bits[0..31]=HWDESC>>0	baseline
CUDA	9	9	R_CUDA_SURF_HW_SW_DESC	NVRH_DRIVER	bits[0..31]=HWSWDESC>>0	baseline
CUDA	10	10	R_CUDA_ABS32_LO_26	NVRH_EITHER	bits[26..57]=LOADDR>>0	baseline
CUDA	11	11	R_CUDA_ABS32_HI_26	NVRH_EITHER	bits[26..57]=HIADDR>>32	baseline
CUDA	12	12	R_CUDA_ABS32_23	NVRH_EITHER	bits[23..54]=ADDR>>0	baseline
CUDA	13	13	R_CUDA_ABS32_LO_23	NVRH_EITHER	bits[23..54]=LOADDR>>0	baseline
CUDA	14	14	R_CUDA_ABS32_HI_23	NVRH_EITHER	bits[23..54]=HIADDR>>32	baseline
CUDA	15	15	R_CUDA_ABS24_26	NVRH_LINKER	bits[26..49]=ADDR>>0	baseline
CUDA	16	16	R_CUDA_ABS24_23	NVRH_LINKER	bits[23..46]=ADDR>>0	baseline
CUDA	17	17	R_CUDA_ABS16_26	NVRH_LINKER	bits[26..41]=ADDR>>0	baseline
CUDA	18	18	R_CUDA_ABS16_23	NVRH_LINKER	bits[23..38]=ADDR>>0	baseline
CUDA	19	19	R_CUDA_TEX_SLOT	NVRH_LINKER	bits[32..39]=SLOT>>0	baseline
CUDA	20	20	R_CUDA_SAMP_SLOT	NVRH_LINKER	bits[40..44]=SLOT>>0	baseline
CUDA	21	21	R_CUDA_SURF_SLOT	NVRH_LINKER	bits[26..31]=SLOT>>0	baseline
CUDA	22	22	R_CUDA_TEX_BINDLESSOFF13_32	NVRH_LINKER	bits[32..44]=SHIFT2>>0	baseline
CUDA	23	23	R_CUDA_TEX_BINDLESSOFF13_47	NVRH_LINKER	bits[47..59]=SHIFT2>>0	baseline
CUDA	24	24	R_CUDA_CONST_FIELD19_28	NVRH_LINKER	bits[28..41]=SHIFT2>>0 ; bits[42..45]=CBANK>>0 ; bits[26..26]=CBANK4>>0	baseline
CUDA	25	25	R_CUDA_CONST_FIELD19_23	NVRH_LINKER	bits[23..36]=SHIFT2>>0 ; bits[37..41]=CBANK>>0	baseline
CUDA	26	26	R_CUDA_TEX_SLOT9_49	NVRH_LINKER	bits[49..57]=SLOT>>0	baseline
CUDA	27	27	R_CUDA_6_31	NVRH_LINKER	bits[31..36]=ADDR>>0	baseline
CUDA	28	28	R_CUDA_2_47	NVRH_LINKER	bits[47..48]=ADDR>>0	baseline
CUDA	29	29	R_CUDA_TEX_BINDLESSOFF13_41	NVRH_LINKER	bits[41..53]=SHIFT2>>0	baseline
CUDA	30	30	R_CUDA_TEX_BINDLESSOFF13_45	NVRH_LINKER	bits[45..57]=SHIFT2>>0	baseline
CUDA	31	31	R_CUDA_FUNC_DESC32_23	NVRH_DRIVER	bits[23..54]=FDESC>>0	baseline
CUDA	32	32	R_CUDA_FUNC_DESC32_LO_23	NVRH_DRIVER	bits[23..54]=LOFDESC>>0	baseline
CUDA	33	33	R_CUDA_FUNC_DESC32_HI_23	NVRH_DRIVER	bits[23..54]=HIFDESC>>32	baseline
CUDA	34	34	R_CUDA_FUNC_DESC_32	NVRH_DRIVER	bits[0..31]=FDESCA>>0	baseline
CUDA	35	35	R_CUDA_FUNC_DESC_64	NVRH_DRIVER	bits[0..63]=FDESCA>>0	baseline
CUDA	36	36	R_CUDA_CONST_FIELD21_26	NVRH_LINKER	bits[26..41]=ADDR>>0 ; bits[42..46]=CBANK>>0	baseline
CUDA	37	37	R_CUDA_QUERY_DESC21_37	NVRH_LINKER	bits[37..52]=ADDR>>0 ; bits[53..57]=CBANK>>0	baseline
CUDA	38	38	R_CUDA_CONST_FIELD19_26	NVRH_LINKER	bits[26..39]=SHIFT2>>0 ; bits[40..44]=CBANK>>0	baseline
CUDA	39	39	R_CUDA_CONST_FIELD21_23	NVRH_LINKER	bits[23..38]=ADDR>>0 ; bits[39..43]=CBANK>>0	baseline
CUDA	40	40	R_CUDA_PCREL_IMM24_26	NVRH_LINKER	bits[26..49]=PCREL>>0	baseline
CUDA	41	41	R_CUDA_PCREL_IMM24_23	NVRH_LINKER	bits[23..46]=PCREL>>0	baseline
CUDA	42	42	R_CUDA_ABS32_20	NVRH_EITHER	bits[20..51]=ADDR>>0	baseline
CUDA	43	43	R_CUDA_ABS32_LO_20	NVRH_EITHER	bits[20..51]=LOADDR>>0	baseline
CUDA	44	44	R_CUDA_ABS32_HI_20	NVRH_EITHER	bits[20..51]=HIADDR>>32	baseline
CUDA	45	45	R_CUDA_ABS24_20	NVRH_LINKER	bits[20..43]=ADDR>>0	baseline
CUDA	46	46	R_CUDA_ABS16_20	NVRH_LINKER	bits[20..35]=ADDR>>0	baseline
CUDA	47	47	R_CUDA_FUNC_DESC32_20	NVRH_DRIVER	bits[20..51]=FDESC>>0	baseline
CUDA	48	48	R_CUDA_FUNC_DESC32_LO_20	NVRH_DRIVER	bits[20..51]=LOFDESC>>0	baseline
CUDA	49	49	R_CUDA_FUNC_DESC32_HI_20	NVRH_DRIVER	bits[20..51]=HIFDESC>>32	baseline
CUDA	50	50	R_CUDA_CONST_FIELD19_20	NVRH_LINKER	bits[20..33]=SHIFT2>>0 ; bits[34..38]=CBANK>>0	baseline
CUDA	51	51	R_CUDA_BINDLESSOFF13_36	NVRH_LINKER	bits[36..48]=SHIFT2>>0	baseline
CUDA	52	52	R_CUDA_SURF_HEADER_INDEX	NVRH_DRIVER	bits[0..19]=HEADER>>0	baseline
CUDA	53	53	R_CUDA_INSTRUCTION64	NVRH_DRIVER	bits[0..63]=INST>>0	baseline
CUDA	54	54	R_CUDA_CONST_FIELD21_20	NVRH_LINKER	bits[20..35]=ADDR>>0 ; bits[36..40]=CBANK>>0	baseline
CUDA	55	55	R_CUDA_ABS32_32	NVRH_EITHER	bits[32..63]=ADDR>>0	baseline
CUDA	56	56	R_CUDA_ABS32_LO_32	NVRH_EITHER	bits[32..63]=LOADDR>>0	baseline
CUDA	57	57	R_CUDA_ABS32_HI_32	NVRH_EITHER	bits[32..63]=HIADDR>>32	baseline
CUDA	58	58	R_CUDA_ABS47_34	NVRH_DRIVER	bits[34..80]=SHIFT2>>0	baseline
CUDA	59	59	R_CUDA_ABS16_32	NVRH_LINKER	bits[32..47]=ADDR>>0	baseline
CUDA	60	60	R_CUDA_ABS24_32	NVRH_LINKER	bits[32..55]=ADDR>>0	baseline
CUDA	61	61	R_CUDA_FUNC_DESC32_32	NVRH_DRIVER	bits[32..63]=FDESC>>0	baseline
CUDA	62	62	R_CUDA_FUNC_DESC32_LO_32	NVRH_DRIVER	bits[32..63]=LOFDESC>>0	baseline
CUDA	63	63	R_CUDA_FUNC_DESC32_HI_32	NVRH_DRIVER	bits[32..63]=HIFDESC>>32	baseline
CUDA	64	64	R_CUDA_CONST_FIELD19_40	NVRH_LINKER	bits[40..53]=SHIFT2>>0 ; bits[54..58]=CBANK>>0	baseline
CUDA	65	65	R_CUDA_BINDLESSOFF14_40	NVRH_LINKER	bits[40..53]=SHIFT2>>0	baseline
CUDA	66	66	R_CUDA_CONST_FIELD21_38	NVRH_LINKER	bits[38..53]=ADDR>>0 ; bits[54..58]=CBANK>>0	baseline
CUDA	67	67	R_CUDA_INSTRUCTION128	NVRH_DRIVER	bits[0..127]=INST>>0	baseline
CUDA	68	68	R_CUDA_YIELD_OPCODE9_0	NVRH_LINKER	bits[0..8]=INST_OPCODE>>0	baseline
CUDA	69	69	R_CUDA_YIELD_CLEAR_PRED4_87	NVRH_LINKER	bits[87..90]=INST_FIELD_CLEAR>>0	baseline
CUDA	70	70	R_CUDA_32_LO	NVRH_EITHER	bits[0..31]=LOADDR>>0	baseline
CUDA	71	71	R_CUDA_32_HI	NVRH_EITHER	bits[0..31]=HIADDR>>32	baseline
CUDA	72	72	R_CUDA_UNUSED_CLEAR32	NVRH_LINKER	bits[0..31]=CLEAR>>0	baseline
CUDA	73	73	R_CUDA_UNUSED_CLEAR64	NVRH_LINKER	bits[0..63]=CLEAR>>0	baseline
CUDA	74	74	R_CUDA_ABS24_40	NVRH_LINKER	bits[40..63]=ADDR>>0	baseline
CUDA	75	75	R_CUDA_ABS55_16_34	NVRH_DRIVER	bits[16..23]=SHIFT2>>2 ; bits[34..80]=SHIFT8>>10	baseline
CUDA	76	76	R_CUDA_8_0	NVRH_EITHER	bits[0..7]=ADDR8_0>>0	baseline
CUDA	77	77	R_CUDA_8_8	NVRH_EITHER	bits[0..7]=ADDR8_8>>8	baseline
CUDA	78	78	R_CUDA_8_16	NVRH_EITHER	bits[0..7]=ADDR8_16>>16	baseline
CUDA	79	79	R_CUDA_8_24	NVRH_EITHER	bits[0..7]=ADDR8_24>>24	baseline
CUDA	80	80	R_CUDA_8_32	NVRH_EITHER	bits[0..7]=ADDR8_32>>32	baseline
CUDA	81	81	R_CUDA_8_40	NVRH_EITHER	bits[0..7]=ADDR8_40>>40	baseline
CUDA	82	82	R_CUDA_8_48	NVRH_EITHER	bits[0..7]=ADDR8_48>>48	baseline
CUDA	83	83	R_CUDA_8_56	NVRH_EITHER	bits[0..7]=ADDR8_56>>56	baseline
CUDA	84	84	R_CUDA_G8_0	NVRH_DRIVER	bits[0..7]=GADDR8_0>>0	baseline
CUDA	85	85	R_CUDA_G8_8	NVRH_DRIVER	bits[0..7]=GADDR8_8>>8	baseline
CUDA	86	86	R_CUDA_G8_16	NVRH_DRIVER	bits[0..7]=GADDR8_16>>16	baseline
CUDA	87	87	R_CUDA_G8_24	NVRH_DRIVER	bits[0..7]=GADDR8_24>>24	baseline
CUDA	88	88	R_CUDA_G8_32	NVRH_DRIVER	bits[0..7]=GADDR8_32>>32	baseline
CUDA	89	89	R_CUDA_G8_40	NVRH_DRIVER	bits[0..7]=GADDR8_40>>40	baseline
CUDA	90	90	R_CUDA_G8_48	NVRH_DRIVER	bits[0..7]=GADDR8_48>>48	baseline
CUDA	91	91	R_CUDA_G8_56	NVRH_DRIVER	bits[0..7]=GADDR8_56>>56	baseline
CUDA	92	92	R_CUDA_FUNC_DESC_8_0	NVRH_DRIVER	bits[0..7]=FDESC8_0>>0	baseline
CUDA	93	93	R_CUDA_FUNC_DESC_8_8	NVRH_DRIVER	bits[0..7]=FDESC8_8>>8	baseline
CUDA	94	94	R_CUDA_FUNC_DESC_8_16	NVRH_DRIVER	bits[0..7]=FDESC8_16>>16	baseline
CUDA	95	95	R_CUDA_FUNC_DESC_8_24	NVRH_DRIVER	bits[0..7]=FDESC8_24>>24	baseline
CUDA	96	96	R_CUDA_FUNC_DESC_8_32	NVRH_DRIVER	bits[0..7]=FDESC8_32>>32	baseline
CUDA	97	97	R_CUDA_FUNC_DESC_8_40	NVRH_DRIVER	bits[0..7]=FDESC8_40>>40	baseline
CUDA	98	98	R_CUDA_FUNC_DESC_8_48	NVRH_DRIVER	bits[0..7]=FDESC8_48>>48	baseline
CUDA	99	99	R_CUDA_FUNC_DESC_8_56	NVRH_DRIVER	bits[0..7]=FDESC8_56>>56	baseline
CUDA	100	100	R_CUDA_ABS20_44	NVRH_LINKER	bits[44..63]=ADDR>>0	baseline
CUDA	101	101	R_CUDA_SAMP_HEADER_INDEX_0	NVRH_DRIVER	bits[0..11]=HEADER>>0	baseline
CUDA	102	102	R_CUDA_UNIFIED	NVRH_DRIVER	bits[0..63]=UADDR>>0	baseline
CUDA	103	103	R_CUDA_UNIFIED_32	NVRH_DRIVER	bits[0..31]=UADDR>>0	baseline
CUDA	104	104	R_CUDA_UNIFIED_8_0	NVRH_DRIVER	bits[0..7]=UADDR8_0>>0	baseline
CUDA	105	105	R_CUDA_UNIFIED_8_8	NVRH_DRIVER	bits[0..7]=UADDR8_8>>8	baseline
CUDA	106	106	R_CUDA_UNIFIED_8_16	NVRH_DRIVER	bits[0..7]=UADDR8_16>>16	baseline
CUDA	107	107	R_CUDA_UNIFIED_8_24	NVRH_DRIVER	bits[0..7]=UADDR8_24>>24	baseline
CUDA	108	108	R_CUDA_UNIFIED_8_32	NVRH_DRIVER	bits[0..7]=UADDR8_32>>32	baseline
CUDA	109	109	R_CUDA_UNIFIED_8_40	NVRH_DRIVER	bits[0..7]=UADDR8_40>>40	baseline
CUDA	110	110	R_CUDA_UNIFIED_8_48	NVRH_DRIVER	bits[0..7]=UADDR8_48>>48	baseline
CUDA	111	111	R_CUDA_UNIFIED_8_56	NVRH_DRIVER	bits[0..7]=UADDR8_56>>56	baseline
CUDA	112	112	R_CUDA_UNIFIED32_LO_32	NVRH_DRIVER	bits[32..63]=LOUADDR>>0	baseline
CUDA	113	113	R_CUDA_UNIFIED32_HI_32	NVRH_DRIVER	bits[32..63]=HIUADDR>>32	baseline
CUDA	114	114	R_CUDA_ABS56_16_34	NVRH_DRIVER	bits[16..23]=SHIFT2>>2 ; bits[34..81]=SHIFT8>>10	NEW
CUDA	115	115	R_CUDA_CONST_FIELD22_37	NVRH_LINKER	bits[37..53]=ADDR>>0 ; bits[54..58]=CBANK>>0	NEW
CUDA	116	116	R_CUDA_NONE_LAST	NVRH_NONE	(none)	moved
MERCURY	0	0x10000	R_MERCURY_NONE	NVRH_NONE	(none)	baseline
MERCURY	1	0x10001	R_MERCURY_G64	NVRH_DRIVER	bits[0..63]=ADDR>>0	baseline
MERCURY	2	0x10002	R_MERCURY_ABS64	NVRH_EITHER	bits[0..63]=ADDR>>0	baseline
MERCURY	3	0x10003	R_MERCURY_ABS32	NVRH_EITHER	bits[0..31]=ADDR>>0	baseline
MERCURY	4	0x10004	R_MERCURY_ABS16	NVRH_EITHER	bits[0..15]=ADDR>>0	baseline
MERCURY	5	0x10005	R_MERCURY_ABS32_LO	NVRH_DRIVER	bits[0..31]=LOADDR>>0	baseline
MERCURY	6	0x10006	R_MERCURY_ABS32_HI	NVRH_DRIVER	bits[0..31]=HIADDR>>32	baseline
MERCURY	7	0x10007	R_MERCURY_PROG_REL64	NVRH_FINALIZER	bits[0..63]=ADDR>>0	baseline
MERCURY	8	0x10008	R_MERCURY_PROG_REL32	NVRH_FINALIZER	bits[0..31]=ADDR>>0	baseline
MERCURY	9	0x10009	R_MERCURY_PROG_REL32_LO	NVRH_FINALIZER	bits[0..31]=ADDR>>0	baseline
MERCURY	10	0x1000a	R_MERCURY_PROG_REL32_HI	NVRH_FINALIZER	bits[0..31]=ADDR>>32	baseline
MERCURY	11	0x1000b	R_MERCURY_TEX_HEADER_INDEX	NVRH_DRIVER	bits[0..19]=HEADER>>0	baseline
MERCURY	12	0x1000c	R_MERCURY_SAMP_HEADER_INDEX	NVRH_DRIVER	bits[20..31]=HEADER>>0	baseline
MERCURY	13	0x1000d	R_MERCURY_SURF_HEADER_INDEX	NVRH_DRIVER	bits[0..19]=HEADER>>0	baseline
MERCURY	14	0x1000e	R_MERCURY_UNUSED_CLEAR64	NVRH_LINKER	bits[0..63]=CLEAR>>0	baseline
MERCURY	15	0x1000f	R_MERCURY_FUNC_DESC_64	NVRH_DRIVER	bits[0..63]=FDESCA>>0	baseline
MERCURY	16	0x10010	R_MERCURY_8_0	NVRH_EITHER	bits[0..7]=ADDR8_0>>0	baseline
MERCURY	17	0x10011	R_MERCURY_8_8	NVRH_EITHER	bits[0..7]=ADDR8_8>>8	baseline
MERCURY	18	0x10012	R_MERCURY_8_16	NVRH_EITHER	bits[0..7]=ADDR8_16>>16	baseline
MERCURY	19	0x10013	R_MERCURY_8_24	NVRH_EITHER	bits[0..7]=ADDR8_24>>24	baseline
MERCURY	20	0x10014	R_MERCURY_8_32	NVRH_EITHER	bits[0..7]=ADDR8_32>>32	baseline
MERCURY	21	0x10015	R_MERCURY_8_40	NVRH_EITHER	bits[0..7]=ADDR8_40>>40	baseline
MERCURY	22	0x10016	R_MERCURY_8_48	NVRH_EITHER	bits[0..7]=ADDR8_48>>48	baseline
MERCURY	23	0x10017	R_MERCURY_8_56	NVRH_EITHER	bits[0..7]=ADDR8_56>>56	baseline
MERCURY	24	0x10018	R_MERCURY_G8_0	NVRH_DRIVER	bits[0..7]=GADDR8_0>>0	baseline
MERCURY	25	0x10019	R_MERCURY_G8_8	NVRH_DRIVER	bits[0..7]=GADDR8_8>>8	baseline
MERCURY	26	0x1001a	R_MERCURY_G8_16	NVRH_DRIVER	bits[0..7]=GADDR8_16>>16	baseline
MERCURY	27	0x1001b	R_MERCURY_G8_24	NVRH_DRIVER	bits[0..7]=GADDR8_24>>24	baseline
MERCURY	28	0x1001c	R_MERCURY_G8_32	NVRH_DRIVER	bits[0..7]=GADDR8_32>>32	baseline
MERCURY	29	0x1001d	R_MERCURY_G8_40	NVRH_DRIVER	bits[0..7]=GADDR8_40>>40	baseline
MERCURY	30	0x1001e	R_MERCURY_G8_48	NVRH_DRIVER	bits[0..7]=GADDR8_48>>48	baseline
MERCURY	31	0x1001f	R_MERCURY_G8_56	NVRH_DRIVER	bits[0..7]=GADDR8_56>>56	baseline
MERCURY	32	0x10020	R_MERCURY_FUNC_DESC_8_0	NVRH_DRIVER	bits[0..7]=FDESC8_0>>0	baseline
MERCURY	33	0x10021	R_MERCURY_FUNC_DESC_8_8	NVRH_DRIVER	bits[0..7]=FDESC8_8>>8	baseline
MERCURY	34	0x10022	R_MERCURY_FUNC_DESC_8_16	NVRH_DRIVER	bits[0..7]=FDESC8_16>>16	baseline
MERCURY	35	0x10023	R_MERCURY_FUNC_DESC_8_24	NVRH_DRIVER	bits[0..7]=FDESC8_24>>24	baseline
MERCURY	36	0x10024	R_MERCURY_FUNC_DESC_8_32	NVRH_DRIVER	bits[0..7]=FDESC8_32>>32	baseline
MERCURY	37	0x10025	R_MERCURY_FUNC_DESC_8_40	NVRH_DRIVER	bits[0..7]=FDESC8_40>>40	baseline
MERCURY	38	0x10026	R_MERCURY_FUNC_DESC_8_48	NVRH_DRIVER	bits[0..7]=FDESC8_48>>48	baseline
MERCURY	39	0x10027	R_MERCURY_FUNC_DESC_8_56	NVRH_DRIVER	bits[0..7]=FDESC8_56>>56	baseline
MERCURY	40	0x10028	R_MERCURY_ABS_PROG_REL32_LO	NVRH_DRIVER	bits[0..31]=PCREL>>0	baseline
MERCURY	41	0x10029	R_MERCURY_ABS_PROG_REL32_HI	NVRH_DRIVER	bits[0..31]=PCREL>>32	baseline
MERCURY	42	0x1002a	R_MERCURY_PROG_REL8_0	NVRH_FINALIZER	bits[0..7]=ADDR8_0>>0	baseline
MERCURY	43	0x1002b	R_MERCURY_PROG_REL8_8	NVRH_FINALIZER	bits[0..7]=ADDR8_8>>8	baseline
MERCURY	44	0x1002c	R_MERCURY_PROG_REL8_16	NVRH_FINALIZER	bits[0..7]=ADDR8_16>>16	baseline
MERCURY	45	0x1002d	R_MERCURY_PROG_REL8_24	NVRH_FINALIZER	bits[0..7]=ADDR8_24>>24	baseline
MERCURY	46	0x1002e	R_MERCURY_PROG_REL8_32	NVRH_FINALIZER	bits[0..7]=ADDR8_32>>32	baseline
MERCURY	47	0x1002f	R_MERCURY_PROG_REL8_40	NVRH_FINALIZER	bits[0..7]=ADDR8_40>>40	baseline
MERCURY	48	0x10030	R_MERCURY_PROG_REL8_48	NVRH_FINALIZER	bits[0..7]=ADDR8_48>>48	baseline
MERCURY	49	0x10031	R_MERCURY_PROG_REL8_56	NVRH_FINALIZER	bits[0..7]=ADDR8_56>>56	baseline
MERCURY	50	0x10032	R_MERCURY_UNIFIED	NVRH_DRIVER	bits[0..31]=UADDR>>0	baseline
MERCURY	51	0x10033	R_MERCURY_UNIFIED_32	NVRH_DRIVER	bits[0..63]=UADDR>>0	baseline
MERCURY	52	0x10034	R_MERCURY_UNIFIED_8_0	NVRH_DRIVER	bits[0..7]=UADDR8_0>>0	baseline
MERCURY	53	0x10035	R_MERCURY_UNIFIED_8_8	NVRH_DRIVER	bits[0..7]=UADDR8_8>>8	baseline
MERCURY	54	0x10036	R_MERCURY_UNIFIED_8_16	NVRH_DRIVER	bits[0..7]=UADDR8_16>>16	baseline
MERCURY	55	0x10037	R_MERCURY_UNIFIED_8_24	NVRH_DRIVER	bits[0..7]=UADDR8_24>>24	baseline
MERCURY	56	0x10038	R_MERCURY_UNIFIED_8_32	NVRH_DRIVER	bits[0..7]=UADDR8_32>>32	baseline
MERCURY	57	0x10039	R_MERCURY_UNIFIED_8_40	NVRH_DRIVER	bits[0..7]=UADDR8_40>>40	baseline
MERCURY	58	0x1003a	R_MERCURY_UNIFIED_8_48	NVRH_DRIVER	bits[0..7]=UADDR8_48>>48	baseline
MERCURY	59	0x1003b	R_MERCURY_UNIFIED_8_56	NVRH_DRIVER	bits[0..7]=UADDR8_56>>56	baseline
MERCURY	60	0x1003c	R_MERCURY_ABS_PROG_REL32	NVRH_DRIVER	bits[0..31]=PCREL>>0	baseline
MERCURY	61	0x1003d	R_MERCURY_ABS_PROG_REL64	NVRH_DRIVER	bits[0..63]=PCREL>>0	baseline
MERCURY	62	0x1003e	R_MERCURY_UNIFIED32_LO	NVRH_DRIVER	bits[0..31]=LOUADDR>>0	baseline
MERCURY	63	0x1003f	R_MERCURY_UNIFIED32_HI	NVRH_DRIVER	bits[0..31]=HIUADDR>>32	baseline
MERCURY	64	0x10040	R_MERCURY_NONE_LAST	NVRH_NONE	(none)	baseline
