va	length	rot13_raw	decoded_sass	is_template
0x21C5E00	32	FLAPF.NEEVIR.N1GE.NEG0.N0GE.N0GK	SYNCS.ARRIVE.A1TR.ART0.A0TR.A0TX	True
0x21C5E30	22	FLAPF.NEEVIR.N1G0.N0G1	SYNCS.ARRIVE.A1T0.A0T1	True
0x21C5E47	4	FHFG	SUST	False
0x21C5E4C	5	FHERQ	SURED	False
0x21C5E58	7	FHDHREL	SUQUERY	False
0x21C5E60	4	FHYQ	SULD	False
0x21C5E65	6	FHNGBZ	SUATOM	False
0x21C5E6C	4	FGGZ	STTM	False
0x21C5E71	3	FGG	STT	False
0x21C5E75	4	FGFZ	STSM	False
0x21C5E7A	3	FGF	STS	False
0x21C5E7E	3	FGY	STL	False
0x21C5E82	3	FGT	STG	False
0x21C5E86	4	FGNF	STAS	False
0x21C5E8B	2	FG	ST	False
0x21C5E90	10	FCZRGNQNGN	SPMETADATA	False
0x21C5EA0	8	FCNEFVSL	SPARSIFY	False
0x21C5EA9	3	FUE	SHR	False
0x21C5EAD	3	FUY	SHL	False
0x21C5EB1	4	FUSY	SHFL	False
0x21C5EB6	3	FUS	SHF	False
0x21C5EBA	4	FTKG	SGXT	False
0x21C5EC0	11	FRGYZRZONFR	SETLMEMBASE	False
0x21C5ED0	8	FRGPGNVQ	SETCTAID	False
0x21C5EE0	9	FRY.64.YB	SEL.64.LO	True
0x21C5EF0	9	FRY.64.UV	SEL.64.HI	True
0x21C5EFA	6	FRY.64	SEL.64	True
0x21C5F01	3	FRY	SEL	False
0x21C5F08	7	FPNGGRE	SCATTER	False
0x21C5F10	4	F2HE	S2UR	False
0x21C5F15	3	F2E	S2R	False
0x21C5F19	3	EGG	RTT	False
0x21C5F20	9	ECPZBI.64	RPCMOV.64	True
0x21C5F30	14	ECPZBI.32.ERNQ	RPCMOV.32.READ	True
0x21C5F40	9	ECPZBI.32	RPCMOV.32	True
0x21C5F4A	6	ECPZBI	RPCMOV	False
0x21C5F51	3	ERG	RET	False
0x21C5F55	5	ERQHK	REDUX	False
0x21C5F5B	4	ERQT	REDG	False
0x21C5F60	5	ERQNF	REDAS	False
0x21C5F66	3	ERQ	RED	False
0x21C5F6A	4	E2HE	R2UR	False
0x21C5F6F	3	E2C	R2P	False
0x21C5F73	3	E2O	R2B	False
0x21C5F77	4	DFCP	QSPC	False
0x21C5F7C	5	DZHY4	QMUL4	False
0x21C5F88	13	DZZN.FC.16864	QMMA.SP.16864	True
0x21C5F98	13	DZZN.FC.16832	QMMA.SP.16832	True
0x21C5FA8	10	DZZN.FS.FC	QMMA.SF.SP	True
0x21C5FB8	7	DZZN.FS	QMMA.SF	True
0x21C5FC0	10	DZZN.16832	QMMA.16832	True
0x21C5FD0	10	DZZN.16816	QMMA.16816	True
0x21C5FDB	4	DZZN	QMMA	False
0x21C5FE0	9	DTZZN_TFO	QGMMA_GSB	False
0x21C5FEA	5	DTZZN	QGMMA	False
0x21C5FF0	5	DSZN4	QFMA4	False
0x21C5FF6	5	DNQQ4	QADD4	False
0x21C5FFC	5	CFRGC	PSETP	False
0x21C6002	4	CEZG	PRMT	False
0x21C6008	7	CERRKVG	PREEXIT	False
0x21C6010	4	CBCP	POPC	False
0x21C6015	6	CZGEVT	PMTRIG	False
0x21C601C	5	CYBC3	PLOP3	False
0x21C6022	5	CVKYQ	PIXLD	False
0x21C6028	3	C2E	P2R	False
0x21C6030	9	BHG.SVANY	OUT.FINAL	True
0x21C603A	3	BHG	OUT	False
0x21C6040	7	BZZN.FC	OMMA.SP	True
0x21C6048	4	BZZN	OMMA	False
0x21C604D	3	ABC	NOP	False
0x21C6060	18	ANABGENC (jvgu Eo)	NANOTRAP (with Rb)	False
0x21C6078	8	ANABGENC	NANOTRAP	False
0x21C6090	19	ANABFYRRC (jvgu Eo)	NANOSLEEP (with Rb)	False
0x21C60A8	9	ANABFYRRC	NANOSLEEP	False
0x21C60B2	6	ZKDZZN	MXQMMA	False
0x21C60C0	8	ZHSH.EFD	MUFU.RSQ	True
0x21C60D0	8	ZHSH.EPC	MUFU.RCP	True
0x21C60E0	24	ZHSH.RK2.{S16k2, OS16k2}	MUFU.EX2.{F16x2, BF16x2}	True
0x21C6100	32	ZHSH.RK2.YBJ_NPP.{S16k2, OS16k2}	MUFU.EX2.LOW_ACC.{F16x2, BF16x2}	True
0x21C6128	8	ZHSH.RK2	MUFU.EX2	True
0x21C6131	4	ZHSH	MUFU	False
0x21C6136	4	ZBIZ	MOVM	False
0x21C6140	8	ZBI64VHE	MOV64IUR	False
0x21C6149	6	ZBI32V	MOV32I	False
0x21C6150	9	ZBI.64.YB	MOV.64.LO	True
0x21C6160	9	ZBI.64.UV	MOV.64.HI	True
0x21C616A	6	ZBI.64	MOV.64	True
0x21C6171	3	ZBI	MOV	False
0x21C6180	33	ZREPHEL_jnectebhc_zzn_jnvg_flap_0	MERCURY_warpgroup_mma_wait_sync_0	False
0x21C61B0	28	ZREPHEL_jnectebhc_zzn_flap_0	MERCURY_warpgroup_mma_sync_0	False
0x21C61E0	47	ZREPHEL_jnectebhc_zzn_fc_vag_flap_fepf_he4_e4_0	MERCURY_warpgroup_mma_sp_int_sync_srcs_ur4_r4_0	False
0x21C6220	44	ZREPHEL_jnectebhc_zzn_fc_vag_flap_fepf_he4_0	MERCURY_warpgroup_mma_sp_int_sync_srcs_ur4_0	False
0x21C6260	47	ZREPHEL_jnectebhc_zzn_fc_vag_flap_fepf_e4_he4_0	MERCURY_warpgroup_mma_sp_int_sync_srcs_r4_ur4_0	False
0x21C62A0	47	ZREPHEL_jnectebhc_zzn_fc_sc8_flap_fepf_he4_e2_0	MERCURY_warpgroup_mma_sp_fp8_sync_srcs_ur4_r2_0	False
0x21C62E0	44	ZREPHEL_jnectebhc_zzn_fc_sc8_flap_fepf_he4_1	MERCURY_warpgroup_mma_sp_fp8_sync_srcs_ur4_1	False
0x21C6320	44	ZREPHEL_jnectebhc_zzn_fc_sc8_flap_fepf_he4_0	MERCURY_warpgroup_mma_sp_fp8_sync_srcs_ur4_0	False
0x21C6360	47	ZREPHEL_jnectebhc_zzn_fc_sc8_flap_fepf_e4_he4_0	MERCURY_warpgroup_mma_sp_fp8_sync_srcs_r4_ur4_0	False
0x21C63A0	48	ZREPHEL_jnectebhc_zzn_fc_sc16_flap_fepf_e4_he4_0	MERCURY_warpgroup_mma_sp_fp16_sync_srcs_r4_ur4_0	False
0x21C63E0	44	ZREPHEL_jnectebhc_zzn_vag_flap_fepf_e4_he4_0	MERCURY_warpgroup_mma_int_sync_srcs_r4_ur4_0	False
0x21C6420	41	ZREPHEL_jnectebhc_zzn_sc8_flap_fepf_he4_0	MERCURY_warpgroup_mma_fp8_sync_srcs_ur4_0	False
0x21C6460	44	ZREPHEL_jnectebhc_zzn_sc8_flap_fepf_e4_he4_0	MERCURY_warpgroup_mma_fp8_sync_srcs_r4_ur4_0	False
0x21C64A0	45	ZREPHEL_jnectebhc_zzn_sc16_flap_fepf_he4_e2_0	MERCURY_warpgroup_mma_fp16_sync_srcs_ur4_r2_0	False
0x21C64E0	42	ZREPHEL_jnectebhc_zzn_sc16_flap_fepf_he4_0	MERCURY_warpgroup_mma_fp16_sync_srcs_ur4_0	False
0x21C6520	45	ZREPHEL_jnectebhc_zzn_sc16_flap_fepf_e4_he4_0	MERCURY_warpgroup_mma_fp16_sync_srcs_r4_ur4_0	False
0x21C6560	40	ZREPHEL_jnectebhc_zzn_o1_flap_fepf_he4_0	MERCURY_warpgroup_mma_b1_sync_srcs_ur4_0	False
0x21C65A0	43	ZREPHEL_jnectebhc_zzn_o1_flap_fepf_e4_he4_0	MERCURY_warpgroup_mma_b1_sync_srcs_r4_ur4_0	False
0x21C65E0	35	ZREPHEL_jnectebhc_zzn_neevir_flap_0	MERCURY_warpgroup_mma_arrive_sync_0	False
0x21C6620	31	ZREPHEL_jnectebhc_neevir_flap_0	MERCURY_warpgroup_arrive_sync_0	False
0x21C6640	36	ZREPHEL_ibgr_flap_hanyvtarq_fepf_e_2	MERCURY_vote_sync_unaligned_srcs_r_2	False
0x21C6680	36	ZREPHEL_ibgr_flap_hanyvtarq_fepf_e_1	MERCURY_vote_sync_unaligned_srcs_r_1	False
0x21C66C0	36	ZREPHEL_ibgr_flap_hanyvtarq_fepf_e_0	MERCURY_vote_sync_unaligned_srcs_r_0	False
0x21C66F0	29	ZREPHEL_ibgr_flap_hanyvtarq_2	MERCURY_vote_sync_unaligned_2	False
0x21C6710	29	ZREPHEL_ibgr_flap_hanyvtarq_1	MERCURY_vote_sync_unaligned_1	False
0x21C6730	29	ZREPHEL_ibgr_flap_hanyvtarq_0	MERCURY_vote_sync_unaligned_0	False
0x21C6750	29	ZREPHEL_inofqvss4_fepf_he_e_1	MERCURY_vabsdiff4_srcs_ur_r_1	False
0x21C6770	29	ZREPHEL_inofqvss4_fepf_he_e_0	MERCURY_vabsdiff4_srcs_ur_r_0	False
0x21C67A0	31	ZREPHEL_inofqvss4_fepf_hvzz_e_0	MERCURY_vabsdiff4_srcs_uimm_r_0	False
0x21C67C0	29	ZREPHEL_inofqvss4_fepf_e_he_1	MERCURY_vabsdiff4_srcs_r_ur_1	False
0x21C67E0	29	ZREPHEL_inofqvss4_fepf_e_he_0	MERCURY_vabsdiff4_srcs_r_ur_0	False
0x21C6800	27	ZREPHEL_inofqvss4_fepf_e_he	MERCURY_vabsdiff4_srcs_r_ur	False
0x21C6820	31	ZREPHEL_inofqvss4_fepf_e_hvzz_0	MERCURY_vabsdiff4_srcs_r_uimm_0	False
0x21C6840	32	ZREPHEL_gptra05_fg_16qc32ovgk2_0	MERCURY_tcgen05_st_16dp32bitx2_0	False
0x21C6880	32	ZREPHEL_gptra05_yq_16qc32ovgk2_0	MERCURY_tcgen05_ld_16dp32bitx2_0	False
0x21C68C0	46	ZREPHEL_fg_funerq_pgn_eryrnfr_fepf_e_he_fvzz_0	MERCURY_st_shared_cta_release_srcs_r_ur_simm_0	False
0x21C6900	43	ZREPHEL_fg_funerq_pgn_eryrnfr_fepf_e_fvzz_1	MERCURY_st_shared_cta_release_srcs_r_simm_1	False
0x21C6940	43	ZREPHEL_fg_funerq_pgn_eryrnfr_fepf_e_fvzz_0	MERCURY_st_shared_cta_release_srcs_r_simm_0	False
0x21C6980	37	ZREPHEL_fg_eryrnfr_fepf_e2_he2_fvzz_0	MERCURY_st_release_srcs_r2_ur2_simm_0	False
0x21C69C0	43	ZREPHEL_fusy_flap_hanyvtarq_fepf_hvzz_e_e_1	MERCURY_shfl_sync_unaligned_srcs_uimm_r_r_1	False
0x21C6A00	43	ZREPHEL_fusy_flap_hanyvtarq_fepf_hvzz_e_e_0	MERCURY_shfl_sync_unaligned_srcs_uimm_r_r_0	False
0x21C6A40	41	ZREPHEL_fusy_flap_hanyvtarq_fepf_e_hvzz_0	MERCURY_shfl_sync_unaligned_srcs_r_uimm_0	False
0x21C6A80	38	ZREPHEL_fusy_flap_hanyvtarq_fepf_e_e_0	MERCURY_shfl_sync_unaligned_srcs_r_r_0	False
0x21C6AA8	14	ZREPHEL_fryzbi	MERCURY_selmov	False
0x21C6AC0	23	ZREPHEL_fnq_fepf_he_e_0	MERCURY_sad_srcs_ur_r_0	False
0x21C6AE0	25	ZREPHEL_fnq_fepf_hvzz_e_0	MERCURY_sad_srcs_uimm_r_0	False
0x21C6B00	23	ZREPHEL_fnq_fepf_e_he_0	MERCURY_sad_srcs_r_ur_0	False
0x21C6B20	41	ZREPHEL_erqhk_f32_flap_hanyvtarq_fepf_e_4	MERCURY_redux_s32_sync_unaligned_srcs_r_4	False
0x21C6B60	41	ZREPHEL_erqhk_f32_flap_hanyvtarq_fepf_e_3	MERCURY_redux_s32_sync_unaligned_srcs_r_3	False
0x21C6BA0	41	ZREPHEL_erqhk_f32_flap_hanyvtarq_fepf_e_2	MERCURY_redux_s32_sync_unaligned_srcs_r_2	False
0x21C6BE0	41	ZREPHEL_erqhk_f32_flap_hanyvtarq_fepf_e_1	MERCURY_redux_s32_sync_unaligned_srcs_r_1	False
0x21C6C20	41	ZREPHEL_erqhk_f32_flap_hanyvtarq_fepf_e_0	MERCURY_redux_s32_sync_unaligned_srcs_r_0	False
0x21C6C60	34	ZREPHEL_erqhk_f32_flap_hanyvtarq_7	MERCURY_redux_s32_sync_unaligned_7	False
0x21C6CA0	34	ZREPHEL_erqhk_f32_flap_hanyvtarq_6	MERCURY_redux_s32_sync_unaligned_6	False
0x21C6CE0	34	ZREPHEL_erqhk_f32_flap_hanyvtarq_5	MERCURY_redux_s32_sync_unaligned_5	False
0x21C6D20	34	ZREPHEL_erqhk_f32_flap_hanyvtarq_4	MERCURY_redux_s32_sync_unaligned_4	False
0x21C6D60	34	ZREPHEL_erqhk_f32_flap_hanyvtarq_3	MERCURY_redux_s32_sync_unaligned_3	False
0x21C6DA0	34	ZREPHEL_erqhk_f32_flap_hanyvtarq_2	MERCURY_redux_s32_sync_unaligned_2	False
0x21C6DE0	34	ZREPHEL_erqhk_f32_flap_hanyvtarq_1	MERCURY_redux_s32_sync_unaligned_1	False
0x21C6E20	34	ZREPHEL_erqhk_f32_flap_hanyvtarq_0	MERCURY_redux_s32_sync_unaligned_0	False
0x21C6E60	41	ZREPHEL_erqhk_s32_flap_hanyvtarq_fepf_e_1	MERCURY_redux_f32_sync_unaligned_srcs_r_1	False
0x21C6EA0	41	ZREPHEL_erqhk_s32_flap_hanyvtarq_fepf_e_0	MERCURY_redux_f32_sync_unaligned_srcs_r_0	False
0x21C6EE0	41	ZREPHEL_erqhk_o32_flap_hanyvtarq_fepf_e_0	MERCURY_redux_b32_sync_unaligned_srcs_r_0	False
0x21C6F20	45	ZREPHEL_erq_tybony_vag_eryrnfr_fepf_e2_fvzz_0	MERCURY_red_global_int_release_srcs_r2_simm_0	False
0x21C6F60	47	ZREPHEL_erq_tybony_sc_eryrnfr_fepf_e_he2_fvzz_0	MERCURY_red_global_fp_release_srcs_r_ur2_simm_0	False
0x21C6FA0	51	ZREPHEL_erq_tybony_sc_eryrnfr_cbyvpl_fepf_e2_fvzz_0	MERCURY_red_global_fp_release_policy_srcs_r2_simm_0	False
0x21C6FE0	43	ZREPHEL_erq_nflap_eryrnfr_tybony_vag_zzvb_0	MERCURY_red_async_release_global_int_mmio_0	False
0x21C7010	23	ZREPHEL_cerqvpg_zretr_1	MERCURY_predict_merge_1	False
0x21C7030	15	ZREPHEL_cerqvpg	MERCURY_predict	False
0x21C7040	50	ZREPHEL_zhygvzrz_erq_eryrnfr_sc_fepf_e2_he2_fvzz_0	MERCURY_multimem_red_release_fp_srcs_r2_ur2_simm_0	False
0x21C7080	52	ZREPHEL_zhygvzrz_yq_erqhpr_npdhver_fepf_e_he2_fvzz_0	MERCURY_multimem_ld_reduce_acquire_srcs_r_ur2_simm_0	False
0x21C70C0	34	ZREPHEL_zbi_o32_qrfgf_he_fepf_fe_3	MERCURY_mov_b32_dests_ur_srcs_sr_3	False
0x21C7100	34	ZREPHEL_zbi_o32_qrfgf_he_fepf_fe_2	MERCURY_mov_b32_dests_ur_srcs_sr_2	False
0x21C7140	34	ZREPHEL_zbi_o32_qrfgf_he_fepf_fe_1	MERCURY_mov_b32_dests_ur_srcs_sr_1	False
0x21C7180	34	ZREPHEL_zbi_o32_qrfgf_he_fepf_fe_0	MERCURY_mov_b32_dests_ur_srcs_sr_0	False
0x21C71C0	33	ZREPHEL_zbi_o32_qrfgf_e_fepf_fe_2	MERCURY_mov_b32_dests_r_srcs_sr_2	False
0x21C7200	33	ZREPHEL_zbi_o32_qrfgf_e_fepf_fe_1	MERCURY_mov_b32_dests_r_srcs_sr_1	False
0x21C7240	33	ZREPHEL_zbi_o32_qrfgf_e_fepf_fe_0	MERCURY_mov_b32_dests_r_srcs_sr_0	False
0x21C7270	21	ZREPHEL_zva_fepf_he_0	MERCURY_min_srcs_ur_0	False
0x21C7290	23	ZREPHEL_zva_fepf_hvzz_1	MERCURY_min_srcs_uimm_1	False
0x21C72B0	23	ZREPHEL_zva_fepf_hvzz_0	MERCURY_min_srcs_uimm_0	False
0x21C72D0	20	ZREPHEL_zva_fepf_e_0	MERCURY_min_srcs_r_0	False
0x21C72F0	29	ZREPHEL_zva_qrfgf_c_fepf_he_3	MERCURY_min_dests_p_srcs_ur_3	False
0x21C7310	29	ZREPHEL_zva_qrfgf_c_fepf_he_2	MERCURY_min_dests_p_srcs_ur_2	False
0x21C7330	29	ZREPHEL_zva_qrfgf_c_fepf_he_1	MERCURY_min_dests_p_srcs_ur_1	False
0x21C7350	29	ZREPHEL_zva_qrfgf_c_fepf_he_0	MERCURY_min_dests_p_srcs_ur_0	False
0x21C7370	28	ZREPHEL_zva_qrfgf_c_fepf_e_1	MERCURY_min_dests_p_srcs_r_1	False
0x21C7390	28	ZREPHEL_zva_qrfgf_c_fepf_e_0	MERCURY_min_dests_p_srcs_r_0	False
0x21C73B0	26	ZREPHEL_zva3_vag_fepf_he_0	MERCURY_min3_int_srcs_ur_0	False
0x21C73D0	28	ZREPHEL_zva3_vag_fepf_hvzz_0	MERCURY_min3_int_srcs_uimm_0	False
0x21C73F0	25	ZREPHEL_zva3_vag_fepf_e_0	MERCURY_min3_int_srcs_r_0	False
0x21C7420	56	ZREPHEL_zoneevre_gel_jnvg_funerq_pgn_qrfgf_c_fepf_e_he_7	MERCURY_mbarrier_try_wait_shared_cta_dests_p_srcs_r_ur_7	False
0x21C7460	56	ZREPHEL_zoneevre_gel_jnvg_funerq_pgn_qrfgf_c_fepf_e_he_6	MERCURY_mbarrier_try_wait_shared_cta_dests_p_srcs_r_ur_6	False
0x21C74A0	56	ZREPHEL_zoneevre_gel_jnvg_funerq_pgn_qrfgf_c_fepf_e_he_5	MERCURY_mbarrier_try_wait_shared_cta_dests_p_srcs_r_ur_5	False
0x21C74E0	56	ZREPHEL_zoneevre_gel_jnvg_funerq_pgn_qrfgf_c_fepf_e_he_4	MERCURY_mbarrier_try_wait_shared_cta_dests_p_srcs_r_ur_4	False
0x21C7520	56	ZREPHEL_zoneevre_gel_jnvg_funerq_pgn_qrfgf_c_fepf_e_he_3	MERCURY_mbarrier_try_wait_shared_cta_dests_p_srcs_r_ur_3	False
0x21C7560	56	ZREPHEL_zoneevre_gel_jnvg_funerq_pgn_qrfgf_c_fepf_e_he_2	MERCURY_mbarrier_try_wait_shared_cta_dests_p_srcs_r_ur_2	False
0x21C75A0	56	ZREPHEL_zoneevre_gel_jnvg_funerq_pgn_qrfgf_c_fepf_e_he_1	MERCURY_mbarrier_try_wait_shared_cta_dests_p_srcs_r_ur_1	False
0x21C75E0	56	ZREPHEL_zoneevre_gel_jnvg_funerq_pgn_qrfgf_c_fepf_e_he_0	MERCURY_mbarrier_try_wait_shared_cta_dests_p_srcs_r_ur_0	False
0x21C7620	58	ZREPHEL_zoneevre_gel_jnvg_funerq_pgn_qrfgf_c_fepf_e_hvzz_5	MERCURY_mbarrier_try_wait_shared_cta_dests_p_srcs_r_uimm_5	False
0x21C7660	58	ZREPHEL_zoneevre_gel_jnvg_funerq_pgn_qrfgf_c_fepf_e_hvzz_4	MERCURY_mbarrier_try_wait_shared_cta_dests_p_srcs_r_uimm_4	False
0x21C76A0	58	ZREPHEL_zoneevre_gel_jnvg_funerq_pgn_qrfgf_c_fepf_e_hvzz_3	MERCURY_mbarrier_try_wait_shared_cta_dests_p_srcs_r_uimm_3	False
0x21C76E0	58	ZREPHEL_zoneevre_gel_jnvg_funerq_pgn_qrfgf_c_fepf_e_hvzz_2	MERCURY_mbarrier_try_wait_shared_cta_dests_p_srcs_r_uimm_2	False
0x21C7720	58	ZREPHEL_zoneevre_gel_jnvg_funerq_pgn_qrfgf_c_fepf_e_hvzz_1	MERCURY_mbarrier_try_wait_shared_cta_dests_p_srcs_r_uimm_1	False
0x21C7760	58	ZREPHEL_zoneevre_gel_jnvg_funerq_pgn_qrfgf_c_fepf_e_hvzz_0	MERCURY_mbarrier_try_wait_shared_cta_dests_p_srcs_r_uimm_0	False
0x21C77A0	55	ZREPHEL_zoneevre_gel_jnvg_funerq_pgn_qrfgf_c_fepf_e_e_8	MERCURY_mbarrier_try_wait_shared_cta_dests_p_srcs_r_r_8	False
0x21C77E0	55	ZREPHEL_zoneevre_gel_jnvg_funerq_pgn_qrfgf_c_fepf_e_e_7	MERCURY_mbarrier_try_wait_shared_cta_dests_p_srcs_r_r_7	False
0x21C7820	55	ZREPHEL_zoneevre_gel_jnvg_funerq_pgn_qrfgf_c_fepf_e_e_6	MERCURY_mbarrier_try_wait_shared_cta_dests_p_srcs_r_r_6	False
0x21C7860	55	ZREPHEL_zoneevre_gel_jnvg_funerq_pgn_qrfgf_c_fepf_e_e_5	MERCURY_mbarrier_try_wait_shared_cta_dests_p_srcs_r_r_5	False
0x21C78A0	55	ZREPHEL_zoneevre_gel_jnvg_funerq_pgn_qrfgf_c_fepf_e_e_4	MERCURY_mbarrier_try_wait_shared_cta_dests_p_srcs_r_r_4	False
0x21C78E0	55	ZREPHEL_zoneevre_gel_jnvg_funerq_pgn_qrfgf_c_fepf_e_e_3	MERCURY_mbarrier_try_wait_shared_cta_dests_p_srcs_r_r_3	False
0x21C7920	55	ZREPHEL_zoneevre_gel_jnvg_funerq_pgn_qrfgf_c_fepf_e_e_2	MERCURY_mbarrier_try_wait_shared_cta_dests_p_srcs_r_r_2	False
0x21C7960	55	ZREPHEL_zoneevre_gel_jnvg_funerq_pgn_qrfgf_c_fepf_e_e_1	MERCURY_mbarrier_try_wait_shared_cta_dests_p_srcs_r_r_1	False
0x21C79A0	55	ZREPHEL_zoneevre_gel_jnvg_funerq_pgn_qrfgf_c_fepf_e_e_0	MERCURY_mbarrier_try_wait_shared_cta_dests_p_srcs_r_r_0	False
0x21C79E0	53	ZREPHEL_zoneevre_gel_jnvg_funerq_pgn_qrfgf_c_fepf_e_0	MERCURY_mbarrier_try_wait_shared_cta_dests_p_srcs_r_0	False
0x21C7A20	57	ZREPHEL_zoneevre_gel_jnvg_funerq_pgn_qrfgf_c_fepf_e2_he_3	MERCURY_mbarrier_try_wait_shared_cta_dests_p_srcs_r2_ur_3	False
0x21C7A60	57	ZREPHEL_zoneevre_gel_jnvg_funerq_pgn_qrfgf_c_fepf_e2_he_2	MERCURY_mbarrier_try_wait_shared_cta_dests_p_srcs_r2_ur_2	False
0x21C7AA0	57	ZREPHEL_zoneevre_gel_jnvg_funerq_pgn_qrfgf_c_fepf_e2_he_1	MERCURY_mbarrier_try_wait_shared_cta_dests_p_srcs_r2_ur_1	False
0x21C7AE0	57	ZREPHEL_zoneevre_gel_jnvg_funerq_pgn_qrfgf_c_fepf_e2_he_0	MERCURY_mbarrier_try_wait_shared_cta_dests_p_srcs_r2_ur_0	False
0x21C7B20	59	ZREPHEL_zoneevre_gel_jnvg_funerq_pgn_qrfgf_c_fepf_e2_hvzz_5	MERCURY_mbarrier_try_wait_shared_cta_dests_p_srcs_r2_uimm_5	False
0x21C7B60	59	ZREPHEL_zoneevre_gel_jnvg_funerq_pgn_qrfgf_c_fepf_e2_hvzz_4	MERCURY_mbarrier_try_wait_shared_cta_dests_p_srcs_r2_uimm_4	False
0x21C7BA0	59	ZREPHEL_zoneevre_gel_jnvg_funerq_pgn_qrfgf_c_fepf_e2_hvzz_3	MERCURY_mbarrier_try_wait_shared_cta_dests_p_srcs_r2_uimm_3	False
0x21C7BE0	59	ZREPHEL_zoneevre_gel_jnvg_funerq_pgn_qrfgf_c_fepf_e2_hvzz_2	MERCURY_mbarrier_try_wait_shared_cta_dests_p_srcs_r2_uimm_2	False
0x21C7C20	59	ZREPHEL_zoneevre_gel_jnvg_funerq_pgn_qrfgf_c_fepf_e2_hvzz_1	MERCURY_mbarrier_try_wait_shared_cta_dests_p_srcs_r2_uimm_1	False
0x21C7C60	59	ZREPHEL_zoneevre_gel_jnvg_funerq_pgn_qrfgf_c_fepf_e2_hvzz_0	MERCURY_mbarrier_try_wait_shared_cta_dests_p_srcs_r2_uimm_0	False
0x21C7CA0	56	ZREPHEL_zoneevre_gel_jnvg_funerq_pgn_qrfgf_c_fepf_e2_e_2	MERCURY_mbarrier_try_wait_shared_cta_dests_p_srcs_r2_r_2	False
0x21C7CE0	56	ZREPHEL_zoneevre_gel_jnvg_funerq_pgn_qrfgf_c_fepf_e2_e_1	MERCURY_mbarrier_try_wait_shared_cta_dests_p_srcs_r2_r_1	False
0x21C7D20	56	ZREPHEL_zoneevre_gel_jnvg_funerq_pgn_qrfgf_c_fepf_e2_e_0	MERCURY_mbarrier_try_wait_shared_cta_dests_p_srcs_r2_r_0	False
0x21C7D60	55	ZREPHEL_zoneevre_grfg_jnvg_funerq_pgn_fepf_he_fvzz_he_1	MERCURY_mbarrier_test_wait_shared_cta_srcs_ur_simm_ur_1	False
0x21C7DA0	54	ZREPHEL_zoneevre_grfg_jnvg_funerq_pgn_qrfgf_c_fepf_e_0	MERCURY_mbarrier_test_wait_shared_cta_dests_p_srcs_r_0	False
0x21C7DE0	55	ZREPHEL_zoneevre_grfg_jnvg_funerq_pgn_qrfgf_c_fepf_e2_0	MERCURY_mbarrier_test_wait_shared_cta_dests_p_srcs_r2_0	False
0x21C7E20	53	ZREPHEL_zoneevre_craqvat_pbhag_qrfgf_e_fepf_abaem_2_0	MERCURY_mbarrier_pending_count_dests_r_srcs_nonrz_2_0	False
0x21C7E60	51	ZREPHEL_zoneevre_vavg_funerq_pgn_fepf_he_fvzz_he2_0	MERCURY_mbarrier_init_shared_cta_srcs_ur_simm_ur2_0	False
0x21C7EA0	42	ZREPHEL_zoneevre_vavg_funerq_pgn_fepf_e2_0	MERCURY_mbarrier_init_shared_cta_srcs_r2_0	False
0x21C7EE0	34	ZREPHEL_zoneevre_vavg_funerq_pgn_0	MERCURY_mbarrier_init_shared_cta_0	False
0x21C7F20	40	ZREPHEL_zoneevre_perngr_qrfgf_e2_fepf__1	MERCURY_mbarrier_create_dests_r2_srcs__1	False
0x21C7F60	40	ZREPHEL_zoneevre_perngr_qrfgf_e2_fepf__0	MERCURY_mbarrier_create_dests_r2_srcs__0	False
0x21C7F90	25	ZREPHEL_zoneevre_perngr_3	MERCURY_mbarrier_create_3	False
0x21C7FB0	25	ZREPHEL_zoneevre_perngr_2	MERCURY_mbarrier_create_2	False
0x21C7FD0	25	ZREPHEL_zoneevre_perngr_1	MERCURY_mbarrier_create_1	False
0x21C7FF0	25	ZREPHEL_zoneevre_perngr_0	MERCURY_mbarrier_create_0	False
0x21C8020	45	ZREPHEL_zoneevre_neevir_funerq_pgn_qrfgf_e2_0	MERCURY_mbarrier_arrive_shared_cta_dests_r2_0	False
0x21C8060	57	ZREPHEL_zoneevre_neevir_rkcrpg_gk_funerq_pyhfgre_fepf_e_0	MERCURY_mbarrier_arrive_expect_tx_shared_cluster_srcs_r_0	False
0x21C80A0	83	ZREPHEL_zoneevre_neevir_rkcrpg_gk_zhygvpnfg_funerq_pyhfgre_jpbbce_fepf_he_fvzz_he_0	MERCURY_mbarrier_arrive_expect_tx_multicast_shared_cluster_wcoopr_srcs_ur_simm_ur_0	False
0x21C8100	61	ZREPHEL_zoneevre_neevir_qebc_funerq_pgn_jpbbce_fepf_he_fvzz_0	MERCURY_mbarrier_arrive_drop_shared_cta_wcoopr_srcs_ur_simm_0	False
0x21C8140	68	ZREPHEL_zoneevre_neevir_qebc_funerq_pyhfgre_jpbbce_fepf_he_fvzz_he_0	MERCURY_mbarrier_arrive_drop_shared_cluster_wcoopr_srcs_ur_simm_ur_0	False
0x21C81A0	45	ZREPHEL_zoneevre_neevir_qebc_funerq_pyhfgre_0	MERCURY_mbarrier_arrive_drop_shared_cluster_0	False
0x21C81E0	64	ZREPHEL_zoneevre_neevir_qebc_zhygvpnfg_funerq_pgn_fepf_he_fvzz_0	MERCURY_mbarrier_arrive_drop_multicast_shared_cta_srcs_ur_simm_0	False
0x21C8240	67	ZREPHEL_zoneevre_neevir_qebc_rkcrpg_gk_funerq_pgn_qrfgf_e2_fepf_e_0	MERCURY_mbarrier_arrive_drop_expect_tx_shared_cta_dests_r2_srcs_r_0	False
0x21C82A0	66	ZREPHEL_zoneevre_neevir_qebc_neifgngr_funerq_pgn_qrfgf_e2_fepf_e_1	MERCURY_mbarrier_arrive_drop_arvstate_shared_cta_dests_r2_srcs_r_1	False
0x21C8300	66	ZREPHEL_zoneevre_neevir_qebc_neifgngr_funerq_pgn_qrfgf_e2_fepf_e_0	MERCURY_mbarrier_arrive_drop_arvstate_shared_cta_dests_r2_srcs_r_0	False
0x21C8360	61	ZREPHEL_zoneevre_neevir_neifgngr_funerq_pgn_qrfgf_e2_fepf_e_0	MERCURY_mbarrier_arrive_arvstate_shared_cta_dests_r2_srcs_r_0	False
0x21C83A0	16	ZREPHEL_zoneevre	MERCURY_mbarrier	False
0x21C83C0	21	ZREPHEL_znk_fepf_he_1	MERCURY_max_srcs_ur_1	False
0x21C83E0	21	ZREPHEL_znk_fepf_he_0	MERCURY_max_srcs_ur_0	False
0x21C8400	23	ZREPHEL_znk_fepf_hvzz_0	MERCURY_max_srcs_uimm_0	False
0x21C8420	20	ZREPHEL_znk_fepf_e_0	MERCURY_max_srcs_r_0	False
0x21C8440	29	ZREPHEL_znk_qrfgf_c_fepf_he_1	MERCURY_max_dests_p_srcs_ur_1	False
0x21C8460	29	ZREPHEL_znk_qrfgf_c_fepf_he_0	MERCURY_max_dests_p_srcs_ur_0	False
0x21C8480	31	ZREPHEL_znk_qrfgf_c_fepf_hvzz_4	MERCURY_max_dests_p_srcs_uimm_4	False
0x21C84A0	31	ZREPHEL_znk_qrfgf_c_fepf_hvzz_3	MERCURY_max_dests_p_srcs_uimm_3	False
0x21C84C0	31	ZREPHEL_znk_qrfgf_c_fepf_hvzz_2	MERCURY_max_dests_p_srcs_uimm_2	False
0x21C84E0	31	ZREPHEL_znk_qrfgf_c_fepf_hvzz_1	MERCURY_max_dests_p_srcs_uimm_1	False
0x21C8500	31	ZREPHEL_znk_qrfgf_c_fepf_hvzz_0	MERCURY_max_dests_p_srcs_uimm_0	False
0x21C8520	28	ZREPHEL_znk_qrfgf_c_fepf_e_0	MERCURY_max_dests_p_srcs_r_0	False
0x21C8540	26	ZREPHEL_znk3_vag_fepf_he_2	MERCURY_max3_int_srcs_ur_2	False
0x21C8560	26	ZREPHEL_znk3_vag_fepf_he_1	MERCURY_max3_int_srcs_ur_1	False
0x21C8580	26	ZREPHEL_znk3_vag_fepf_he_0	MERCURY_max3_int_srcs_ur_0	False
0x21C85A0	28	ZREPHEL_znk3_vag_fepf_hvzz_2	MERCURY_max3_int_srcs_uimm_2	False
0x21C85C0	28	ZREPHEL_znk3_vag_fepf_hvzz_1	MERCURY_max3_int_srcs_uimm_1	False
0x21C85E0	28	ZREPHEL_znk3_vag_fepf_hvzz_0	MERCURY_max3_int_srcs_uimm_0	False
0x21C8600	25	ZREPHEL_znk3_vag_fepf_e_0	MERCURY_max3_int_srcs_r_0	False
0x21C8620	25	ZREPHEL_znk3_sc_fepf_he_0	MERCURY_max3_fp_srcs_ur_0	False
0x21C8640	34	ZREPHEL_znk3_sc_fepf_scvzz_scvzz_0	MERCURY_max3_fp_srcs_fpimm_fpimm_0	False
0x21C8680	41	ZREPHEL_zngpu_nal_flap_hanyvtarq_fepf_e_1	MERCURY_match_any_sync_unaligned_srcs_r_1	False
0x21C86C0	41	ZREPHEL_zngpu_nal_flap_hanyvtarq_fepf_e_0	MERCURY_match_any_sync_unaligned_srcs_r_0	False
0x21C8700	34	ZREPHEL_zngpu_nal_flap_hanyvtarq_1	MERCURY_match_any_sync_unaligned_1	False
0x21C8740	34	ZREPHEL_zngpu_nal_flap_hanyvtarq_0	MERCURY_match_any_sync_unaligned_0	False
0x21C8780	41	ZREPHEL_zngpu_nyy_flap_hanyvtarq_fepf_e_1	MERCURY_match_all_sync_unaligned_srcs_r_1	False
0x21C87C0	41	ZREPHEL_zngpu_nyy_flap_hanyvtarq_fepf_e_0	MERCURY_match_all_sync_unaligned_srcs_r_0	False
0x21C8800	34	ZREPHEL_zngpu_nyy_flap_hanyvtarq_1	MERCURY_match_all_sync_unaligned_1	False
0x21C8840	34	ZREPHEL_zngpu_nyy_flap_hanyvtarq_0	MERCURY_match_all_sync_unaligned_0	False
0x21C8880	36	ZREPHEL_zncn_frg_trarevp_qrfgf_he2_1	MERCURY_mapa_set_generic_dests_ur2_1	False
0x21C88C0	36	ZREPHEL_zncn_frg_trarevp_qrfgf_he2_0	MERCURY_mapa_set_generic_dests_ur2_0	False
0x21C8900	35	ZREPHEL_zncn_frg_trarevp_qrfgf_e2_1	MERCURY_mapa_set_generic_dests_r2_1	False
0x21C8940	35	ZREPHEL_zncn_frg_trarevp_qrfgf_e2_0	MERCURY_mapa_set_generic_dests_r2_0	False
0x21C8980	37	ZREPHEL_zncn_pbcl_trarevp_qrfgf_he2_0	MERCURY_mapa_copy_generic_dests_ur2_0	False
0x21C89C0	36	ZREPHEL_zncn_pbcl_trarevp_qrfgf_e2_0	MERCURY_mapa_copy_generic_dests_r2_0	False
0x21C8A00	43	ZREPHEL_yq_funerq_pgn_npdhver_fepf_e_fvzz_0	MERCURY_ld_shared_cta_acquire_srcs_r_simm_0	False
0x21C8A40	37	ZREPHEL_yq_npdhver_fepf_e2_he2_fvzz_0	MERCURY_ld_acquire_srcs_r2_ur2_simm_0	False
0x21C8A80	33	ZREPHEL_yq_npdhver_fepf_e2_fvzz_0	MERCURY_ld_acquire_srcs_r2_simm_0	False
0x21C8AB0	22	ZREPHEL_tevqqrcpbageby	MERCURY_griddepcontrol	False
0x21C8AD0	29	ZREPHEL_szn_s32k2_fepf_he_e_1	MERCURY_fma_f32x2_srcs_ur_r_1	False
0x21C8AF0	29	ZREPHEL_szn_s32k2_fepf_he_e_0	MERCURY_fma_f32x2_srcs_ur_r_0	False
0x21C8B10	28	ZREPHEL_szn_s32k2_fepf_e_e_1	MERCURY_fma_f32x2_srcs_r_r_1	False
0x21C8B30	28	ZREPHEL_szn_s32k2_fepf_e_e_0	MERCURY_fma_f32x2_srcs_r_r_0	False
0x21C8B60	67	ZREPHEL_srapr_grafbeznc_trarevp_eryrnfr_fpbcr_pyhfgre_pgn_tch_flf_1	MERCURY_fence_tensormap_generic_release_scope_cluster_cta_gpu_sys_1	False
0x21C8BC0	67	ZREPHEL_srapr_grafbeznc_trarevp_eryrnfr_fpbcr_pyhfgre_pgn_tch_flf_0	MERCURY_fence_tensormap_generic_release_scope_cluster_cta_gpu_sys_0	False
0x21C8C20	67	ZREPHEL_srapr_grafbeznc_trarevp_npdhver_fpbcr_pyhfgre_pgn_tch_flf_7	MERCURY_fence_tensormap_generic_acquire_scope_cluster_cta_gpu_sys_7	False
0x21C8C80	67	ZREPHEL_srapr_grafbeznc_trarevp_npdhver_fpbcr_pyhfgre_pgn_tch_flf_6	MERCURY_fence_tensormap_generic_acquire_scope_cluster_cta_gpu_sys_6	False
0x21C8CE0	67	ZREPHEL_srapr_grafbeznc_trarevp_npdhver_fpbcr_pyhfgre_pgn_tch_flf_5	MERCURY_fence_tensormap_generic_acquire_scope_cluster_cta_gpu_sys_5	False
0x21C8D40	67	ZREPHEL_srapr_grafbeznc_trarevp_npdhver_fpbcr_pyhfgre_pgn_tch_flf_4	MERCURY_fence_tensormap_generic_acquire_scope_cluster_cta_gpu_sys_4	False
0x21C8DA0	67	ZREPHEL_srapr_grafbeznc_trarevp_npdhver_fpbcr_pyhfgre_pgn_tch_flf_3	MERCURY_fence_tensormap_generic_acquire_scope_cluster_cta_gpu_sys_3	False
0x21C8E00	67	ZREPHEL_srapr_grafbeznc_trarevp_npdhver_fpbcr_pyhfgre_pgn_tch_flf_2	MERCURY_fence_tensormap_generic_acquire_scope_cluster_cta_gpu_sys_2	False
0x21C8E60	67	ZREPHEL_srapr_grafbeznc_trarevp_npdhver_fpbcr_pyhfgre_pgn_tch_flf_1	MERCURY_fence_tensormap_generic_acquire_scope_cluster_cta_gpu_sys_1	False
0x21C8EC0	67	ZREPHEL_srapr_grafbeznc_trarevp_npdhver_fpbcr_pyhfgre_pgn_tch_flf_0	MERCURY_fence_tensormap_generic_acquire_scope_cluster_cta_gpu_sys_0	False
0x21C8F20	41	ZREPHEL_srapr_fpbcr_pyhfgre_pgn_tch_flf_0	MERCURY_fence_scope_cluster_cta_gpu_sys_0	False
0x21C8F60	49	ZREPHEL_srapr_eryrnfr_fpbcr_pyhfgre_pgn_tch_flf_0	MERCURY_fence_release_scope_cluster_cta_gpu_sys_0	False
0x21C8FA0	36	ZREPHEL_srapr_nflap_funerq_pyhfgre_1	MERCURY_fence_async_shared_cluster_1	False
0x21C8FE0	36	ZREPHEL_srapr_nflap_funerq_pyhfgre_0	MERCURY_fence_async_shared_cluster_0	False
0x21C9020	56	ZREPHEL_srapr_nflap_trarevp_funerq_pgn_eryrnfr_pyhfgre_0	MERCURY_fence_async_generic_shared_cta_release_cluster_0	False
0x21C9060	21	ZREPHEL_srapr_nflap_0	MERCURY_fence_async_0	False
0x21C9080	37	ZREPHEL_ryrpg_flap_hanyvtarq_fepf_e_4	MERCURY_elect_sync_unaligned_srcs_r_4	False
0x21C90C0	37	ZREPHEL_ryrpg_flap_hanyvtarq_fepf_e_3	MERCURY_elect_sync_unaligned_srcs_r_3	False
0x21C9100	37	ZREPHEL_ryrpg_flap_hanyvtarq_fepf_e_2	MERCURY_elect_sync_unaligned_srcs_r_2	False
0x21C9140	37	ZREPHEL_ryrpg_flap_hanyvtarq_fepf_e_1	MERCURY_elect_sync_unaligned_srcs_r_1	False
0x21C9180	37	ZREPHEL_ryrpg_flap_hanyvtarq_fepf_e_0	MERCURY_elect_sync_unaligned_srcs_r_0	False
0x21C91B0	30	ZREPHEL_ryrpg_flap_hanyvtarq_4	MERCURY_elect_sync_unaligned_4	False
0x21C91D0	30	ZREPHEL_ryrpg_flap_hanyvtarq_3	MERCURY_elect_sync_unaligned_3	False
0x21C91F0	30	ZREPHEL_ryrpg_flap_hanyvtarq_2	MERCURY_elect_sync_unaligned_2	False
0x21C9210	30	ZREPHEL_ryrpg_flap_hanyvtarq_1	MERCURY_elect_sync_unaligned_1	False
0x21C9230	30	ZREPHEL_ryrpg_flap_hanyvtarq_0	MERCURY_elect_sync_unaligned_0	False
0x21C9260	55	ZREPHEL_pign_trarevp_funerq_pyhfgre_qrfgf_he2_fepf_he_2	MERCURY_cvta_generic_shared_cluster_dests_ur2_srcs_ur_2	False
0x21C92A0	55	ZREPHEL_pign_trarevp_funerq_pyhfgre_qrfgf_he2_fepf_he_1	MERCURY_cvta_generic_shared_cluster_dests_ur2_srcs_ur_1	False
0x21C92E0	55	ZREPHEL_pign_trarevp_funerq_pyhfgre_qrfgf_he2_fepf_he_0	MERCURY_cvta_generic_shared_cluster_dests_ur2_srcs_ur_0	False
0x21C9320	53	ZREPHEL_pign_trarevp_funerq_pyhfgre_qrfgf_e2_fepf_e_1	MERCURY_cvta_generic_shared_cluster_dests_r2_srcs_r_1	False
0x21C9360	53	ZREPHEL_pign_trarevp_funerq_pyhfgre_qrfgf_e2_fepf_e_0	MERCURY_cvta_generic_shared_cluster_dests_r2_srcs_r_0	False
0x21C93A0	31	ZREPHEL_pig_s16k8_h4k8_fepf_e_3	MERCURY_cvt_f16x8_u4x8_srcs_r_3	False
0x21C93C0	31	ZREPHEL_pig_s16k8_h4k8_fepf_e_2	MERCURY_cvt_f16x8_u4x8_srcs_r_2	False
0x21C93E0	31	ZREPHEL_pig_s16k8_h4k8_fepf_e_1	MERCURY_cvt_f16x8_u4x8_srcs_r_1	False
0x21C9400	31	ZREPHEL_pig_s16k8_h4k8_fepf_e_0	MERCURY_cvt_f16x8_u4x8_srcs_r_0	False
0x21C9420	11	ZREPHEL_pig	MERCURY_cvt	False
0x21C9440	33	ZREPHEL_perngrcbyvpl_senpgvbany_3	MERCURY_createpolicy_fractional_3	False
0x21C9480	33	ZREPHEL_perngrcbyvpl_senpgvbany_1	MERCURY_createpolicy_fractional_1	False
0x21C94C0	33	ZREPHEL_perngrcbyvpl_senpgvbany_0	MERCURY_createpolicy_fractional_0	False
0x21C94F0	28	ZREPHEL_perngrcbyvpl_oybpx_3	MERCURY_createpolicy_block_3	False
0x21C9510	28	ZREPHEL_perngrcbyvpl_oybpx_1	MERCURY_createpolicy_block_1	False
0x21C9530	28	ZREPHEL_perngrcbyvpl_oybpx_0	MERCURY_createpolicy_block_0	False
0x21C9560	31	ZREPHEL_pc_nflap_ohyx_fepf_he_0	MERCURY_cp_async_bulk_srcs_ur_0	False
0x21C9580	33	ZREPHEL_pc_nflap_ohyx_fepf_hvzz_0	MERCURY_cp_async_bulk_srcs_uimm_0	False
0x21C95B0	23	ZREPHEL_pc_nflap_ohyx_0	MERCURY_cp_async_bulk_0	False
0x21C95E0	44	ZREPHEL_oneevre_jnec_flap_hanyvtarq_fepf_e_0	MERCURY_barrier_warp_sync_unaligned_srcs_r_0	False
0x21C9620	52	ZREPHEL_oneevre_jnec_erynkrq_flap_hanyvtarq_fepf_e_0	MERCURY_barrier_warp_relaxed_sync_unaligned_srcs_r_0	False
0x21C9660	45	ZREPHEL_oneevre_jnec_erynkrq_flap_hanyvtarq_1	MERCURY_barrier_warp_relaxed_sync_unaligned_1	False
0x21C96A0	45	ZREPHEL_oneevre_jnec_erynkrq_flap_hanyvtarq_0	MERCURY_barrier_warp_relaxed_sync_unaligned_0	False
0x21C96E0	51	ZREPHEL_oneevre_pgn_flap_hanyvtarq_fepf_hvzz_hvzz_1	MERCURY_barrier_cta_sync_unaligned_srcs_uimm_uimm_1	False
0x21C9720	51	ZREPHEL_oneevre_pgn_flap_hanyvtarq_fepf_hvzz_hvzz_0	MERCURY_barrier_cta_sync_unaligned_srcs_uimm_uimm_0	False
0x21C9760	48	ZREPHEL_oneevre_pgn_flap_hanyvtarq_fepf_hvzz_e_0	MERCURY_barrier_cta_sync_unaligned_srcs_uimm_r_0	False
0x21C97A0	48	ZREPHEL_oneevre_pgn_flap_hanyvtarq_fepf_e_hvzz_0	MERCURY_barrier_cta_sync_unaligned_srcs_r_uimm_0	False
0x21C97E0	45	ZREPHEL_oneevre_pgn_flap_hanyvtarq_fepf_e_e_1	MERCURY_barrier_cta_sync_unaligned_srcs_r_r_1	False
0x21C9820	45	ZREPHEL_oneevre_pgn_flap_hanyvtarq_fepf_e_e_0	MERCURY_barrier_cta_sync_unaligned_srcs_r_r_0	False
0x21C9850	30	ZREPHEL_oneevre_pgn_fepf_e_e_0	MERCURY_barrier_cta_srcs_r_r_0	False
0x21C9880	60	ZREPHEL_oneevre_pgn_erq_cbcp_flap_hanyvtarq_fepf_hvzz_hvzz_1	MERCURY_barrier_cta_red_popc_sync_unaligned_srcs_uimm_uimm_1	False
0x21C98C0	60	ZREPHEL_oneevre_pgn_erq_cbcp_flap_hanyvtarq_fepf_hvzz_hvzz_0	MERCURY_barrier_cta_red_popc_sync_unaligned_srcs_uimm_uimm_0	False
0x21C9900	57	ZREPHEL_oneevre_pgn_erq_cbcp_flap_hanyvtarq_fepf_hvzz_e_0	MERCURY_barrier_cta_red_popc_sync_unaligned_srcs_uimm_r_0	False
0x21C9940	57	ZREPHEL_oneevre_pgn_erq_cbcp_flap_hanyvtarq_fepf_e_hvzz_0	MERCURY_barrier_cta_red_popc_sync_unaligned_srcs_r_uimm_0	False
0x21C9980	54	ZREPHEL_oneevre_pgn_erq_cbcp_flap_hanyvtarq_fepf_e_e_1	MERCURY_barrier_cta_red_popc_sync_unaligned_srcs_r_r_1	False
0x21C99C0	54	ZREPHEL_oneevre_pgn_erq_cbcp_flap_hanyvtarq_fepf_e_e_0	MERCURY_barrier_cta_red_popc_sync_unaligned_srcs_r_r_0	False
0x21C9A00	45	ZREPHEL_oneevre_pgn_erq_cbcp_fepf_hvzz_hvzz_0	MERCURY_barrier_cta_red_popc_srcs_uimm_uimm_0	False
0x21C9A40	42	ZREPHEL_oneevre_pgn_erq_cbcp_fepf_e_hvzz_0	MERCURY_barrier_cta_red_popc_srcs_r_uimm_0	False
0x21C9A80	39	ZREPHEL_oneevre_pgn_erq_cbcp_fepf_e_e_0	MERCURY_barrier_cta_red_popc_srcs_r_r_0	False
0x21C9AC0	65	ZREPHEL_oneevre_pgn_erq_bc_naq_be_flap_hanyvtarq_fepf_hvzz_hvzz_1	MERCURY_barrier_cta_red_op_and_or_sync_unaligned_srcs_uimm_uimm_1	False
0x21C9B20	65	ZREPHEL_oneevre_pgn_erq_bc_naq_be_flap_hanyvtarq_fepf_hvzz_hvzz_0	MERCURY_barrier_cta_red_op_and_or_sync_unaligned_srcs_uimm_uimm_0	False
0x21C9B80	62	ZREPHEL_oneevre_pgn_erq_bc_naq_be_flap_hanyvtarq_fepf_hvzz_e_0	MERCURY_barrier_cta_red_op_and_or_sync_unaligned_srcs_uimm_r_0	False
0x21C9BC0	62	ZREPHEL_oneevre_pgn_erq_bc_naq_be_flap_hanyvtarq_fepf_e_hvzz_0	MERCURY_barrier_cta_red_op_and_or_sync_unaligned_srcs_r_uimm_0	False
0x21C9C00	59	ZREPHEL_oneevre_pgn_erq_bc_naq_be_flap_hanyvtarq_fepf_e_e_1	MERCURY_barrier_cta_red_op_and_or_sync_unaligned_srcs_r_r_1	False
0x21C9C40	59	ZREPHEL_oneevre_pgn_erq_bc_naq_be_flap_hanyvtarq_fepf_e_e_0	MERCURY_barrier_cta_red_op_and_or_sync_unaligned_srcs_r_r_0	False
0x21C9C80	50	ZREPHEL_oneevre_pgn_erq_bc_naq_be_fepf_hvzz_hvzz_0	MERCURY_barrier_cta_red_op_and_or_srcs_uimm_uimm_0	False
0x21C9CC0	47	ZREPHEL_oneevre_pgn_erq_bc_naq_be_fepf_hvzz_e_0	MERCURY_barrier_cta_red_op_and_or_srcs_uimm_r_0	False
0x21C9D00	44	ZREPHEL_oneevre_pgn_erq_bc_naq_be_fepf_e_e_0	MERCURY_barrier_cta_red_op_and_or_srcs_r_r_0	False
0x21C9D40	58	ZREPHEL_oneevre_pgn_neevir_flap_hanyvtarq_fepf_hvzz_hvzz_1	MERCURY_barrier_cta_arrive_sync_unaligned_srcs_uimm_uimm_1	False
0x21C9D80	58	ZREPHEL_oneevre_pgn_neevir_flap_hanyvtarq_fepf_hvzz_hvzz_0	MERCURY_barrier_cta_arrive_sync_unaligned_srcs_uimm_uimm_0	False
0x21C9DC0	55	ZREPHEL_oneevre_pgn_neevir_flap_hanyvtarq_fepf_hvzz_e_0	MERCURY_barrier_cta_arrive_sync_unaligned_srcs_uimm_r_0	False
0x21C9E00	55	ZREPHEL_oneevre_pgn_neevir_flap_hanyvtarq_fepf_e_hvzz_0	MERCURY_barrier_cta_arrive_sync_unaligned_srcs_r_uimm_0	False
0x21C9E40	45	ZREPHEL_oneevre_pyhfgre_jnvg_flap_hanyvtarq_1	MERCURY_barrier_cluster_wait_sync_unaligned_1	False
0x21C9E80	45	ZREPHEL_oneevre_pyhfgre_jnvg_flap_hanyvtarq_0	MERCURY_barrier_cluster_wait_sync_unaligned_0	False
0x21C9EB0	30	ZREPHEL_oneevre_pyhfgre_jnvg_1	MERCURY_barrier_cluster_wait_1	False
0x21C9ED0	30	ZREPHEL_oneevre_pyhfgre_jnvg_0	MERCURY_barrier_cluster_wait_0	False
0x21C9F00	47	ZREPHEL_oneevre_pyhfgre_neevir_flap_hanyvtarq_3	MERCURY_barrier_cluster_arrive_sync_unaligned_3	False
0x21C9F40	47	ZREPHEL_oneevre_pyhfgre_neevir_flap_hanyvtarq_2	MERCURY_barrier_cluster_arrive_sync_unaligned_2	False
0x21C9F80	47	ZREPHEL_oneevre_pyhfgre_neevir_flap_hanyvtarq_1	MERCURY_barrier_cluster_arrive_sync_unaligned_1	False
0x21C9FC0	47	ZREPHEL_oneevre_pyhfgre_neevir_flap_hanyvtarq_0	MERCURY_barrier_cluster_arrive_sync_unaligned_0	False
0x21CA000	32	ZREPHEL_oneevre_pyhfgre_neevir_1	MERCURY_barrier_cluster_arrive_1	False
0x21CA040	32	ZREPHEL_oneevre_pyhfgre_neevir_0	MERCURY_barrier_cluster_arrive_0	False
0x21CA080	65	ZREPHEL_ngbz_funerq_pgn_cbcp_vap_npd_ery_qrfgf_e_fepf_e_he_fvzz_2	MERCURY_atom_shared_cta_popc_inc_acq_rel_dests_r_srcs_r_ur_simm_2	False
0x21CA0E0	65	ZREPHEL_ngbz_funerq_pgn_cbcp_vap_npd_ery_qrfgf_e_fepf_e_he_fvzz_1	MERCURY_atom_shared_cta_popc_inc_acq_rel_dests_r_srcs_r_ur_simm_1	False
0x21CA140	65	ZREPHEL_ngbz_funerq_pgn_cbcp_vap_npd_ery_qrfgf_e_fepf_e_he_fvzz_0	MERCURY_atom_shared_cta_popc_inc_acq_rel_dests_r_srcs_r_ur_simm_0	False
0x21CA1A0	57	ZREPHEL_ngbz_funerq_pgn_vag_npd_ery_qrfgf_e_fepf_e_fvzz_0	MERCURY_atom_shared_cta_int_acq_rel_dests_r_srcs_r_simm_0	False
0x21CA1E0	62	ZREPHEL_ngbz_funerq_pgn_pnfg_vag_npd_ery_qrfgf_e_fepf_e_fvzz_1	MERCURY_atom_shared_cta_cast_int_acq_rel_dests_r_srcs_r_simm_1	False
0x21CA220	62	ZREPHEL_ngbz_funerq_pgn_pnfg_vag_npd_ery_qrfgf_e_fepf_e_fvzz_0	MERCURY_atom_shared_cta_cast_int_acq_rel_dests_r_srcs_r_simm_0	False
0x21CA260	62	ZREPHEL_ngbz_funerq_pgn_pnfg_vag_npd_ery_qrfgf_c_fepf_e_fvzz_3	MERCURY_atom_shared_cta_cast_int_acq_rel_dests_p_srcs_r_simm_3	False
0x21CA2A0	62	ZREPHEL_ngbz_funerq_pgn_pnfg_vag_npd_ery_qrfgf_c_fepf_e_fvzz_2	MERCURY_atom_shared_cta_cast_int_acq_rel_dests_p_srcs_r_simm_2	False
0x21CA2E0	62	ZREPHEL_ngbz_funerq_pgn_pnfg_vag_npd_ery_qrfgf_c_fepf_e_fvzz_1	MERCURY_atom_shared_cta_cast_int_acq_rel_dests_p_srcs_r_simm_1	False
0x21CA320	62	ZREPHEL_ngbz_funerq_pgn_pnfg_vag_npd_ery_qrfgf_c_fepf_e_fvzz_0	MERCURY_atom_shared_cta_cast_int_acq_rel_dests_p_srcs_r_simm_0	False
0x21CA360	60	ZREPHEL_ngbz_tybony_vag_npd_ery_qrfgf_c_e_fepf_e2_he2_fvzz_0	MERCURY_atom_global_int_acq_rel_dests_p_r_srcs_r2_ur2_simm_0	False
0x21CA3A0	56	ZREPHEL_ngbz_tybony_vag_npd_ery_qrfgf_c_e_fepf_e2_fvzz_1	MERCURY_atom_global_int_acq_rel_dests_p_r_srcs_r2_simm_1	False
0x21CA3E0	56	ZREPHEL_ngbz_tybony_vag_npd_ery_qrfgf_c_e_fepf_e2_fvzz_0	MERCURY_atom_global_int_acq_rel_dests_p_r_srcs_r2_simm_0	False
0x21CA420	59	ZREPHEL_ngbz_tybony_sc_npd_ery_qrfgf_c_e_fepf_e2_he2_fvzz_0	MERCURY_atom_global_fp_acq_rel_dests_p_r_srcs_r2_ur2_simm_0	False
0x21CA460	51	ZREPHEL_ngbz_sc_npd_ery_qrfgf_c_e_fepf_e_he2_fvzz_1	MERCURY_atom_fp_acq_rel_dests_p_r_srcs_r_ur2_simm_1	False
0x21CA4A0	51	ZREPHEL_ngbz_sc_npd_ery_qrfgf_c_e_fepf_e_he2_fvzz_0	MERCURY_atom_fp_acq_rel_dests_p_r_srcs_r_ur2_simm_0	False
0x21CA4E0	48	ZREPHEL_ngbz_sc_npd_ery_qrfgf_c_e_fepf_e2_fvzz_0	MERCURY_atom_fp_acq_rel_dests_p_r_srcs_r2_simm_0	False
0x21CA520	53	ZREPHEL_ngbz_pnf_vag_npd_ery_qrfgf_c_e_fepf_e2_fvzz_0	MERCURY_atom_cas_int_acq_rel_dests_p_r_srcs_r2_simm_0	False
0x21CA560	26	ZREPHEL_nqqzva_fepf_he_e_1	MERCURY_addmin_srcs_ur_r_1	False
0x21CA580	26	ZREPHEL_nqqzva_fepf_he_e_0	MERCURY_addmin_srcs_ur_r_0	False
0x21CA5A0	28	ZREPHEL_nqqzva_fepf_hvzz_e_0	MERCURY_addmin_srcs_uimm_r_0	False
0x21CA5C0	26	ZREPHEL_nqqzva_fepf_e_he_3	MERCURY_addmin_srcs_r_ur_3	False
0x21CA5E0	26	ZREPHEL_nqqzva_fepf_e_he_2	MERCURY_addmin_srcs_r_ur_2	False
0x21CA600	26	ZREPHEL_nqqzva_fepf_e_he_1	MERCURY_addmin_srcs_r_ur_1	False
0x21CA620	26	ZREPHEL_nqqzva_fepf_e_he_0	MERCURY_addmin_srcs_r_ur_0	False
0x21CA640	28	ZREPHEL_nqqzva_fepf_e_hvzz_3	MERCURY_addmin_srcs_r_uimm_3	False
0x21CA660	28	ZREPHEL_nqqzva_fepf_e_hvzz_2	MERCURY_addmin_srcs_r_uimm_2	False
0x21CA680	28	ZREPHEL_nqqzva_fepf_e_hvzz_1	MERCURY_addmin_srcs_r_uimm_1	False
0x21CA6A0	28	ZREPHEL_nqqzva_fepf_e_hvzz_0	MERCURY_addmin_srcs_r_uimm_0	False
0x21CA6C0	25	ZREPHEL_nqqzva_fepf_e_e_0	MERCURY_addmin_srcs_r_r_0	False
0x21CA6E0	26	ZREPHEL_nqqznk_fepf_he_e_2	MERCURY_addmax_srcs_ur_r_2	False
0x21CA700	26	ZREPHEL_nqqznk_fepf_he_e_1	MERCURY_addmax_srcs_ur_r_1	False
0x21CA720	26	ZREPHEL_nqqznk_fepf_he_e_0	MERCURY_addmax_srcs_ur_r_0	False
0x21CA740	28	ZREPHEL_nqqznk_fepf_hvzz_e_0	MERCURY_addmax_srcs_uimm_r_0	False
0x21CA760	26	ZREPHEL_nqqznk_fepf_e_he_0	MERCURY_addmax_srcs_r_ur_0	False
0x21CA780	36	ZREPHEL_nqq_va16k2_qrfgf_e_fepf_he_0	MERCURY_add_in16x2_dests_r_srcs_ur_0	False
0x21CA7C0	38	ZREPHEL_nqq_va16k2_qrfgf_e_fepf_hvzz_0	MERCURY_add_in16x2_dests_r_srcs_uimm_0	False
0x21CA7E8	13	ZREPHEL__vage	MERCURY__intr	False
0x21CA7F6	6	ZRZONE	MEMBAR	False
0x21CA7FD	5	ZNGPU	MATCH	False
0x21CA803	6	YBC32V	LOP32I	False
0x21CA80A	4	YBC3	LOP3	False
0x21CA80F	3	YBC	LOP	False
0x21CA813	4	YRCP	LEPC	False
0x21CA818	3	YRN	LEA	False
0x21CA81C	6	YQGENZ	LDTRAM	False
0x21CA823	4	YQGZ	LDTM	False
0x21CA828	3	YQG	LDT	False
0x21CA82C	4	YQFZ	LDSM	False
0x21CA831	3	YQF	LDS	False
0x21CA835	3	YQY	LDL	False
0x21CA839	6	YQTFGF	LDGSTS	False
0x21CA840	5	YQTZP	LDGMC	False
0x21CA848	9	YQTQRCONE	LDGDEPBAR	False
0x21CA852	3	YQT	LDG	False
0x21CA856	4	YQPH	LDCU	False
0x21CA85B	3	YQP	LDC	False
0x21CA85F	2	YQ	LD	False
0x21CA862	4	XVYY	KILL	False
0x21CA867	4	WZKH	JMXU	False
0x21CA86C	3	WZK	JMX	False
0x21CA870	7	WZC_VZZ	JMP_IMM	False
0x21CA878	3	WZC	JMP	False
0x21CA880	11	VFRGC.64.YB	ISETP.64.LO	True
0x21CA890	11	VFRGC.64.UV	ISETP.64.HI	True
0x21CA8A0	8	VFRGC.64	ISETP.64	True
0x21CA8A9	5	VFRGC	ISETP	False
0x21CA8B0	9	VFPNQQ32V	ISCADD32I	False
0x21CA8BA	6	VFPNQQ	ISCADD	False
0x21CA8C1	6	VFORJE	ISBEWR	False
0x21CA8C8	6	VFOREQ	ISBERD	False
0x21CA8CF	3	VCN	IPA	False
0x21CA8D8	12	VZHY32V.JVQR	IMUL32I.WIDE	True
0x21CA8E8	7	VZHY32V	IMUL32I	False
0x21CA8F0	9	VZHY.JVQR	IMUL.WIDE	True
0x21CA8FA	4	VZHY	IMUL	False
0x21CA900	11	VZAZK.64.YB	IMNMX.64.LO	True
0x21CA910	11	VZAZK.64.UV	IMNMX.64.HI	True
0x21CA920	8	VZAZK.64	IMNMX.64	True
0x21CA929	5	VZAZK	IMNMX	False
0x21CA930	20	VZZN.{8816.*|8832.*}	IMMA.{8816.*|8832.*}	True
0x21CA950	26	VZZN.{16832.*8.*8|16864.*}	IMMA.{16832.*8.*8|16864.*}	True
0x21CA970	26	VZZN.{16816.*|16832.*4.*4}	IMMA.{16816.*|16832.*4.*4}	True
0x21CA990	23	VZZN.FC.{8832.*|8864.*}	IMMA.SP.{8832.*|8864.*}	True
0x21CA9B0	29	VZZN.FC.{16832.*|16864.*4.*4}	IMMA.SP.{16832.*|16864.*4.*4}	True
0x21CA9D0	30	VZZN.FC.{168128.*|16864.*8.*8}	IMMA.SP.{168128.*|16864.*8.*8}	True
0x21CA9EF	4	VZZN	IMMA	False
0x21CAA00	18	VZNQ.JVQR.JEVGR.QY	IMAD.WIDE.WRITE.DL	True
0x21CAA20	18	VZNQ.JVQR.JEVGR.QU	IMAD.WIDE.WRITE.DH	True
0x21CAA40	17	VZNQ.JVQR.ERNQ.PY	IMAD.WIDE.READ.CL	True
0x21CAA60	17	VZNQ.JVQR.ERNQ.PU	IMAD.WIDE.READ.CH	True
0x21CAA80	17	VZNQ.JVQR.ERNQ.NO	IMAD.WIDE.READ.AB	True
0x21CAA98	9	VZNQ.JVQR	IMAD.WIDE	True
0x21CAAA8	7	VZNQ.UV	IMAD.HI	True
0x21CAAB0	4	VZNQ	IMAD	False
0x21CAAB8	9	VTZZN_TFO	IGMMA_GSB	False
0x21CAAC2	5	VTZZN	IGMMA	False
0x21CAAC8	5	VQC4N	IDP4A	False
0x21CAACE	3	VQC	IDP	False
0x21CAAD2	3	VQR	IDE	False
0x21CAAD8	7	VNQQ32V	IADD32I	False
0x21CAAE0	5	VNQQ3	IADD3	False
0x21CAAE8	11	VNQQ2.64.YB	IADD2.64.LO	True
0x21CAAF8	11	VNQQ2.64.UV	IADD2.64.HI	True
0x21CAB08	8	VNQQ2.64	IADD2.64	True
0x21CAB11	5	VNQQ2	IADD2	False
0x21CAB18	8	VNQQ.KBE	IADD.XOR	True
0x21CAB28	10	VNQQ.64.YB	IADD.64.LO	True
0x21CAB38	10	VNQQ.64.UV	IADD.64.HI	True
0x21CAB48	7	VNQQ.64	IADD.64	True
0x21CAB50	4	VNQQ	IADD	False
0x21CAB55	4	VNOF	IABS	False
0x21CAB5A	4	V2VC	I2IP	False
0x21CAB5F	3	V2V	I2I	False
0x21CAB63	4	V2SC	I2FP	False
0x21CAB68	13	V2S (abg S64)	I2F (not F64)	False
0x21CAB76	3	V2S	I2F	False
0x21CAB7A	6	UFRGC2	HSETP2	False
0x21CAB81	5	UFRG2	HSET2	False
0x21CAB88	9	UZHY2_32V	HMUL2_32I	False
0x21CAB92	5	UZHY2	HMUL2	False
0x21CAB98	6	UZAZK2	HMNMX2	False
0x21CABA0	45	UZZN.FC.S32.{16816.S16|16816.R8Z7|1688.R8Z10}	HMMA.SP.F32.{16816.F16|16816.E8M7|1688.E8M10}	True
0x21CABE0	46	UZZN.FC.S32.{16816.R8Z10|16832.S16|16832.R8Z7}	HMMA.SP.F32.{16816.E8M10|16832.F16|16832.E8M7}	True
0x21CAC10	19	UZZN.FC.16832.S16.*	HMMA.SP.16832.F16.*	True
0x21CAC30	19	UZZN.FC.16816.S16.*	HMMA.SP.16816.F16.*	True
0x21CAC60	40	UZZN.S32.{1684.R8Z10|1688.S16|1688.R8Z7}	HMMA.F32.{1684.E8M10|1688.F16|1688.E8M7}	True
0x21CACA0	42	UZZN.S32.{16816.S16|16816.R8Z7|1688.R8Z10}	HMMA.F32.{16816.F16|16816.E8M7|1688.E8M10}	True
0x21CACD0	15	UZZN.1688.S16.*	HMMA.1688.F16.*	True
0x21CACE0	16	UZZN.16816.S16.*	HMMA.16816.F16.*	True
0x21CACF1	4	UZZN	HMMA	False
0x21CACF8	9	UTZZN_TFO	HGMMA_GSB	False
0x21CAD02	5	UTZZN	HGMMA	False
0x21CAD08	9	USZN2_32V	HFMA2_32I	False
0x21CAD18	9	USZN2.ZZN	HFMA2.MMA	True
0x21CAD22	5	USZN2	HFMA2	False
0x21CAD28	9	UNQQ2_32V	HADD2_32I	False
0x21CAD38	9	UNQQ2.S32	HADD2.F32	True
0x21CAD42	5	UNQQ2	HADD2	False
0x21CAD48	11	TRGYZRZONFR	GETLMEMBASE	False
0x21CAD58	11	TRAZRGNQNGN	GENMETADATA	False
0x21CAD64	6	TNGURE	GATHER	False
0x21CAD70	7	SFJMNQQ	FSWZADD	False
0x21CAD78	5	SFRGC	FSETP	False
0x21CAD7E	4	SFRG	FSET	False
0x21CAD83	4	SFRY	FSEL	False
0x21CAD88	14	SEAQ (abg S64)	FRND (not F64)	False
0x21CAD97	4	SEAQ	FRND	False
0x21CADA0	9	SBBGCEVAG	FOOTPRINT	False
0x21CADB0	7	SZHY32V	FMUL32I	False
0x21CADB8	5	SZHY2	FMUL2	False
0x21CADBE	4	SZHY	FMUL	False
0x21CADC3	6	SZAZK3	FMNMX3	False
0x21CADCA	5	SZAZK	FMNMX	False
0x21CADD0	3	SYB	FLO	False
0x21CADD4	6	SUZHY2	FHMUL2	False
0x21CADDB	6	SUSZN2	FHFMA2	False
0x21CADE2	5	SUSZN	FHFMA	False
0x21CADE8	6	SUNQQ2	FHADD2	False
0x21CADEF	5	SUNQQ	FHADD	False
0x21CADF8	7	SSZN32V	FFMA32I	False
