block_index	lead_va	slot_va	key_hex	format_id	minor	handler_va	pad_va
6	0x23ba8a0	0x23ba8a0	0x0200	0x2	0x0	0x18f0540	0x0
6	0x23ba8a0	0x23ba8b8	0x0301	0x3	0x1	0x18f0550	0x0
6	0x23ba8a0	0x23ba8d0	0x0202	0x2	0x2	0x18f0570	0x0
6	0x23ba8a0	0x23ba8e8	0x0303	0x3	0x3	0x18f0560	0x0
6	0x23ba8a0	0x23ba900	0x0304	0x3	0x4	0x18f05b0	0x0
6	0x23ba8a0	0x23ba918	0x0205	0x2	0x5	0x18f0580	0x0
6	0x23ba8a0	0x23ba930	0x0306	0x3	0x6	0x18f05a0	0x0
6	0x23ba8a0	0x23ba948	0x0207	0x2	0x7	0x18f0590	0x0
6	0x23ba8a0	0x23ba960	0x0500	0x5	0x0	0x18f04f0	0x0
6	0x23ba8a0	0x23ba978	0x0301	0x3	0x1	0x18f0500	0x0
6	0x23ba8a0	0x23ba990	0x0502	0x5	0x2	0x18f0510	0x0
6	0x23ba8a0	0x23ba9a8	0x0303	0x3	0x3	0x18f0530	0x0
6	0x23ba8a0	0x23ba9c0	0x0504	0x5	0x4	0x18f0520	0x0
6	0x23ba8a0	0x23ba9e0	0x0700	0x7	0x0	0x18f0110	0x0
6	0x23ba8a0	0x23ba9f8	0x0701	0x7	0x1	0x18f0120	0x0
6	0x23ba8a0	0x23baa10	0x0702	0x7	0x2	0x18f00f0	0x0
6	0x23ba8a0	0x23baa28	0x0703	0x7	0x3	0x18f0100	0x0
6	0x23ba8a0	0x23baa40	0x0500	0x5	0x0	0x18f00e0	0x0
6	0x23ba8a0	0x23baa60	0x0300	0x3	0x0	0x18eef90	0x0
6	0x23ba8a0	0x23baa78	0x0301	0x3	0x1	0x18eefb0	0x0
6	0x23ba8a0	0x23baa90	0x0302	0x3	0x2	0x18eefa0	0x0
6	0x23ba8a0	0x23baac0	0x0200	0x2	0x0	0x18effc0	0x0
6	0x23ba8a0	0x23baad8	0x0301	0x3	0x1	0x18efff0	0x0
6	0x23ba8a0	0x23baaf0	0x0202	0x2	0x2	0x18f0000	0x0
6	0x23ba8a0	0x23bab08	0x0303	0x3	0x3	0x18effd0	0x0
6	0x23ba8a0	0x23bab20	0x0204	0x2	0x4	0x18effe0	0x0
6	0x23ba8a0	0x23bab38	0x0305	0x3	0x5	0x18f0020	0x0
6	0x23ba8a0	0x23bab50	0x0206	0x2	0x6	0x18f0010	0x0
6	0x23ba8a0	0x23bab80	0x0500	0x5	0x0	0x18eff40	0x0
6	0x23ba8a0	0x23bab98	0x0601	0x6	0x1	0x18eff50	0x0
6	0x23ba8a0	0x23babb0	0x0502	0x5	0x2	0x18eff60	0x0
6	0x23ba8a0	0x23babc8	0x0603	0x6	0x3	0x18eff80	0x0
6	0x23ba8a0	0x23babe0	0x0504	0x5	0x4	0x18eff70	0x0
6	0x23ba8a0	0x23bac00	0x0b00	0xb	0x0	0x18eff30	0x0
6	0x23ba8a0	0x23bac20	0x0200	0x2	0x0	0x18efd50	0x0
6	0x23ba8a0	0x23bac40	0x0500	0x5	0x0	0x18efd40	0x0
6	0x23ba8a0	0x23bac58	0x0501	0x5	0x1	0x18efd10	0x0
6	0x23ba8a0	0x23bac70	0x0602	0x6	0x2	0x18efd20	0x0
6	0x23ba8a0	0x23bac88	0x0503	0x5	0x3	0x18efd30	0x0
6	0x23ba8a0	0x23baca0	0x0301	0x3	0x1	0x18efd70	0x0
6	0x23ba8a0	0x23bacb8	0x0303	0x3	0x3	0x18efd90	0x0
6	0x23ba8a0	0x23bacd0	0x0306	0x3	0x6	0x18efd60	0x0
6	0x23ba8a0	0x23bace8	0x0308	0x3	0x8	0x18efd80	0x0
6	0x23ba8a0	0x23bad00	0x0a00	0xa	0x0	0x18ef360	0x0
6	0x23ba8a0	0x23bad18	0x0301	0x3	0x1	0x18ef370	0x0
6	0x23ba8a0	0x23bad30	0x0a02	0xa	0x2	0x18ef380	0x0
6	0x23ba8a0	0x23bad48	0x0303	0x3	0x3	0x18ef4c0	0x0
6	0x23ba8a0	0x23bad60	0x0a04	0xa	0x4	0x18ef4b0	0x0
6	0x23ba8a0	0x23bad78	0x0a05	0xa	0x5	0x18ef330	0x0
6	0x23ba8a0	0x23bad90	0x0306	0x3	0x6	0x18ef340	0x0
6	0x23ba8a0	0x23bada8	0x0a07	0xa	0x7	0x18ef350	0x0
6	0x23ba8a0	0x23badc0	0x0308	0x3	0x8	0x18ef4a0	0x0
6	0x23ba8a0	0x23badd8	0x0a09	0xa	0x9	0x18ef490	0x0
6	0x23ba8a0	0x23badf0	0x0a0a	0xa	0xa	0x18ef390	0x0
6	0x23ba8a0	0x23bae08	0x0a0b	0xa	0xb	0x18ef3d0	0x0
6	0x23ba8a0	0x23bae20	0x0a0c	0xa	0xc	0x18ef410	0x0
6	0x23ba8a0	0x23bae38	0x0a0d	0xa	0xd	0x18ef450	0x0
6	0x23ba8a0	0x23bae50	0x0a0e	0xa	0xe	0x18ef460	0x0
6	0x23ba8a0	0x23bae68	0x0a0f	0xa	0xf	0x18ef3b0	0x0
6	0x23ba8a0	0x23bae80	0x0a10	0xa	0x10	0x18ef3e0	0x0
6	0x23ba8a0	0x23bae98	0x0a11	0xa	0x11	0x18ef420	0x0
6	0x23ba8a0	0x23baeb0	0x0a12	0xa	0x12	0x18ef4d0	0x0
6	0x23ba8a0	0x23baec8	0x0a13	0xa	0x13	0x18ef510	0x0
6	0x23ba8a0	0x23baee0	0x0a14	0xa	0x14	0x18ef4f0	0x0
6	0x23ba8a0	0x23baef8	0x0a15	0xa	0x15	0x18ef530	0x0
6	0x23ba8a0	0x23baf10	0x0a16	0xa	0x16	0x18ef3a0	0x0
6	0x23ba8a0	0x23baf28	0x0a17	0xa	0x17	0x18ef3f0	0x0
6	0x23ba8a0	0x23baf40	0x0a18	0xa	0x18	0x18ef430	0x0
6	0x23ba8a0	0x23baf58	0x0a19	0xa	0x19	0x18ef470	0x0
6	0x23ba8a0	0x23baf70	0x0a1a	0xa	0x1a	0x18ef480	0x0
6	0x23ba8a0	0x23baf88	0x0a1b	0xa	0x1b	0x18ef3c0	0x0
6	0x23ba8a0	0x23bafa0	0x0a1c	0xa	0x1c	0x18ef4e0	0x0
6	0x23ba8a0	0x23bafb8	0x0a1d	0xa	0x1d	0x18ef520	0x0
6	0x23ba8a0	0x23bafd0	0x0a1e	0xa	0x1e	0x18ef500	0x0
6	0x23ba8a0	0x23bafe8	0x0a1f	0xa	0x1f	0x18ef400	0x0
6	0x23ba8a0	0x23bb000	0x0a20	0xa	0x20	0x18ef440	0x0
6	0x23ba8a0	0x23bb018	0x0a21	0xa	0x21	0x18ef540	0x0
6	0x23ba8a0	0x23bb040	0x0214	0x2	0x14	0x18f0bb0	0x0
6	0x23ba8a0	0x23bb058	0x0215	0x2	0x15	0x18f0bc0	0x0
6	0x23ba8a0	0x23bb070	0x0216	0x2	0x16	0x18ed7f0	0x0
6	0x23ba8a0	0x23bb0a0	0x0200	0x2	0x0	0x18efdf0	0x0
6	0x23ba8a0	0x23bb0b8	0x0a01	0xa	0x1	0x18efe50	0x0
6	0x23ba8a0	0x23bb0d0	0x0302	0x3	0x2	0x18efe10	0x0
6	0x23ba8a0	0x23bb0e8	0x0303	0x3	0x3	0x18efe70	0x0
6	0x23ba8a0	0x23bb100	0x0204	0x2	0x4	0x18efe00	0x0
6	0x23ba8a0	0x23bb118	0x0a05	0xa	0x5	0x18efe60	0x0
6	0x23ba8a0	0x23bb130	0x0306	0x3	0x6	0x18efed0	0x0
6	0x23ba8a0	0x23bb148	0x0307	0x3	0x7	0x18eff10	0x0
6	0x23ba8a0	0x23bb160	0x0208	0x2	0x8	0x18efeb0	0x0
6	0x23ba8a0	0x23bb178	0x0a09	0xa	0x9	0x18efef0	0x0
6	0x23ba8a0	0x23bb190	0x0a0a	0xa	0xa	0x18efdc0	0x0
6	0x23ba8a0	0x23bb1a8	0x0a0b	0xa	0xb	0x18efe20	0x0
6	0x23ba8a0	0x23bb1c0	0x030c	0x3	0xc	0x18efde0	0x0
6	0x23ba8a0	0x23bb1d8	0x030d	0x3	0xd	0x18efe40	0x0
6	0x23ba8a0	0x23bb1f0	0x0a0e	0xa	0xe	0x18efdd0	0x0
6	0x23ba8a0	0x23bb208	0x0a0f	0xa	0xf	0x18efe30	0x0
6	0x23ba8a0	0x23bb220	0x0310	0x3	0x10	0x18efec0	0x0
6	0x23ba8a0	0x23bb238	0x0311	0x3	0x11	0x18eff00	0x0
6	0x23ba8a0	0x23bb250	0x0a12	0xa	0x12	0x18efea0	0x0
6	0x23ba8a0	0x23bb268	0x0a13	0xa	0x13	0x18efee0	0x0
6	0x23ba8a0	0x23bb280	0x0214	0x2	0x14	0x18efe80	0x0
6	0x23ba8a0	0x23bb298	0x0215	0x2	0x15	0x18efe90	0x0
6	0x23ba8a0	0x23bb2b0	0x0216	0x2	0x16	0x18eff20	0x0
6	0x23ba8a0	0x23bb2e0	0x0200	0x2	0x0	0x18edad0	0x0
6	0x23ba8a0	0x23bb2f8	0x0a01	0xa	0x1	0x18edb30	0x0
6	0x23ba8a0	0x23bb310	0x0302	0x3	0x2	0x18edaf0	0x0
6	0x23ba8a0	0x23bb328	0x0303	0x3	0x3	0x18edb50	0x0
6	0x23ba8a0	0x23bb340	0x0204	0x2	0x4	0x18edae0	0x0
6	0x23ba8a0	0x23bb358	0x0a05	0xa	0x5	0x18edb40	0x0
6	0x23ba8a0	0x23bb370	0x0306	0x3	0x6	0x18edbb0	0x0
6	0x23ba8a0	0x23bb388	0x0307	0x3	0x7	0x18edbf0	0x0
6	0x23ba8a0	0x23bb3a0	0x0208	0x2	0x8	0x18edb90	0x0
6	0x23ba8a0	0x23bb3b8	0x0a09	0xa	0x9	0x18edbd0	0x0
6	0x23ba8a0	0x23bb3d0	0x0a0a	0xa	0xa	0x18edaa0	0x0
6	0x23ba8a0	0x23bb3e8	0x0a0b	0xa	0xb	0x18edb00	0x0
6	0x23ba8a0	0x23bb400	0x030c	0x3	0xc	0x18edac0	0x0
6	0x23ba8a0	0x23bb418	0x030d	0x3	0xd	0x18edb20	0x0
6	0x23ba8a0	0x23bb430	0x0a0e	0xa	0xe	0x18edab0	0x0
6	0x23ba8a0	0x23bb448	0x0a0f	0xa	0xf	0x18edb10	0x0
6	0x23ba8a0	0x23bb460	0x0310	0x3	0x10	0x18edba0	0x0
6	0x23ba8a0	0x23bb478	0x0311	0x3	0x11	0x18edbe0	0x0
6	0x23ba8a0	0x23bb490	0x0a12	0xa	0x12	0x18edb80	0x0
6	0x23ba8a0	0x23bb4a8	0x0a13	0xa	0x13	0x18edbc0	0x0
6	0x23ba8a0	0x23bb4c0	0x0214	0x2	0x14	0x18edb60	0x0
6	0x23ba8a0	0x23bb4d8	0x0215	0x2	0x15	0x18edb70	0x0
6	0x23ba8a0	0x23bb4f0	0x0216	0x2	0x16	0x18edc00	0x0
6	0x23ba8a0	0x23bb520	0x0900	0x9	0x0	0x18ef2b0	0x0
6	0x23ba8a0	0x23bb538	0x0901	0x9	0x1	0x18ef2c0	0x0
6	0x23ba8a0	0x23bb560	0x0a00	0xa	0x0	0x18ef130	0x0
6	0x23ba8a0	0x23bb578	0x0301	0x3	0x1	0x18ef160	0x0
6	0x23ba8a0	0x23bb590	0x0302	0x3	0x2	0x18ef150	0x0
6	0x23ba8a0	0x23bb5a8	0x0a03	0xa	0x3	0x18ef140	0x0
6	0x23ba8a0	0x23bb5c0	0x0304	0x3	0x4	0x18ef250	0x0
6	0x23ba8a0	0x23bb5d8	0x0305	0x3	0x5	0x18ef260	0x0
6	0x23ba8a0	0x23bb5f0	0x0a06	0xa	0x6	0x18ef240	0x0
6	0x23ba8a0	0x23bb608	0x0a07	0xa	0x7	0x18ef1a0	0x0
6	0x23ba8a0	0x23bb620	0x0308	0x3	0x8	0x18ef1c0	0x0
6	0x23ba8a0	0x23bb638	0x0a09	0xa	0x9	0x18ef1b0	0x0
6	0x23ba8a0	0x23bb650	0x030a	0x3	0xa	0x18ef2a0	0x0
6	0x23ba8a0	0x23bb668	0x0a0b	0xa	0xb	0x18ef290	0x0
6	0x23ba8a0	0x23bb680	0x0a0c	0xa	0xc	0x18ef0f0	0x0
6	0x23ba8a0	0x23bb698	0x030d	0x3	0xd	0x18ef120	0x0
6	0x23ba8a0	0x23bb6b0	0x030e	0x3	0xe	0x18ef110	0x0
6	0x23ba8a0	0x23bb6c8	0x0a0f	0xa	0xf	0x18ef100	0x0
6	0x23ba8a0	0x23bb6e0	0x0310	0x3	0x10	0x18ef220	0x0
6	0x23ba8a0	0x23bb6f8	0x0311	0x3	0x11	0x18ef230	0x0
6	0x23ba8a0	0x23bb710	0x0a12	0xa	0x12	0x18ef210	0x0
6	0x23ba8a0	0x23bb728	0x0a13	0xa	0x13	0x18ef170	0x0
6	0x23ba8a0	0x23bb740	0x0314	0x3	0x14	0x18ef190	0x0
6	0x23ba8a0	0x23bb758	0x0a15	0xa	0x15	0x18ef180	0x0
6	0x23ba8a0	0x23bb770	0x0316	0x3	0x16	0x18ef280	0x0
6	0x23ba8a0	0x23bb788	0x0a17	0xa	0x17	0x18ef270	0x0
6	0x23ba8a0	0x23bb7a0	0x0a18	0xa	0x18	0x18ef0c0	0x0
6	0x23ba8a0	0x23bb7b8	0x0319	0x3	0x19	0x18ef0e0	0x0
6	0x23ba8a0	0x23bb7d0	0x0a1a	0xa	0x1a	0x18ef0d0	0x0
6	0x23ba8a0	0x23bb7e8	0x031b	0x3	0x1b	0x18ef200	0x0
6	0x23ba8a0	0x23bb800	0x0a1c	0xa	0x1c	0x18ef1f0	0x0
6	0x23ba8a0	0x23bb818	0x0a1d	0xa	0x1d	0x18ef090	0x0
6	0x23ba8a0	0x23bb830	0x031e	0x3	0x1e	0x18ef0b0	0x0
6	0x23ba8a0	0x23bb848	0x0a1f	0xa	0x1f	0x18ef0a0	0x0
6	0x23ba8a0	0x23bb860	0x0320	0x3	0x20	0x18ef1e0	0x0
6	0x23ba8a0	0x23bb878	0x0a21	0xa	0x21	0x18ef1d0	0x0
6	0x23ba8a0	0x23bb890	0x0500	0x5	0x0	0x18ed800	0x0
6	0x23ba8a0	0x23bb8c0	0x0501	0x5	0x1	0x18ee0c0	0x0
6	0x23ba8a0	0x23bb8d8	0x0517	0x5	0x17	0x18ee0b0	0x0
6	0x23ba8a0	0x23bb8f0	0x031e	0x3	0x1e	0x18ee090	0x0
6	0x23ba8a0	0x23bb908	0x031f	0x3	0x1f	0x18ee0a0	0x0
6	0x23ba8a0	0x23bb920	0x190c	0x19	0xc	0x18eeff0	0x0
6	0x23ba8a0	0x23bb938	0x190d	0x19	0xd	0x18ef010	0x0
6	0x23ba8a0	0x23bb950	0x190e	0x19	0xe	0x18ef000	0x0
6	0x23ba8a0	0x23bb968	0x190f	0x19	0xf	0x18ed0e0	0x0
6	0x23ba8a0	0x23bb980	0x1910	0x19	0x10	0x18ed0b0	0x0
6	0x23ba8a0	0x23bb998	0x1911	0x19	0x11	0x18ed7c0	0x0
6	0x23ba8a0	0x23bb9b0	0x1912	0x19	0x12	0x18f0cf0	0x0
6	0x23ba8a0	0x23bb9c8	0x0315	0x3	0x15	0x18ef020	0x0
6	0x23ba8a0	0x23bb9e0	0x0316	0x3	0x16	0x18eefc0	0x0
6	0x23ba8a0	0x23bb9f8	0x0317	0x3	0x17	0x18eefe0	0x0
6	0x23ba8a0	0x23bba10	0x0318	0x3	0x18	0x18eefd0	0x0
6	0x23ba8a0	0x23bba28	0x031c	0x3	0x1c	0x18ef030	0x0
6	0x23ba8a0	0x23bba40	0x031d	0x3	0x1d	0x18ef050	0x0
6	0x23ba8a0	0x23bba58	0x0324	0x3	0x24	0x18ef040	0x0
6	0x23ba8a0	0x23bba70	0x0325	0x3	0x25	0x18ef060	0x0
6	0x23ba8a0	0x23bba88	0x192a	0x19	0x2a	0x18f0c60	0x0
6	0x23ba8a0	0x23bbaa0	0x192b	0x19	0x2b	0x18f0cc0	0x0
6	0x23ba8a0	0x23bbab8	0x192c	0x19	0x2c	0x18f0c20	0x0
6	0x23ba8a0	0x23bbad0	0x192d	0x19	0x2d	0x18f0c90	0x0
6	0x23ba8a0	0x23bbb00	0x0b00	0xb	0x0	0x18efdb0	0x0
6	0x23ba8a0	0x23bbb18	0x0b02	0xb	0x2	0x18efda0	0x0
6	0x23ba8a0	0x23bbb40	0x0a00	0xa	0x0	0x18ef6b0	0x0
6	0x23ba8a0	0x23bbb58	0x0a01	0xa	0x1	0x18ef6e0	0x0
6	0x23ba8a0	0x23bbb70	0x0302	0x3	0x2	0x18ef6c0	0x0
6	0x23ba8a0	0x23bbb88	0x0a03	0xa	0x3	0x18ef6d0	0x0
6	0x23ba8a0	0x23bbba0	0x0a04	0xa	0x4	0x18ef670	0x0
6	0x23ba8a0	0x23bbbb8	0x0a05	0xa	0x5	0x18ef6a0	0x0
6	0x23ba8a0	0x23bbbd0	0x0306	0x3	0x6	0x18ef680	0x0
6	0x23ba8a0	0x23bbbe8	0x0a07	0xa	0x7	0x18ef690	0x0
6	0x23ba8a0	0x23bbc00	0x0a08	0xa	0x8	0x18ef5a0	0x0
6	0x23ba8a0	0x23bbc18	0x0309	0x3	0x9	0x18ef5d0	0x0
6	0x23ba8a0	0x23bbc30	0x0a0a	0xa	0xa	0x18ef5e0	0x0
6	0x23ba8a0	0x23bbc48	0x030b	0x3	0xb	0x18ef5b0	0x0
6	0x23ba8a0	0x23bbc60	0x0a0c	0xa	0xc	0x18ef5c0	0x0
6	0x23ba8a0	0x23bbc78	0x030d	0x3	0xd	0x18ef730	0x0
6	0x23ba8a0	0x23bbc90	0x030e	0x3	0xe	0x18ef740	0x0
6	0x23ba8a0	0x23bbca8	0x0a0f	0xa	0xf	0x18ef720	0x0
6	0x23ba8a0	0x23bbcc0	0x0210	0x2	0x10	0x18ef550	0x0
6	0x23ba8a0	0x23bbcd8	0x0311	0x3	0x11	0x18ef580	0x0
6	0x23ba8a0	0x23bbcf0	0x0212	0x2	0x12	0x18ef590	0x0
6	0x23ba8a0	0x23bbd08	0x0313	0x3	0x13	0x18ef560	0x0
6	0x23ba8a0	0x23bbd20	0x0214	0x2	0x14	0x18ef570	0x0
6	0x23ba8a0	0x23bbd38	0x0315	0x3	0x15	0x18ef700	0x0
6	0x23ba8a0	0x23bbd50	0x0316	0x3	0x16	0x18ef710	0x0
6	0x23ba8a0	0x23bbd68	0x0217	0x2	0x17	0x18ef6f0	0x0
6	0x23ba8a0	0x23bbd80	0x0a18	0xa	0x18	0x18ef630	0x0
6	0x23ba8a0	0x23bbd98	0x0a19	0xa	0x19	0x18ef660	0x0
6	0x23ba8a0	0x23bbdb0	0x031a	0x3	0x1a	0x18ef640	0x0
6	0x23ba8a0	0x23bbdc8	0x0a1b	0xa	0x1b	0x18ef650	0x0
6	0x23ba8a0	0x23bbde0	0x031c	0x3	0x1c	0x18ef780	0x0
6	0x23ba8a0	0x23bbdf8	0x0a1d	0xa	0x1d	0x18ef770	0x0
6	0x23ba8a0	0x23bbe10	0x0a1e	0xa	0x1e	0x18ef5f0	0x0
6	0x23ba8a0	0x23bbe28	0x0a1f	0xa	0x1f	0x18ef620	0x0
6	0x23ba8a0	0x23bbe40	0x0320	0x3	0x20	0x18ef600	0x0
6	0x23ba8a0	0x23bbe58	0x0a21	0xa	0x21	0x18ef610	0x0
6	0x23ba8a0	0x23bbe70	0x0322	0x3	0x22	0x18ef760	0x0
6	0x23ba8a0	0x23bbe88	0x0a23	0xa	0x23	0x18ef750	0x0
6	0x23ba8a0	0x23bbea0	0x0200	0x2	0x0	0x18eec80	0x0
6	0x23ba8a0	0x23bbeb8	0x0201	0x2	0x1	0x18eeca0	0x0
6	0x23ba8a0	0x23bbed0	0x0202	0x2	0x2	0x18eec70	0x0
6	0x23ba8a0	0x23bbee8	0x0203	0x2	0x3	0x18eec90	0x0
6	0x23ba8a0	0x23bbf00	0x0200	0x2	0x0	0x18eecb0	0x0
6	0x23ba8a0	0x23bbf18	0x0201	0x2	0x1	0x18eecc0	0x0
6	0x23ba8a0	0x23bbf40	0x0a01	0xa	0x1	0x18eda90	0x0
6	0x23ba8a0	0x23bbf58	0x0a03	0xa	0x3	0x18eda80	0x0
6	0x23ba8a0	0x23bbf70	0x0a04	0xa	0x4	0x18eda10	0x0
6	0x23ba8a0	0x23bbf88	0x0305	0x3	0x5	0x18eda30	0x0
6	0x23ba8a0	0x23bbfa0	0x0a06	0xa	0x6	0x18eda20	0x0
6	0x23ba8a0	0x23bbfb8	0x0307	0x3	0x7	0x18eda70	0x0
6	0x23ba8a0	0x23bbfd0	0x0a08	0xa	0x8	0x18eda60	0x0
6	0x23ba8a0	0x23bbfe8	0x0a09	0xa	0x9	0x18ed9e0	0x0
6	0x23ba8a0	0x23bc000	0x030a	0x3	0xa	0x18eda00	0x0
6	0x23ba8a0	0x23bc018	0x0a0b	0xa	0xb	0x18ed9f0	0x0
6	0x23ba8a0	0x23bc030	0x030c	0x3	0xc	0x18eda50	0x0
6	0x23ba8a0	0x23bc048	0x0a0d	0xa	0xd	0x18eda40	0x0
6	0x23ba8a0	0x23bc060	0x0500	0x5	0x0	0x18df870	0x0
6	0x23ba8a0	0x23bc078	0x0601	0x6	0x1	0x18ed810	0x0
6	0x23ba8a0	0x23bc090	0x0502	0x5	0x2	0x18ed820	0x0
6	0x23ba8a0	0x23bc0c0	0x051c	0x5	0x1c	0x18ef920	0x0
6	0x23ba8a0	0x23bc0d8	0x031f	0x3	0x1f	0x18ef930	0x0
6	0x23ba8a0	0x23bc100	0x1900	0x19	0x0	0x18f0230	0x0
6	0x23ba8a0	0x23bc118	0x1301	0x13	0x1	0x18f0220	0x0
6	0x23ba8a0	0x23bc130	0x1302	0x13	0x2	0x18f0240	0x0
6	0x23ba8a0	0x23bc148	0x0303	0x3	0x3	0x18f0260	0x0
6	0x23ba8a0	0x23bc160	0x0504	0x5	0x4	0x18f0250	0x0
6	0x23ba8a0	0x23bc178	0x0505	0x5	0x5	0x18f0270	0x0
6	0x23ba8a0	0x23bc190	0x2306	0x23	0x6	0x18f0290	0x0
6	0x23ba8a0	0x23bc1a8	0x1307	0x13	0x7	0x18f0280	0x0
6	0x23ba8a0	0x23bc1c0	0x1308	0x13	0x8	0x18f02a0	0x0
6	0x23ba8a0	0x23bc1e0	0x0300	0x3	0x0	0x18f0730	0x0
6	0x23ba8a0	0x23bc1f8	0x0201	0x2	0x1	0x18f0720	0x0
6	0x23ba8a0	0x23bc210	0x0202	0x2	0x2	0x18f0740	0x0
6	0x23ba8a0	0x23bc228	0x0203	0x2	0x3	0x18f0750	0x0
6	0x23ba8a0	0x23bc240	0x0304	0x3	0x4	0x18f0760	0x0
6	0x23ba8a0	0x23bc258	0x0205	0x2	0x5	0x18f0770	0x0
6	0x23ba8a0	0x23bc270	0x0306	0x3	0x6	0x18f0790	0x0
6	0x23ba8a0	0x23bc288	0x0207	0x2	0x7	0x18f0780	0x0
6	0x23ba8a0	0x23bc2a0	0x0303	0x3	0x3	0x18ef990	0x0
6	0x23ba8a0	0x23bc2b8	0x0a04	0xa	0x4	0x18ef980	0x0
6	0x23ba8a0	0x23bc2d0	0x0a05	0xa	0x5	0x18ef9a0	0x0
6	0x23ba8a0	0x23bc2e8	0x0306	0x3	0x6	0x18ef960	0x0
6	0x23ba8a0	0x23bc300	0x0507	0x5	0x7	0x18ef950	0x0
6	0x23ba8a0	0x23bc318	0x0508	0x5	0x8	0x18ef970	0x0
6	0x23ba8a0	0x23bc330	0x0d09	0xd	0x9	0x18ef9f0	0x0
6	0x23ba8a0	0x23bc348	0x130a	0x13	0xa	0x18ef9e0	0x0
6	0x23ba8a0	0x23bc360	0x130b	0x13	0xb	0x18efa00	0x0
6	0x23ba8a0	0x23bc378	0x0d0c	0xd	0xc	0x18ef9c0	0x0
6	0x23ba8a0	0x23bc390	0x050d	0x5	0xd	0x18ef9b0	0x0
6	0x23ba8a0	0x23bc3a8	0x050e	0x5	0xe	0x18ef9d0	0x0
6	0x23ba8a0	0x23bc3c0	0x0303	0x3	0x3	0x18ef870	0x0
6	0x23ba8a0	0x23bc3d8	0x0a04	0xa	0x4	0x18ef860	0x0
6	0x23ba8a0	0x23bc3f0	0x0a05	0xa	0x5	0x18ef880	0x0
6	0x23ba8a0	0x23bc408	0x0306	0x3	0x6	0x18ef840	0x0
6	0x23ba8a0	0x23bc420	0x0507	0x5	0x7	0x18ef830	0x0
6	0x23ba8a0	0x23bc438	0x0508	0x5	0x8	0x18ef850	0x0
6	0x23ba8a0	0x23bc450	0x0d09	0xd	0x9	0x18ef8d0	0x0
6	0x23ba8a0	0x23bc468	0x130a	0x13	0xa	0x18ef8c0	0x0
6	0x23ba8a0	0x23bc480	0x130b	0x13	0xb	0x18ef8e0	0x0
6	0x23ba8a0	0x23bc498	0x0d0c	0xd	0xc	0x18ef8a0	0x0
6	0x23ba8a0	0x23bc4b0	0x050d	0x5	0xd	0x18ef890	0x0
6	0x23ba8a0	0x23bc4c8	0x050e	0x5	0xe	0x18ef8b0	0x0
6	0x23ba8a0	0x23bc4e0	0x0500	0x5	0x0	0x18edcb0	0x0
6	0x23ba8a0	0x23bc4f8	0x0301	0x3	0x1	0x18edcc0	0x0
6	0x23ba8a0	0x23bc510	0x0502	0x5	0x2	0x18edcd0	0x0
6	0x23ba8a0	0x23bc528	0x0303	0x3	0x3	0x18edcf0	0x0
6	0x23ba8a0	0x23bc540	0x0504	0x5	0x4	0x18edce0	0x0
6	0x23ba8a0	0x23bc560	0x0300	0x3	0x0	0x18eed60	0x0
6	0x23ba8a0	0x23bc578	0x0501	0x5	0x1	0x18eed50	0x0
6	0x23ba8a0	0x23bc590	0x0502	0x5	0x2	0x18eed70	0x0
6	0x23ba8a0	0x23bc5b0	0x0501	0x5	0x1	0x18ee0d0	0x0
6	0x23ba8a0	0x23bc5e0	0x0b00	0xb	0x0	0x18ee8a0	0x0
6	0x23ba8a0	0x23bc5f8	0x2201	0x22	0x1	0x18ee890	0x0
6	0x23ba8a0	0x23bc610	0x2202	0x22	0x2	0x18ee8b0	0x0
6	0x23ba8a0	0x23bc628	0x0b03	0xb	0x3	0x18ee150	0x0
6	0x23ba8a0	0x23bc640	0x2204	0x22	0x4	0x18ee110	0x0
6	0x23ba8a0	0x23bc658	0x2205	0x22	0x5	0x18ee190	0x0
6	0x23ba8a0	0x23bc670	0x0306	0x3	0x6	0x18ee260	0x0
6	0x23ba8a0	0x23bc688	0x0507	0x5	0x7	0x18ee240	0x0
6	0x23ba8a0	0x23bc6a0	0x0508	0x5	0x8	0x18ee280	0x0
6	0x23ba8a0	0x23bc6b8	0x050a	0x5	0xa	0x18ee2b0	0x0
6	0x23ba8a0	0x23bc6d0	0x050b	0x5	0xb	0x18ee2e0	0x0
6	0x23ba8a0	0x23bc6e8	0x050c	0x5	0xc	0x18ee480	0x0
6	0x23ba8a0	0x23bc700	0x190d	0x19	0xd	0x18ee4b0	0x0
6	0x23ba8a0	0x23bc718	0x050e	0x5	0xe	0x18ee4c0	0x0
6	0x23ba8a0	0x23bc730	0x190f	0x19	0xf	0x18ee490	0x0
6	0x23ba8a0	0x23bc748	0x0510	0x5	0x10	0x18ee4a0	0x0
6	0x23ba8a0	0x23bc760	0x0511	0x5	0x11	0x18ee430	0x0
6	0x23ba8a0	0x23bc778	0x1912	0x19	0x12	0x18ee460	0x0
6	0x23ba8a0	0x23bc790	0x0513	0x5	0x13	0x18ee470	0x0
6	0x23ba8a0	0x23bc7a8	0x1914	0x19	0x14	0x18ee440	0x0
6	0x23ba8a0	0x23bc7c0	0x0515	0x5	0x15	0x18ee450	0x0
6	0x23ba8a0	0x23bc7d8	0x0516	0x5	0x16	0x18ee3d0	0x0
6	0x23ba8a0	0x23bc7f0	0x0317	0x3	0x17	0x18ee3e0	0x0
6	0x23ba8a0	0x23bc808	0x0518	0x5	0x18	0x18ee3f0	0x0
6	0x23ba8a0	0x23bc820	0x1919	0x19	0x19	0x18ee360	0x0
6	0x23ba8a0	0x23bc838	0x051a	0x5	0x1a	0x18ee350	0x0
6	0x23ba8a0	0x23bc850	0x191b	0x19	0x1b	0x18ee380	0x0
6	0x23ba8a0	0x23bc868	0x051c	0x5	0x1c	0x18ee390	0x0
6	0x23ba8a0	0x23bc880	0x051d	0x5	0x1d	0x18ee370	0x0
6	0x23ba8a0	0x23bc898	0x051e	0x5	0x1e	0x18ee960	0x0
6	0x23ba8a0	0x23bc8b0	0x051f	0x5	0x1f	0x18ee970	0x0
6	0x23ba8a0	0x23bc8c8	0x0520	0x5	0x20	0x18ee980	0x0
6	0x23ba8a0	0x23bc8e0	0x0521	0x5	0x21	0x18ee9b0	0x0
6	0x23ba8a0	0x23bc8f8	0x0522	0x5	0x22	0x18ee9c0	0x0
6	0x23ba8a0	0x23bc910	0x0523	0x5	0x23	0x18ee9d0	0x0
6	0x23ba8a0	0x23bc928	0x0524	0x5	0x24	0x18ee940	0x0
6	0x23ba8a0	0x23bc940	0x0525	0x5	0x25	0x18ee950	0x0
6	0x23ba8a0	0x23bc958	0x0626	0x6	0x26	0x18ee9a0	0x0
6	0x23ba8a0	0x23bc970	0x0628	0x6	0x28	0x18ee990	0x0
6	0x23ba8a0	0x23bc988	0x0b2a	0xb	0x2a	0x18ee140	0x0
6	0x23ba8a0	0x23bc9a0	0x222b	0x22	0x2b	0x18ee100	0x0
6	0x23ba8a0	0x23bc9b8	0x222c	0x22	0x2c	0x18ee180	0x0
6	0x23ba8a0	0x23bc9d0	0x0b2d	0xb	0x2d	0x18ee870	0x0
6	0x23ba8a0	0x23bc9e8	0x222e	0x22	0x2e	0x18ee860	0x0
6	0x23ba8a0	0x23bca00	0x222f	0x22	0x2f	0x18ee880	0x0
6	0x23ba8a0	0x23bca18	0x0330	0x3	0x30	0x18ee250	0x0
6	0x23ba8a0	0x23bca30	0x0531	0x5	0x31	0x18ee230	0x0
6	0x23ba8a0	0x23bca48	0x0532	0x5	0x32	0x18ee270	0x0
6	0x23ba8a0	0x23bca60	0x0534	0x5	0x34	0x18ee290	0x0
6	0x23ba8a0	0x23bca78	0x0535	0x5	0x35	0x18ee2c0	0x0
6	0x23ba8a0	0x23bca90	0x0536	0x5	0x36	0x18ee400	0x0
6	0x23ba8a0	0x23bcaa8	0x0337	0x3	0x37	0x18ee410	0x0
6	0x23ba8a0	0x23bcac0	0x0538	0x5	0x38	0x18ee420	0x0
6	0x23ba8a0	0x23bcad8	0x0539	0x5	0x39	0x18ee3a0	0x0
6	0x23ba8a0	0x23bcaf0	0x033a	0x3	0x3a	0x18ee3b0	0x0
6	0x23ba8a0	0x23bcb08	0x053b	0x5	0x3b	0x18ee3c0	0x0
6	0x23ba8a0	0x23bcb20	0x0b3d	0xb	0x3d	0x18ee130	0x0
6	0x23ba8a0	0x23bcb38	0x223e	0x22	0x3e	0x18ee0f0	0x0
6	0x23ba8a0	0x23bcb50	0x223f	0x22	0x3f	0x18ee170	0x0
6	0x23ba8a0	0x23bcb68	0x0b40	0xb	0x40	0x18ee920	0x0
6	0x23ba8a0	0x23bcb80	0x0541	0x5	0x41	0x18ee910	0x0
6	0x23ba8a0	0x23bcb98	0x0542	0x5	0x42	0x18ee930	0x0
6	0x23ba8a0	0x23bcbb0	0x0b43	0xb	0x43	0x18ee120	0x0
6	0x23ba8a0	0x23bcbc8	0x2244	0x22	0x44	0x18ee0e0	0x0
6	0x23ba8a0	0x23bcbe0	0x2245	0x22	0x45	0x18ee160	0x0
6	0x23ba8a0	0x23bcbf8	0x1946	0x19	0x46	0x18ee8d0	0x0
6	0x23ba8a0	0x23bcc10	0x2247	0x22	0x47	0x18ee8c0	0x0
6	0x23ba8a0	0x23bcc28	0x2248	0x22	0x48	0x18ee8e0	0x0
6	0x23ba8a0	0x23bcc40	0x054a	0x5	0x4a	0x18ee2a0	0x0
6	0x23ba8a0	0x23bcc58	0x054b	0x5	0x4b	0x18ee2d0	0x0
6	0x23ba8a0	0x23bcc70	0x054c	0x5	0x4c	0x18eea80	0x0
6	0x23ba8a0	0x23bcc88	0x054d	0x5	0x4d	0x18eea90	0x0
6	0x23ba8a0	0x23bcca0	0x034e	0x3	0x4e	0x18eeab0	0x0
6	0x23ba8a0	0x23bccb8	0x034f	0x3	0x4f	0x18eeaa0	0x0
6	0x23ba8a0	0x23bccd0	0x0b50	0xb	0x50	0x18ee1e0	0x0
6	0x23ba8a0	0x23bcce8	0x2251	0x22	0x51	0x18ee1b0	0x0
6	0x23ba8a0	0x23bcd00	0x2252	0x22	0x52	0x18ee210	0x0
6	0x23ba8a0	0x23bcd18	0x0b53	0xb	0x53	0x18ee1d0	0x0
6	0x23ba8a0	0x23bcd30	0x2254	0x22	0x54	0x18ee1a0	0x0
6	0x23ba8a0	0x23bcd48	0x2255	0x22	0x55	0x18ee200	0x0
6	0x23ba8a0	0x23bcd60	0x0356	0x3	0x56	0x18ee1f0	0x0
6	0x23ba8a0	0x23bcd78	0x0557	0x5	0x57	0x18ee1c0	0x0
6	0x23ba8a0	0x23bcd90	0x0558	0x5	0x58	0x18ee220	0x0
6	0x23ba8a0	0x23bcda8	0x225a	0x22	0x5a	0x18ee8f0	0x0
6	0x23ba8a0	0x23bcdc0	0x225b	0x22	0x5b	0x18ee900	0x0
6	0x23ba8a0	0x23bcdd8	0x055c	0x5	0x5c	0x18eea00	0x0
6	0x23ba8a0	0x23bcdf0	0x055d	0x5	0x5d	0x18eea10	0x0
6	0x23ba8a0	0x23bce08	0x055e	0x5	0x5e	0x18eea20	0x0
6	0x23ba8a0	0x23bce20	0x055f	0x5	0x5f	0x18eea50	0x0
6	0x23ba8a0	0x23bce38	0x0560	0x5	0x60	0x18eea60	0x0
6	0x23ba8a0	0x23bce50	0x0561	0x5	0x61	0x18eea70	0x0
6	0x23ba8a0	0x23bce68	0x0562	0x5	0x62	0x18ee9e0	0x0
6	0x23ba8a0	0x23bce80	0x0563	0x5	0x63	0x18ee9f0	0x0
6	0x23ba8a0	0x23bce98	0x0664	0x6	0x64	0x18eea40	0x0
6	0x23ba8a0	0x23bceb0	0x0666	0x6	0x66	0x18eea30	0x0
6	0x23ba8a0	0x23bcec8	0x0368	0x3	0x68	0x18ee300	0x0
6	0x23ba8a0	0x23bcee0	0x0569	0x5	0x69	0x18ee2f0	0x0
6	0x23ba8a0	0x23bcef8	0x056a	0x5	0x6a	0x18ee310	0x0
6	0x23ba8a0	0x23bcf10	0x036b	0x3	0x6b	0x18ee620	0x0
6	0x23ba8a0	0x23bcf28	0x0a6c	0xa	0x6c	0x18ee610	0x0
6	0x23ba8a0	0x23bcf40	0x036d	0x3	0x6d	0x18ee640	0x0
6	0x23ba8a0	0x23bcf58	0x0a6e	0xa	0x6e	0x18ee650	0x0
6	0x23ba8a0	0x23bcf70	0x0a6f	0xa	0x6f	0x18ee630	0x0
6	0x23ba8a0	0x23bcf88	0x0570	0x5	0x70	0x18ee520	0x0
6	0x23ba8a0	0x23bcfa0	0x1971	0x19	0x71	0x18ee550	0x0
6	0x23ba8a0	0x23bcfb8	0x0572	0x5	0x72	0x18ee560	0x0
6	0x23ba8a0	0x23bcfd0	0x1973	0x19	0x73	0x18ee530	0x0
6	0x23ba8a0	0x23bcfe8	0x0574	0x5	0x74	0x18ee540	0x0
6	0x23ba8a0	0x23bd000	0x1975	0x19	0x75	0x18ee5d0	0x0
6	0x23ba8a0	0x23bd018	0x1376	0x13	0x76	0x18ee5c0	0x0
6	0x23ba8a0	0x23bd030	0x1977	0x19	0x77	0x18ee5f0	0x0
6	0x23ba8a0	0x23bd048	0x1378	0x13	0x78	0x18ee600	0x0
6	0x23ba8a0	0x23bd060	0x1379	0x13	0x79	0x18ee5e0	0x0
6	0x23ba8a0	0x23bd078	0x057f	0x5	0x7f	0x18eeac0	0x0
6	0x23ba8a0	0x23bd090	0x0680	0x6	0x80	0x18eead0	0x0
6	0x23ba8a0	0x23bd0a8	0x0581	0x5	0x81	0x18eeae0	0x0
6	0x23ba8a0	0x23bd0c0	0x0582	0x5	0x82	0x18eeb00	0x0
6	0x23ba8a0	0x23bd0d8	0x0383	0x3	0x83	0x18eeb20	0x0
6	0x23ba8a0	0x23bd0f0	0x0584	0x5	0x84	0x18eeb40	0x0
6	0x23ba8a0	0x23bd108	0x0a85	0xa	0x85	0x18eeb80	0x0
6	0x23ba8a0	0x23bd120	0x0386	0x3	0x86	0x18eeb90	0x0
6	0x23ba8a0	0x23bd138	0x0a87	0xa	0x87	0x18eeba0	0x0
6	0x23ba8a0	0x23bd150	0x0a88	0xa	0x88	0x18eeb50	0x0
6	0x23ba8a0	0x23bd168	0x0389	0x3	0x89	0x18eeb60	0x0
6	0x23ba8a0	0x23bd180	0x0a8a	0xa	0x8a	0x18eeb70	0x0
6	0x23ba8a0	0x23bd198	0x0b8b	0xb	0x8b	0x18ee7a0	0x0
6	0x23ba8a0	0x23bd1b0	0x228c	0x22	0x8c	0x18ee790	0x0
6	0x23ba8a0	0x23bd1c8	0x228d	0x22	0x8d	0x18ee7b0	0x0
6	0x23ba8a0	0x23bd1e0	0x0b8e	0xb	0x8e	0x18ee770	0x0
6	0x23ba8a0	0x23bd1f8	0x228f	0x22	0x8f	0x18ee760	0x0
6	0x23ba8a0	0x23bd210	0x2290	0x22	0x90	0x18ee780	0x0
6	0x23ba8a0	0x23bd228	0x0391	0x3	0x91	0x18ee7d0	0x0
6	0x23ba8a0	0x23bd240	0x2292	0x22	0x92	0x18ee7c0	0x0
6	0x23ba8a0	0x23bd258	0x2293	0x22	0x93	0x18ee7e0	0x0
6	0x23ba8a0	0x23bd270	0x2295	0x22	0x95	0x18ee7f0	0x0
6	0x23ba8a0	0x23bd288	0x2296	0x22	0x96	0x18ee800	0x0
6	0x23ba8a0	0x23bd2a0	0x0397	0x3	0x97	0x18ee820	0x0
6	0x23ba8a0	0x23bd2b8	0x0a98	0xa	0x98	0x18ee810	0x0
6	0x23ba8a0	0x23bd2d0	0x0399	0x3	0x99	0x18ee840	0x0
6	0x23ba8a0	0x23bd2e8	0x0a9a	0xa	0x9a	0x18ee850	0x0
6	0x23ba8a0	0x23bd300	0x0a9b	0xa	0x9b	0x18ee830	0x0
6	0x23ba8a0	0x23bd318	0x0a9c	0xa	0x9c	0x18eeaf0	0x0
6	0x23ba8a0	0x23bd330	0x039d	0x3	0x9d	0x18eeb10	0x0
6	0x23ba8a0	0x23bd348	0x0a9e	0xa	0x9e	0x18eeb30	0x0
6	0x23ba8a0	0x23bd360	0x0b9f	0xb	0x9f	0x18ee6f0	0x0
6	0x23ba8a0	0x23bd378	0x22a0	0x22	0xa0	0x18ee6e0	0x0
6	0x23ba8a0	0x23bd390	0x22a1	0x22	0xa1	0x18ee700	0x0
6	0x23ba8a0	0x23bd3a8	0x0ba2	0xb	0xa2	0x18ee6c0	0x0
6	0x23ba8a0	0x23bd3c0	0x22a3	0x22	0xa3	0x18ee6b0	0x0
6	0x23ba8a0	0x23bd3d8	0x22a4	0x22	0xa4	0x18ee6d0	0x0
6	0x23ba8a0	0x23bd3f0	0x03a5	0x3	0xa5	0x18ee720	0x0
6	0x23ba8a0	0x23bd408	0x22a6	0x22	0xa6	0x18ee710	0x0
6	0x23ba8a0	0x23bd420	0x22a7	0x22	0xa7	0x18ee730	0x0
6	0x23ba8a0	0x23bd438	0x22a9	0x22	0xa9	0x18ee740	0x0
6	0x23ba8a0	0x23bd450	0x22aa	0x22	0xaa	0x18ee750	0x0
6	0x23ba8a0	0x23bd468	0x05ab	0x5	0xab	0x18ee570	0x0
6	0x23ba8a0	0x23bd480	0x19ac	0x19	0xac	0x18ee5a0	0x0
6	0x23ba8a0	0x23bd498	0x05ad	0x5	0xad	0x18ee5b0	0x0
6	0x23ba8a0	0x23bd4b0	0x19ae	0x19	0xae	0x18ee580	0x0
6	0x23ba8a0	0x23bd4c8	0x05af	0x5	0xaf	0x18ee590	0x0
6	0x23ba8a0	0x23bd4e0	0x19b0	0x19	0xb0	0x18ee670	0x0
6	0x23ba8a0	0x23bd4f8	0x13b1	0x13	0xb1	0x18ee660	0x0
6	0x23ba8a0	0x23bd510	0x19b2	0x19	0xb2	0x18ee690	0x0
6	0x23ba8a0	0x23bd528	0x13b3	0x13	0xb3	0x18ee6a0	0x0
6	0x23ba8a0	0x23bd540	0x13b4	0x13	0xb4	0x18ee680	0x0
6	0x23ba8a0	0x23bd558	0x06b5	0x6	0xb5	0x18ee330	0x0
6	0x23ba8a0	0x23bd570	0x05b6	0x5	0xb6	0x18ee320	0x0
6	0x23ba8a0	0x23bd588	0x05b7	0x5	0xb7	0x18ee340	0x0
6	0x23ba8a0	0x23bd5a0	0x03b8	0x3	0xb8	0x18eebe0	0x0
6	0x23ba8a0	0x23bd5b8	0x03b9	0x3	0xb9	0x18eebf0	0x0
6	0x23ba8a0	0x23bd5d0	0x05ba	0x5	0xba	0x18eebd0	0x0
6	0x23ba8a0	0x23bd5e8	0x03bb	0x3	0xbb	0x18eebc0	0x0
6	0x23ba8a0	0x23bd600	0x05bc	0x5	0xbc	0x18eebb0	0x0
6	0x23ba8a0	0x23bd618	0x05bd	0x5	0xbd	0x18ee4d0	0x0
6	0x23ba8a0	0x23bd630	0x19be	0x19	0xbe	0x18ee500	0x0
6	0x23ba8a0	0x23bd648	0x05bf	0x5	0xbf	0x18ee510	0x0
6	0x23ba8a0	0x23bd660	0x19c0	0x19	0xc0	0x18ee4e0	0x0
6	0x23ba8a0	0x23bd678	0x05c1	0x5	0xc1	0x18ee4f0	0x0
6	0x23ba8a0	0x23bd690	0x0500	0x5	0x0	0x18eed40	0x0
6	0x23ba8a0	0x23bd6c0	0x1306	0x13	0x6	0x18f02b0	0x0
6	0x23ba8a0	0x23bd6d8	0x1307	0x13	0x7	0x18f02c0	0x0
6	0x23ba8a0	0x23bd6f0	0x1908	0x19	0x8	0x18f0300	0x0
6	0x23ba8a0	0x23bd708	0x1309	0x13	0x9	0x18f02f0	0x0
6	0x23ba8a0	0x23bd720	0x130a	0x13	0xa	0x18f0310	0x0
6	0x23ba8a0	0x23bd738	0x050c	0x5	0xc	0x18f02d0	0x0
6	0x23ba8a0	0x23bd750	0x050d	0x5	0xd	0x18f02e0	0x0
6	0x23ba8a0	0x23bd768	0x030e	0x3	0xe	0x18f0330	0x0
6	0x23ba8a0	0x23bd780	0x050f	0x5	0xf	0x18f0320	0x0
6	0x23ba8a0	0x23bd798	0x0510	0x5	0x10	0x18f0340	0x0
6	0x23ba8a0	0x23bd7b0	0x2311	0x23	0x11	0x18f0360	0x0
6	0x23ba8a0	0x23bd7c8	0x1312	0x13	0x12	0x18f0350	0x0
6	0x23ba8a0	0x23bd7e0	0x1313	0x13	0x13	0x18f0370	0x0
6	0x23ba8a0	0x23bd7f8	0x2314	0x23	0x14	0x18f0390	0x0
6	0x23ba8a0	0x23bd810	0x1315	0x13	0x15	0x18f0380	0x0
6	0x23ba8a0	0x23bd828	0x1316	0x13	0x16	0x18f03a0	0x0
6	0x23ba8a0	0x23bd840	0x0a17	0xa	0x17	0x18f03b0	0x0
6	0x23ba8a0	0x23bd858	0x0318	0x3	0x18	0x18f03c0	0x0
6	0x23ba8a0	0x23bd870	0x0a19	0xa	0x19	0x18f03d0	0x0
6	0x23ba8a0	0x23bd888	0x031a	0x3	0x1a	0x18f0480	0x0
6	0x23ba8a0	0x23bd8a0	0x0a1b	0xa	0x1b	0x18f0470	0x0
6	0x23ba8a0	0x23bd8b8	0x0a1c	0xa	0x1c	0x18f03e0	0x0
6	0x23ba8a0	0x23bd8d0	0x031d	0x3	0x1d	0x18f03f0	0x0
6	0x23ba8a0	0x23bd8e8	0x0a1e	0xa	0x1e	0x18f0400	0x0
6	0x23ba8a0	0x23bd900	0x031f	0x3	0x1f	0x18f04a0	0x0
6	0x23ba8a0	0x23bd918	0x0a20	0xa	0x20	0x18f0490	0x0
6	0x23ba8a0	0x23bd930	0x0521	0x5	0x21	0x18f0410	0x0
6	0x23ba8a0	0x23bd948	0x0322	0x3	0x22	0x18f0420	0x0
6	0x23ba8a0	0x23bd960	0x0523	0x5	0x23	0x18f0430	0x0
6	0x23ba8a0	0x23bd978	0x0324	0x3	0x24	0x18f04c0	0x0
6	0x23ba8a0	0x23bd990	0x0525	0x5	0x25	0x18f04b0	0x0
6	0x23ba8a0	0x23bd9a8	0x0226	0x2	0x26	0x18f0440	0x0
6	0x23ba8a0	0x23bd9c0	0x0327	0x3	0x27	0x18f0450	0x0
6	0x23ba8a0	0x23bd9d8	0x0228	0x2	0x28	0x18f0460	0x0
6	0x23ba8a0	0x23bd9f0	0x0329	0x3	0x29	0x18f04e0	0x0
6	0x23ba8a0	0x23bda08	0x022a	0x2	0x2a	0x18f04d0	0x0
6	0x23ba8a0	0x23bda20	0x1903	0x19	0x3	0x18efbf0	0x0
6	0x23ba8a0	0x23bda38	0x0504	0x5	0x4	0x18efbe0	0x0
6	0x23ba8a0	0x23bda50	0x0505	0x5	0x5	0x18efc00	0x0
6	0x23ba8a0	0x23bda68	0x050a	0x5	0xa	0x18efbc0	0x0
6	0x23ba8a0	0x23bda80	0x050b	0x5	0xb	0x18efbd0	0x0
6	0x23ba8a0	0x23bda98	0x0d0c	0xd	0xc	0x18efc20	0x0
6	0x23ba8a0	0x23bdab0	0x050d	0x5	0xd	0x18efc10	0x0
6	0x23ba8a0	0x23bdac8	0x050e	0x5	0xe	0x18efc30	0x0
6	0x23ba8a0	0x23bdae0	0x050f	0x5	0xf	0x18efc40	0x0
6	0x23ba8a0	0x23bdaf8	0x0310	0x3	0x10	0x18efc50	0x0
6	0x23ba8a0	0x23bdb10	0x0511	0x5	0x11	0x18efc60	0x0
6	0x23ba8a0	0x23bdb28	0x0512	0x5	0x12	0x18efc70	0x0
6	0x23ba8a0	0x23bdb40	0x0313	0x3	0x13	0x18efc80	0x0
6	0x23ba8a0	0x23bdb58	0x0514	0x5	0x14	0x18efc90	0x0
6	0x23ba8a0	0x23bdb70	0x0315	0x3	0x15	0x18efce0	0x0
6	0x23ba8a0	0x23bdb88	0x0516	0x5	0x16	0x18efcd0	0x0
6	0x23ba8a0	0x23bdba0	0x0217	0x2	0x17	0x18efca0	0x0
6	0x23ba8a0	0x23bdbb8	0x0318	0x3	0x18	0x18efcb0	0x0
6	0x23ba8a0	0x23bdbd0	0x0219	0x2	0x19	0x18efcc0	0x0
6	0x23ba8a0	0x23bdbe8	0x031a	0x3	0x1a	0x18efd00	0x0
6	0x23ba8a0	0x23bdc00	0x021b	0x2	0x1b	0x18efcf0	0x0
6	0x23ba8a0	0x23bdc20	0x0600	0x6	0x0	0x18ede70	0x0
6	0x23ba8a0	0x23bdc38	0x0601	0x6	0x1	0x18ede90	0x0
6	0x23ba8a0	0x23bdc50	0x0502	0x5	0x2	0x18eded0	0x0
6	0x23ba8a0	0x23bdc68	0x060a	0x6	0xa	0x18ede80	0x0
6	0x23ba8a0	0x23bdc80	0x060b	0x6	0xb	0x18ede60	0x0
6	0x23ba8a0	0x23bdc98	0x060c	0x6	0xc	0x18edea0	0x0
6	0x23ba8a0	0x23bdcb0	0x060d	0x6	0xd	0x18edeb0	0x0
6	0x23ba8a0	0x23bdcc8	0x050e	0x5	0xe	0x18edec0	0x0
6	0x23ba8a0	0x23bdce0	0x050f	0x5	0xf	0x18edee0	0x0
6	0x23ba8a0	0x23bdd00	0x1300	0x13	0x0	0x18eee20	0x0
6	0x23ba8a0	0x23bdd18	0x1301	0x13	0x1	0x18eee30	0x0
6	0x23ba8a0	0x23bdd30	0x1302	0x13	0x2	0x18eee10	0x0
6	0x23ba8a0	0x23bdd48	0x1903	0x19	0x3	0x18eedc0	0x0
6	0x23ba8a0	0x23bdd60	0x1904	0x19	0x4	0x18eedf0	0x0
6	0x23ba8a0	0x23bdd78	0x1305	0x13	0x5	0x18eede0	0x0
6	0x23ba8a0	0x23bdd90	0x1306	0x13	0x6	0x18eee00	0x0
6	0x23ba8a0	0x23bdda8	0x1307	0x13	0x7	0x18eedd0	0x0
6	0x23ba8a0	0x23bddc0	0x0a0f	0xa	0xf	0x18eeda0	0x0
6	0x23ba8a0	0x23bddd8	0x0a10	0xa	0x10	0x18eedb0	0x0
6	0x23ba8a0	0x23bddf0	0x0a11	0xa	0x11	0x18eed90	0x0
6	0x23ba8a0	0x23bde08	0x0d12	0xd	0x12	0x18eeee0	0x0
6	0x23ba8a0	0x23bde20	0x0d13	0xd	0x13	0x18eef10	0x0
6	0x23ba8a0	0x23bde38	0x1314	0x13	0x14	0x18eef00	0x0
6	0x23ba8a0	0x23bde50	0x1315	0x13	0x15	0x18eef20	0x0
6	0x23ba8a0	0x23bde68	0x1316	0x13	0x16	0x18eeef0	0x0
6	0x23ba8a0	0x23bde80	0x0d17	0xd	0x17	0x18eef30	0x0
6	0x23ba8a0	0x23bde98	0x0d18	0xd	0x18	0x18eef60	0x0
6	0x23ba8a0	0x23bdeb0	0x1319	0x13	0x19	0x18eef50	0x0
6	0x23ba8a0	0x23bdec8	0x131a	0x13	0x1a	0x18eef70	0x0
6	0x23ba8a0	0x23bdee0	0x131b	0x13	0x1b	0x18eef40	0x0
6	0x23ba8a0	0x23bdef8	0x231c	0x23	0x1c	0x18eee90	0x0
6	0x23ba8a0	0x23bdf10	0x231d	0x23	0x1d	0x18eeec0	0x0
6	0x23ba8a0	0x23bdf28	0x131e	0x13	0x1e	0x18eeeb0	0x0
6	0x23ba8a0	0x23bdf40	0x131f	0x13	0x1f	0x18eeed0	0x0
6	0x23ba8a0	0x23bdf58	0x1320	0x13	0x20	0x18eeea0	0x0
6	0x23ba8a0	0x23bdf70	0x2321	0x23	0x21	0x18eee40	0x0
6	0x23ba8a0	0x23bdf88	0x2322	0x23	0x22	0x18eee70	0x0
6	0x23ba8a0	0x23bdfa0	0x1323	0x13	0x23	0x18eee60	0x0
6	0x23ba8a0	0x23bdfb8	0x1324	0x13	0x24	0x18eee80	0x0
6	0x23ba8a0	0x23bdfd0	0x1325	0x13	0x25	0x18eee50	0x0
6	0x23ba8a0	0x23be000	0x0a01	0xa	0x1	0x18ed9d0	0x0
6	0x23ba8a0	0x23be018	0x0206	0x2	0x6	0x18ed9c0	0x0
6	0x23ba8a0	0x23be030	0x0307	0x3	0x7	0x18ed880	0x0
6	0x23ba8a0	0x23be048	0x0508	0x5	0x8	0x18ed870	0x0
6	0x23ba8a0	0x23be060	0x0509	0x5	0x9	0x18ed890	0x0
6	0x23ba8a0	0x23be078	0x050a	0x5	0xa	0x18ed8a0	0x0
6	0x23ba8a0	0x23be090	0x050b	0x5	0xb	0x18ed8b0	0x0
6	0x23ba8a0	0x23be0a8	0x0510	0x5	0x10	0x18ed850	0x0
6	0x23ba8a0	0x23be0c0	0x0511	0x5	0x11	0x18ed860	0x0
6	0x23ba8a0	0x23be0d8	0x0d12	0xd	0x12	0x18ed8d0	0x0
6	0x23ba8a0	0x23be0f0	0x0513	0x5	0x13	0x18ed8c0	0x0
6	0x23ba8a0	0x23be108	0x0514	0x5	0x14	0x18ed8e0	0x0
6	0x23ba8a0	0x23be120	0x0a18	0xa	0x18	0x18ed950	0x0
6	0x23ba8a0	0x23be138	0x0319	0x3	0x19	0x18ed970	0x0
6	0x23ba8a0	0x23be150	0x0a1a	0xa	0x1a	0x18ed960	0x0
6	0x23ba8a0	0x23be168	0x031b	0x3	0x1b	0x18ed9b0	0x0
6	0x23ba8a0	0x23be180	0x0a1c	0xa	0x1c	0x18ed9a0	0x0
6	0x23ba8a0	0x23be198	0x051d	0x5	0x1d	0x18ed900	0x0
6	0x23ba8a0	0x23be1b0	0x031e	0x3	0x1e	0x18ed940	0x0
6	0x23ba8a0	0x23be1c8	0x051f	0x5	0x1f	0x18ed920	0x0
6	0x23ba8a0	0x23be1e0	0x0220	0x2	0x20	0x18ed8f0	0x0
6	0x23ba8a0	0x23be1f8	0x0321	0x3	0x21	0x18ed930	0x0
6	0x23ba8a0	0x23be210	0x0222	0x2	0x22	0x18ed910	0x0
6	0x23ba8a0	0x23be228	0x0323	0x3	0x23	0x18ed990	0x0
6	0x23ba8a0	0x23be240	0x0224	0x2	0x24	0x18ed980	0x0
6	0x23ba8a0	0x23be260	0x0500	0x5	0x0	0x18efb50	0x0
6	0x23ba8a0	0x23be278	0x0501	0x5	0x1	0x18efb40	0x0
6	0x23ba8a0	0x23be290	0x0304	0x3	0x4	0x18efb20	0x0
6	0x23ba8a0	0x23be2a8	0x0305	0x3	0x5	0x18efb80	0x0
6	0x23ba8a0	0x23be2c0	0x0308	0x3	0x8	0x18efb30	0x0
6	0x23ba8a0	0x23be2d8	0x0309	0x3	0x9	0x18efb90	0x0
6	0x23ba8a0	0x23be2f0	0x050a	0x5	0xa	0x18efba0	0x0
6	0x23ba8a0	0x23be308	0x050b	0x5	0xb	0x18efaf0	0x0
6	0x23ba8a0	0x23be320	0x060c	0x6	0xc	0x18efb00	0x0
6	0x23ba8a0	0x23be338	0x050d	0x5	0xd	0x18efb10	0x0
6	0x23ba8a0	0x23be350	0x060e	0x6	0xe	0x18efb70	0x0
6	0x23ba8a0	0x23be368	0x050f	0x5	0xf	0x18efb60	0x0
6	0x23ba8a0	0x23be380	0x0700	0x7	0x0	0x18edf00	0x0
6	0x23ba8a0	0x23be398	0x0701	0x7	0x1	0x18edef0	0x0
6	0x23ba8a0	0x23be3b0	0x0702	0x7	0x2	0x18edf10	0x0
6	0x23ba8a0	0x23be3c8	0x0503	0x5	0x3	0x18edf50	0x0
6	0x23ba8a0	0x23be3e0	0x0704	0x7	0x4	0x18edf30	0x0
6	0x23ba8a0	0x23be3f8	0x0705	0x7	0x5	0x18edf20	0x0
6	0x23ba8a0	0x23be410	0x0506	0x5	0x6	0x18edf60	0x0
6	0x23ba8a0	0x23be428	0x0707	0x7	0x7	0x18edf40	0x0
6	0x23ba8a0	0x23be440	0x0500	0x5	0x0	0x18ee000	0x0
6	0x23ba8a0	0x23be458	0x0501	0x5	0x1	0x18ee020	0x0
6	0x23ba8a0	0x23be470	0x0502	0x5	0x2	0x18ee010	0x0
6	0x23ba8a0	0x23be4a0	0x0300	0x3	0x0	0x18eff90	0x0
6	0x23ba8a0	0x23be4b8	0x0601	0x6	0x1	0x18effb0	0x0
6	0x23ba8a0	0x23be4d0	0x0602	0x6	0x2	0x18effa0	0x0
6	0x23ba8a0	0x23be500	0x0700	0x7	0x0	0x18ede40	0x0
6	0x23ba8a0	0x23be518	0x0701	0x7	0x1	0x18ede50	0x0
6	0x23ba8a0	0x23be530	0x0702	0x7	0x2	0x18ede20	0x0
6	0x23ba8a0	0x23be548	0x0703	0x7	0x3	0x18ede30	0x0
6	0x23ba8a0	0x23be560	0x0500	0x5	0x0	0x18eddd0	0x0
6	0x23ba8a0	0x23be578	0x0601	0x6	0x1	0x18edde0	0x0
6	0x23ba8a0	0x23be590	0x0502	0x5	0x2	0x18eddf0	0x0
6	0x23ba8a0	0x23be5a8	0x0603	0x6	0x3	0x18ede10	0x0
6	0x23ba8a0	0x23be5c0	0x0504	0x5	0x4	0x18ede00	0x0
6	0x23ba8a0	0x23be5e0	0x0500	0x5	0x0	0x18edf70	0x0
6	0x23ba8a0	0x23be5f8	0x0501	0x5	0x1	0x18edf80	0x0
6	0x23ba8a0	0x23be620	0x0700	0x7	0x0	0x18edd90	0x0
6	0x23ba8a0	0x23be638	0x0701	0x7	0x1	0x18eddb0	0x0
6	0x23ba8a0	0x23be650	0x0702	0x7	0x2	0x18edda0	0x0
6	0x23ba8a0	0x23be668	0x0703	0x7	0x3	0x18eddc0	0x0
6	0x23ba8a0	0x23be680	0x0704	0x7	0x4	0x18edd50	0x0
6	0x23ba8a0	0x23be698	0x0705	0x7	0x5	0x18edd70	0x0
6	0x23ba8a0	0x23be6b0	0x0706	0x7	0x6	0x18edd60	0x0
6	0x23ba8a0	0x23be6c8	0x0707	0x7	0x7	0x18edd80	0x0
6	0x23ba8a0	0x23be6e0	0x0200	0x2	0x0	0x18f0ae0	0x0
6	0x23ba8a0	0x23be700	0x0a00	0xa	0x0	0x18f0af0	0x0
6	0x23ba8a0	0x23be720	0x0500	0x5	0x0	0x18edd00	0x0
6	0x23ba8a0	0x23be738	0x0301	0x3	0x1	0x18edd10	0x0
6	0x23ba8a0	0x23be750	0x0502	0x5	0x2	0x18edd20	0x0
6	0x23ba8a0	0x23be768	0x0303	0x3	0x3	0x18edd40	0x0
6	0x23ba8a0	0x23be780	0x0504	0x5	0x4	0x18edd30	0x0
6	0x23ba8a0	0x23be7a0	0x0500	0x5	0x0	0x18eec00	0x0
6	0x23ba8a0	0x23be7b8	0x0301	0x3	0x1	0x18eec20	0x0
6	0x23ba8a0	0x23be7d0	0x0502	0x5	0x2	0x18eec10	0x0
6	0x23ba8a0	0x23be7e8	0x0303	0x3	0x3	0x18eec50	0x0
6	0x23ba8a0	0x23be800	0x0504	0x5	0x4	0x18eec40	0x0
6	0x23ba8a0	0x23be818	0x0507	0x5	0x7	0x18eec30	0x0
6	0x23ba8a0	0x23be830	0x0508	0x5	0x8	0x18eec60	0x0
7	0x23db120	0x23db120	0x0200	0x2	0x0	0x1aee1d0	0x0
7	0x23db120	0x23db138	0x0301	0x3	0x1	0x1aee200	0x0
7	0x23db120	0x23db150	0x0202	0x2	0x2	0x1aee210	0x0
7	0x23db120	0x23db168	0x0303	0x3	0x3	0x1aee1e0	0x0
7	0x23db120	0x23db180	0x0204	0x2	0x4	0x1aee1f0	0x0
7	0x23db120	0x23db1a0	0x0200	0x2	0x0	0x1aee180	0x0
7	0x23db120	0x23db1b8	0x0301	0x3	0x1	0x1aee1b0	0x0
7	0x23db120	0x23db1d0	0x0202	0x2	0x2	0x1aee1c0	0x0
7	0x23db120	0x23db1e8	0x0303	0x3	0x3	0x1aee190	0x0
7	0x23db120	0x23db200	0x0204	0x2	0x4	0x1aee1a0	0x0
7	0x23db120	0x23db220	0x2300	0x23	0x0	0x1aeffb0	0x0
7	0x23db120	0x23db238	0x1301	0x13	0x1	0x1aeffa0	0x0
7	0x23db120	0x23db250	0x1302	0x13	0x2	0x1aeffc0	0x0
7	0x23db120	0x23db268	0x0203	0x2	0x3	0x1aeffd0	0x0
7	0x23db120	0x23db280	0x0304	0x3	0x4	0x1aeffe0	0x0
7	0x23db120	0x23db298	0x0205	0x2	0x5	0x1aefff0	0x0
7	0x23db120	0x23db2c0	0x2300	0x23	0x0	0x1aefe10	0x0
7	0x23db120	0x23db2d8	0x1301	0x13	0x1	0x1aefe00	0x0
7	0x23db120	0x23db2f0	0x1302	0x13	0x2	0x1aefe20	0x0
7	0x23db120	0x23db308	0x0203	0x2	0x3	0x1aefe30	0x0
7	0x23db120	0x23db320	0x0304	0x3	0x4	0x1aefe40	0x0
7	0x23db120	0x23db338	0x0205	0x2	0x5	0x1aefe50	0x0
7	0x23db120	0x23db360	0x0502	0x5	0x2	0x1aefc50	0x0
7	0x23db120	0x23db378	0x0503	0x5	0x3	0x1aefc90	0x0
7	0x23db120	0x23db390	0x0504	0x5	0x4	0x1aefc70	0x0
7	0x23db120	0x23db3a8	0x0505	0x5	0x5	0x1aefcb0	0x0
7	0x23db120	0x23db3c0	0x0506	0x5	0x6	0x1aefc60	0x0
7	0x23db120	0x23db3d8	0x0507	0x5	0x7	0x1aefca0	0x0
7	0x23db120	0x23db3f0	0x050a	0x5	0xa	0x1aefc40	0x0
7	0x23db120	0x23db408	0x050b	0x5	0xb	0x1aefc80	0x0
7	0x23db120	0x23db420	0x0302	0x3	0x2	0x1af0e10	0x0
7	0x23db120	0x23db438	0x0303	0x3	0x3	0x1af0e00	0x0
7	0x23db120	0x23db450	0x1904	0x19	0x4	0x1af0e20	0x0
7	0x23db120	0x23db468	0x1905	0x19	0x5	0x1af0e40	0x0
7	0x23db120	0x23db480	0x1906	0x19	0x6	0x1af0e30	0x0
7	0x23db120	0x23db498	0x0311	0x3	0x11	0x1af0e50	0x0
7	0x23db120	0x23db4b0	0x0312	0x3	0x12	0x1af0dd0	0x0
7	0x23db120	0x23db4c8	0x0313	0x3	0x13	0x1af0df0	0x0
7	0x23db120	0x23db4e0	0x0314	0x3	0x14	0x1af0de0	0x0
7	0x23db120	0x23db4f8	0x031c	0x3	0x1c	0x1af0e60	0x0
7	0x23db120	0x23db510	0x031d	0x3	0x1d	0x1af0e80	0x0
7	0x23db120	0x23db528	0x0324	0x3	0x24	0x1af0e70	0x0
7	0x23db120	0x23db540	0x0325	0x3	0x25	0x1af0e90	0x0
7	0x23db120	0x23db560	0x0500	0x5	0x0	0x1af0c20	0x0
7	0x23db120	0x23db578	0x0301	0x3	0x1	0x1af0c30	0x0
7	0x23db120	0x23db590	0x0502	0x5	0x2	0x1af0c40	0x0
7	0x23db120	0x23db5a8	0x0303	0x3	0x3	0x1af0c60	0x0
7	0x23db120	0x23db5c0	0x0504	0x5	0x4	0x1af0c50	0x0
7	0x23db120	0x23db5e0	0x0500	0x5	0x0	0x1af0bb0	0x0
7	0x23db120	0x23db5f8	0x0301	0x3	0x1	0x1af0bc0	0x0
7	0x23db120	0x23db610	0x0302	0x3	0x2	0x1af0be0	0x0
7	0x23db120	0x23db628	0x0503	0x5	0x3	0x1af0bd0	0x0
7	0x23db120	0x23db640	0x0304	0x3	0x4	0x1af0c00	0x0
7	0x23db120	0x23db658	0x0305	0x3	0x5	0x1af0c10	0x0
7	0x23db120	0x23db670	0x0506	0x5	0x6	0x1af0bf0	0x0
7	0x23db120	0x23db6a0	0x0200	0x2	0x0	0x1af0af0	0x0
7	0x23db120	0x23db6b8	0x0301	0x3	0x1	0x1af0b00	0x0
7	0x23db120	0x23db6d0	0x0202	0x2	0x2	0x1af0b20	0x0
7	0x23db120	0x23db6e8	0x0303	0x3	0x3	0x1af0b10	0x0
7	0x23db120	0x23db700	0x0304	0x3	0x4	0x1af0b60	0x0
7	0x23db120	0x23db718	0x0205	0x2	0x5	0x1af0b30	0x0
7	0x23db120	0x23db730	0x0306	0x3	0x6	0x1af0b50	0x0
7	0x23db120	0x23db748	0x0207	0x2	0x7	0x1af0b40	0x0
7	0x23db120	0x23db760	0x0500	0x5	0x0	0x1af0aa0	0x0
7	0x23db120	0x23db778	0x0301	0x3	0x1	0x1af0ab0	0x0
7	0x23db120	0x23db790	0x0502	0x5	0x2	0x1af0ac0	0x0
7	0x23db120	0x23db7a8	0x0303	0x3	0x3	0x1af0ae0	0x0
7	0x23db120	0x23db7c0	0x0504	0x5	0x4	0x1af0ad0	0x0
7	0x23db120	0x23db7e0	0x0700	0x7	0x0	0x1af06c0	0x0
7	0x23db120	0x23db7f8	0x0701	0x7	0x1	0x1af06d0	0x0
7	0x23db120	0x23db810	0x0702	0x7	0x2	0x1af06a0	0x0
7	0x23db120	0x23db828	0x0703	0x7	0x3	0x1af06b0	0x0
7	0x23db120	0x23db840	0x0500	0x5	0x0	0x1af0690	0x0
7	0x23db120	0x23db860	0x0300	0x3	0x0	0x1aef440	0x0
7	0x23db120	0x23db878	0x0301	0x3	0x1	0x1aef460	0x0
7	0x23db120	0x23db890	0x0302	0x3	0x2	0x1aef450	0x0
7	0x23db120	0x23db8c0	0x0200	0x2	0x0	0x1af0570	0x0
7	0x23db120	0x23db8d8	0x0301	0x3	0x1	0x1af05a0	0x0
7	0x23db120	0x23db8f0	0x0202	0x2	0x2	0x1af05b0	0x0
7	0x23db120	0x23db908	0x0303	0x3	0x3	0x1af0580	0x0
7	0x23db120	0x23db920	0x0204	0x2	0x4	0x1af0590	0x0
7	0x23db120	0x23db938	0x0305	0x3	0x5	0x1af05d0	0x0
7	0x23db120	0x23db950	0x0206	0x2	0x6	0x1af05c0	0x0
7	0x23db120	0x23db980	0x0500	0x5	0x0	0x1af0500	0x0
7	0x23db120	0x23db998	0x0601	0x6	0x1	0x1af0510	0x0
7	0x23db120	0x23db9b0	0x0502	0x5	0x2	0x1af0520	0x0
7	0x23db120	0x23db9c8	0x0603	0x6	0x3	0x1af0540	0x0
7	0x23db120	0x23db9e0	0x0504	0x5	0x4	0x1af0530	0x0
7	0x23db120	0x23dba00	0x0b00	0xb	0x0	0x1af04f0	0x0
7	0x23db120	0x23dba20	0x0200	0x2	0x0	0x1af0310	0x0
7	0x23db120	0x23dba40	0x0500	0x5	0x0	0x1af0300	0x0
7	0x23db120	0x23dba58	0x0501	0x5	0x1	0x1af02d0	0x0
7	0x23db120	0x23dba70	0x0602	0x6	0x2	0x1af02e0	0x0
7	0x23db120	0x23dba88	0x0503	0x5	0x3	0x1af02f0	0x0
7	0x23db120	0x23dbaa0	0x0301	0x3	0x1	0x1af0330	0x0
7	0x23db120	0x23dbab8	0x0303	0x3	0x3	0x1af0350	0x0
7	0x23db120	0x23dbad0	0x0306	0x3	0x6	0x1af0320	0x0
7	0x23db120	0x23dbae8	0x0308	0x3	0x8	0x1af0340	0x0
7	0x23db120	0x23dbb00	0x0a00	0xa	0x0	0x1aef810	0x0
7	0x23db120	0x23dbb18	0x0301	0x3	0x1	0x1aef820	0x0
7	0x23db120	0x23dbb30	0x0a02	0xa	0x2	0x1aef830	0x0
7	0x23db120	0x23dbb48	0x0303	0x3	0x3	0x1aef970	0x0
7	0x23db120	0x23dbb60	0x0a04	0xa	0x4	0x1aef960	0x0
7	0x23db120	0x23dbb78	0x0a05	0xa	0x5	0x1aef7e0	0x0
7	0x23db120	0x23dbb90	0x0306	0x3	0x6	0x1aef7f0	0x0
7	0x23db120	0x23dbba8	0x0a07	0xa	0x7	0x1aef800	0x0
7	0x23db120	0x23dbbc0	0x0308	0x3	0x8	0x1aef950	0x0
7	0x23db120	0x23dbbd8	0x0a09	0xa	0x9	0x1aef940	0x0
7	0x23db120	0x23dbbf0	0x0a0a	0xa	0xa	0x1aef840	0x0
7	0x23db120	0x23dbc08	0x0a0b	0xa	0xb	0x1aef8b0	0x0
7	0x23db120	0x23dbc20	0x0a0c	0xa	0xc	0x1aef870	0x0
7	0x23db120	0x23dbc38	0x0a0d	0xa	0xd	0x1aef900	0x0
7	0x23db120	0x23dbc50	0x0a0e	0xa	0xe	0x1aef910	0x0
7	0x23db120	0x23dbc68	0x0a0f	0xa	0xf	0x1aef8e0	0x0
7	0x23db120	0x23dbc80	0x0a10	0xa	0x10	0x1aef8c0	0x0
7	0x23db120	0x23dbc98	0x0a11	0xa	0x11	0x1aef880	0x0
7	0x23db120	0x23dbcb0	0x0a12	0xa	0x12	0x1aef980	0x0
7	0x23db120	0x23dbcc8	0x0a13	0xa	0x13	0x1aef9c0	0x0
7	0x23db120	0x23dbce0	0x0a14	0xa	0x14	0x1aef9a0	0x0
7	0x23db120	0x23dbcf8	0x0a15	0xa	0x15	0x1aef9e0	0x0
7	0x23db120	0x23dbd10	0x0a16	0xa	0x16	0x1aef8f0	0x0
7	0x23db120	0x23dbd28	0x0a17	0xa	0x17	0x1aef890	0x0
7	0x23db120	0x23dbd40	0x0a18	0xa	0x18	0x1aef850	0x0
7	0x23db120	0x23dbd58	0x0a19	0xa	0x19	0x1aef920	0x0
7	0x23db120	0x23dbd70	0x0a1a	0xa	0x1a	0x1aef930	0x0
7	0x23db120	0x23dbd88	0x0a1b	0xa	0x1b	0x1aef8d0	0x0
7	0x23db120	0x23dbda0	0x0a1c	0xa	0x1c	0x1aef990	0x0
7	0x23db120	0x23dbdb8	0x0a1d	0xa	0x1d	0x1aef9d0	0x0
7	0x23db120	0x23dbdd0	0x0a1e	0xa	0x1e	0x1aef9b0	0x0
7	0x23db120	0x23dbde8	0x0a1f	0xa	0x1f	0x1aef8a0	0x0
7	0x23db120	0x23dbe00	0x0a20	0xa	0x20	0x1aef860	0x0
7	0x23db120	0x23dbe18	0x0a21	0xa	0x21	0x1aef9f0	0x0
7	0x23db120	0x23dbe40	0x0214	0x2	0x14	0x1af1010	0x0
7	0x23db120	0x23dbe58	0x0215	0x2	0x15	0x1af1000	0x0
7	0x23db120	0x23dbe70	0x0216	0x2	0x16	0x1aea9a0	0x0
7	0x23db120	0x23dbea0	0x0200	0x2	0x0	0x1af03b0	0x0
7	0x23db120	0x23dbeb8	0x0a01	0xa	0x1	0x1af0410	0x0
7	0x23db120	0x23dbed0	0x0302	0x3	0x2	0x1af03d0	0x0
7	0x23db120	0x23dbee8	0x0303	0x3	0x3	0x1af0430	0x0
7	0x23db120	0x23dbf00	0x0204	0x2	0x4	0x1af03c0	0x0
7	0x23db120	0x23dbf18	0x0a05	0xa	0x5	0x1af0420	0x0
7	0x23db120	0x23dbf30	0x0306	0x3	0x6	0x1af0490	0x0
7	0x23db120	0x23dbf48	0x0307	0x3	0x7	0x1af04d0	0x0
7	0x23db120	0x23dbf60	0x0208	0x2	0x8	0x1af0470	0x0
7	0x23db120	0x23dbf78	0x0a09	0xa	0x9	0x1af04b0	0x0
7	0x23db120	0x23dbf90	0x0a0a	0xa	0xa	0x1af0380	0x0
7	0x23db120	0x23dbfa8	0x0a0b	0xa	0xb	0x1af03e0	0x0
7	0x23db120	0x23dbfc0	0x030c	0x3	0xc	0x1af03a0	0x0
7	0x23db120	0x23dbfd8	0x030d	0x3	0xd	0x1af0400	0x0
7	0x23db120	0x23dbff0	0x0a0e	0xa	0xe	0x1af0390	0x0
7	0x23db120	0x23dc008	0x0a0f	0xa	0xf	0x1af03f0	0x0
7	0x23db120	0x23dc020	0x0310	0x3	0x10	0x1af0480	0x0
7	0x23db120	0x23dc038	0x0311	0x3	0x11	0x1af04c0	0x0
7	0x23db120	0x23dc050	0x0a12	0xa	0x12	0x1af0460	0x0
7	0x23db120	0x23dc068	0x0a13	0xa	0x13	0x1af04a0	0x0
7	0x23db120	0x23dc080	0x0214	0x2	0x14	0x1af0450	0x0
7	0x23db120	0x23dc098	0x0215	0x2	0x15	0x1af0440	0x0
7	0x23db120	0x23dc0b0	0x0216	0x2	0x16	0x1af04e0	0x0
7	0x23db120	0x23dc0e0	0x0200	0x2	0x0	0x1aee250	0x0
7	0x23db120	0x23dc0f8	0x0a01	0xa	0x1	0x1aee2b0	0x0
7	0x23db120	0x23dc110	0x0302	0x3	0x2	0x1aee270	0x0
7	0x23db120	0x23dc128	0x0303	0x3	0x3	0x1aee2d0	0x0
7	0x23db120	0x23dc140	0x0204	0x2	0x4	0x1aee260	0x0
7	0x23db120	0x23dc158	0x0a05	0xa	0x5	0x1aee2c0	0x0
7	0x23db120	0x23dc170	0x0306	0x3	0x6	0x1aee330	0x0
7	0x23db120	0x23dc188	0x0307	0x3	0x7	0x1aee370	0x0
7	0x23db120	0x23dc1a0	0x0208	0x2	0x8	0x1aee310	0x0
7	0x23db120	0x23dc1b8	0x0a09	0xa	0x9	0x1aee350	0x0
7	0x23db120	0x23dc1d0	0x0a0a	0xa	0xa	0x1aee220	0x0
7	0x23db120	0x23dc1e8	0x0a0b	0xa	0xb	0x1aee280	0x0
7	0x23db120	0x23dc200	0x030c	0x3	0xc	0x1aee240	0x0
7	0x23db120	0x23dc218	0x030d	0x3	0xd	0x1aee2a0	0x0
7	0x23db120	0x23dc230	0x0a0e	0xa	0xe	0x1aee230	0x0
7	0x23db120	0x23dc248	0x0a0f	0xa	0xf	0x1aee290	0x0
7	0x23db120	0x23dc260	0x0310	0x3	0x10	0x1aee320	0x0
7	0x23db120	0x23dc278	0x0311	0x3	0x11	0x1aee360	0x0
7	0x23db120	0x23dc290	0x0a12	0xa	0x12	0x1aee300	0x0
7	0x23db120	0x23dc2a8	0x0a13	0xa	0x13	0x1aee340	0x0
7	0x23db120	0x23dc2c0	0x0214	0x2	0x14	0x1aee2f0	0x0
7	0x23db120	0x23dc2d8	0x0215	0x2	0x15	0x1aee2e0	0x0
7	0x23db120	0x23dc2f0	0x0216	0x2	0x16	0x1aee380	0x0
7	0x23db120	0x23dc320	0x0900	0x9	0x0	0x1aef760	0x0
7	0x23db120	0x23dc338	0x0901	0x9	0x1	0x1aef770	0x0
7	0x23db120	0x23dc360	0x0a00	0xa	0x0	0x1aef5e0	0x0
7	0x23db120	0x23dc378	0x0301	0x3	0x1	0x1aef610	0x0
7	0x23db120	0x23dc390	0x0302	0x3	0x2	0x1aef600	0x0
7	0x23db120	0x23dc3a8	0x0a03	0xa	0x3	0x1aef5f0	0x0
7	0x23db120	0x23dc3c0	0x0304	0x3	0x4	0x1aef700	0x0
7	0x23db120	0x23dc3d8	0x0305	0x3	0x5	0x1aef710	0x0
7	0x23db120	0x23dc3f0	0x0a06	0xa	0x6	0x1aef6f0	0x0
7	0x23db120	0x23dc408	0x0a07	0xa	0x7	0x1aef650	0x0
7	0x23db120	0x23dc420	0x0308	0x3	0x8	0x1aef670	0x0
7	0x23db120	0x23dc438	0x0a09	0xa	0x9	0x1aef660	0x0
7	0x23db120	0x23dc450	0x030a	0x3	0xa	0x1aef750	0x0
7	0x23db120	0x23dc468	0x0a0b	0xa	0xb	0x1aef740	0x0
7	0x23db120	0x23dc480	0x0a0c	0xa	0xc	0x1aef5a0	0x0
7	0x23db120	0x23dc498	0x030d	0x3	0xd	0x1aef5d0	0x0
7	0x23db120	0x23dc4b0	0x030e	0x3	0xe	0x1aef5c0	0x0
7	0x23db120	0x23dc4c8	0x0a0f	0xa	0xf	0x1aef5b0	0x0
7	0x23db120	0x23dc4e0	0x0310	0x3	0x10	0x1aef6d0	0x0
7	0x23db120	0x23dc4f8	0x0311	0x3	0x11	0x1aef6e0	0x0
7	0x23db120	0x23dc510	0x0a12	0xa	0x12	0x1aef6c0	0x0
7	0x23db120	0x23dc528	0x0a13	0xa	0x13	0x1aef620	0x0
7	0x23db120	0x23dc540	0x0314	0x3	0x14	0x1aef640	0x0
7	0x23db120	0x23dc558	0x0a15	0xa	0x15	0x1aef630	0x0
7	0x23db120	0x23dc570	0x0316	0x3	0x16	0x1aef730	0x0
7	0x23db120	0x23dc588	0x0a17	0xa	0x17	0x1aef720	0x0
7	0x23db120	0x23dc5a0	0x0a18	0xa	0x18	0x1aef570	0x0
7	0x23db120	0x23dc5b8	0x0319	0x3	0x19	0x1aef590	0x0
7	0x23db120	0x23dc5d0	0x0a1a	0xa	0x1a	0x1aef580	0x0
7	0x23db120	0x23dc5e8	0x031b	0x3	0x1b	0x1aef6b0	0x0
7	0x23db120	0x23dc600	0x0a1c	0xa	0x1c	0x1aef6a0	0x0
7	0x23db120	0x23dc618	0x0a1d	0xa	0x1d	0x1aef540	0x0
7	0x23db120	0x23dc630	0x031e	0x3	0x1e	0x1aef560	0x0
7	0x23db120	0x23dc648	0x0a1f	0xa	0x1f	0x1aef550	0x0
7	0x23db120	0x23dc660	0x0320	0x3	0x20	0x1aef690	0x0
7	0x23db120	0x23dc678	0x0a21	0xa	0x21	0x1aef680	0x0
7	0x23db120	0x23dc690	0x0500	0x5	0x0	0x1aeded0	0x0
7	0x23db120	0x23dc6c0	0x0501	0x5	0x1	0x1aee7c0	0x0
7	0x23db120	0x23dc6d8	0x0507	0x5	0x7	0x1aee7e0	0x0
7	0x23db120	0x23dc6f0	0x0517	0x5	0x17	0x1aee7b0	0x0
7	0x23db120	0x23dc708	0x031e	0x3	0x1e	0x1aee790	0x0
7	0x23db120	0x23dc720	0x031f	0x3	0x1f	0x1aee7a0	0x0
7	0x23db120	0x23dc738	0x1326	0x13	0x26	0x1aee7d0	0x0
7	0x23db120	0x23dc760	0x190c	0x19	0xc	0x1aef4a0	0x0
7	0x23db120	0x23dc778	0x190d	0x19	0xd	0x1aef4c0	0x0
7	0x23db120	0x23dc790	0x190e	0x19	0xe	0x1aef4b0	0x0
7	0x23db120	0x23dc7a8	0x190f	0x19	0xf	0x1add1b0	0x0
7	0x23db120	0x23dc7c0	0x1910	0x19	0x10	0x1a2bdb0	0x0
7	0x23db120	0x23dc7d8	0x1911	0x19	0x11	0x1af5230	0x0
7	0x23db120	0x23dc7f0	0x1912	0x19	0x12	0x1af5200	0x0
7	0x23db120	0x23dc808	0x0315	0x3	0x15	0x1aef4d0	0x0
7	0x23db120	0x23dc820	0x0316	0x3	0x16	0x1aef470	0x0
7	0x23db120	0x23dc838	0x0317	0x3	0x17	0x1aef490	0x0
7	0x23db120	0x23dc850	0x0318	0x3	0x18	0x1aef480	0x0
7	0x23db120	0x23dc868	0x031c	0x3	0x1c	0x1aef4e0	0x0
7	0x23db120	0x23dc880	0x031d	0x3	0x1d	0x1aef500	0x0
7	0x23db120	0x23dc898	0x0324	0x3	0x24	0x1aef4f0	0x0
7	0x23db120	0x23dc8b0	0x0325	0x3	0x25	0x1aef510	0x0
7	0x23db120	0x23dc8e0	0x0b00	0xb	0x0	0x1af0370	0x0
7	0x23db120	0x23dc8f8	0x0b02	0xb	0x2	0x1af0360	0x0
7	0x23db120	0x23dc920	0x0a00	0xa	0x0	0x1aefb60	0x0
7	0x23db120	0x23dc938	0x0a01	0xa	0x1	0x1aefb90	0x0
7	0x23db120	0x23dc950	0x0302	0x3	0x2	0x1aefb70	0x0
7	0x23db120	0x23dc968	0x0a03	0xa	0x3	0x1aefb80	0x0
7	0x23db120	0x23dc980	0x0a04	0xa	0x4	0x1aefb20	0x0
7	0x23db120	0x23dc998	0x0a05	0xa	0x5	0x1aefb50	0x0
7	0x23db120	0x23dc9b0	0x0306	0x3	0x6	0x1aefb30	0x0
7	0x23db120	0x23dc9c8	0x0a07	0xa	0x7	0x1aefb40	0x0
7	0x23db120	0x23dc9e0	0x0a08	0xa	0x8	0x1aefa50	0x0
7	0x23db120	0x23dc9f8	0x0309	0x3	0x9	0x1aefa80	0x0
7	0x23db120	0x23dca10	0x0a0a	0xa	0xa	0x1aefa90	0x0
7	0x23db120	0x23dca28	0x030b	0x3	0xb	0x1aefa60	0x0
7	0x23db120	0x23dca40	0x0a0c	0xa	0xc	0x1aefa70	0x0
7	0x23db120	0x23dca58	0x030d	0x3	0xd	0x1aefbe0	0x0
7	0x23db120	0x23dca70	0x030e	0x3	0xe	0x1aefbf0	0x0
7	0x23db120	0x23dca88	0x0a0f	0xa	0xf	0x1aefbd0	0x0
7	0x23db120	0x23dcaa0	0x0210	0x2	0x10	0x1aefa00	0x0
7	0x23db120	0x23dcab8	0x0311	0x3	0x11	0x1aefa30	0x0
7	0x23db120	0x23dcad0	0x0212	0x2	0x12	0x1aefa40	0x0
7	0x23db120	0x23dcae8	0x0313	0x3	0x13	0x1aefa10	0x0
7	0x23db120	0x23dcb00	0x0214	0x2	0x14	0x1aefa20	0x0
7	0x23db120	0x23dcb18	0x0315	0x3	0x15	0x1aefbb0	0x0
7	0x23db120	0x23dcb30	0x0316	0x3	0x16	0x1aefbc0	0x0
7	0x23db120	0x23dcb48	0x0217	0x2	0x17	0x1aefba0	0x0
7	0x23db120	0x23dcb60	0x0a18	0xa	0x18	0x1aefae0	0x0
7	0x23db120	0x23dcb78	0x0a19	0xa	0x19	0x1aefb10	0x0
7	0x23db120	0x23dcb90	0x031a	0x3	0x1a	0x1aefaf0	0x0
7	0x23db120	0x23dcba8	0x0a1b	0xa	0x1b	0x1aefb00	0x0
7	0x23db120	0x23dcbc0	0x031c	0x3	0x1c	0x1aefc30	0x0
7	0x23db120	0x23dcbd8	0x0a1d	0xa	0x1d	0x1aefc20	0x0
7	0x23db120	0x23dcbf0	0x0a1e	0xa	0x1e	0x1aefaa0	0x0
7	0x23db120	0x23dcc08	0x0a1f	0xa	0x1f	0x1aefad0	0x0
7	0x23db120	0x23dcc20	0x0320	0x3	0x20	0x1aefab0	0x0
7	0x23db120	0x23dcc38	0x0a21	0xa	0x21	0x1aefac0	0x0
7	0x23db120	0x23dcc50	0x0322	0x3	0x22	0x1aefc10	0x0
7	0x23db120	0x23dcc68	0x0a23	0xa	0x23	0x1aefc00	0x0
7	0x23db120	0x23dcc80	0x0200	0x2	0x0	0x1aef160	0x0
7	0x23db120	0x23dcc98	0x0201	0x2	0x1	0x1aef180	0x0
7	0x23db120	0x23dccb0	0x0202	0x2	0x2	0x1aef150	0x0
7	0x23db120	0x23dccc8	0x0203	0x2	0x3	0x1aef170	0x0
7	0x23db120	0x23dcce0	0x0200	0x2	0x0	0x1aef190	0x0
7	0x23db120	0x23dccf8	0x0201	0x2	0x1	0x1aef1a0	0x0
7	0x23db120	0x23dcd20	0x0a01	0xa	0x1	0x1aee170	0x0
7	0x23db120	0x23dcd38	0x0a03	0xa	0x3	0x1aee160	0x0
7	0x23db120	0x23dcd50	0x0a04	0xa	0x4	0x1aee0f0	0x0
7	0x23db120	0x23dcd68	0x0305	0x3	0x5	0x1aee110	0x0
7	0x23db120	0x23dcd80	0x0a06	0xa	0x6	0x1aee100	0x0
7	0x23db120	0x23dcd98	0x0307	0x3	0x7	0x1aee150	0x0
7	0x23db120	0x23dcdb0	0x0a08	0xa	0x8	0x1aee140	0x0
7	0x23db120	0x23dcdc8	0x0a09	0xa	0x9	0x1aee0c0	0x0
7	0x23db120	0x23dcde0	0x030a	0x3	0xa	0x1aee0e0	0x0
7	0x23db120	0x23dcdf8	0x0a0b	0xa	0xb	0x1aee0d0	0x0
7	0x23db120	0x23dce10	0x030c	0x3	0xc	0x1aee130	0x0
7	0x23db120	0x23dce28	0x0a0d	0xa	0xd	0x1aee120	0x0
7	0x23db120	0x23dce40	0x0500	0x5	0x0	0x1a01050	0x0
7	0x23db120	0x23dce58	0x0601	0x6	0x1	0x1aedee0	0x0
7	0x23db120	0x23dce70	0x0502	0x5	0x2	0x1aedef0	0x0
7	0x23db120	0x23dcea0	0x051c	0x5	0x1c	0x1aefe60	0x0
7	0x23db120	0x23dceb8	0x031f	0x3	0x1f	0x1aefe70	0x0
7	0x23db120	0x23dcee0	0x1900	0x19	0x0	0x1af07e0	0x0
7	0x23db120	0x23dcef8	0x1301	0x13	0x1	0x1af07d0	0x0
7	0x23db120	0x23dcf10	0x1302	0x13	0x2	0x1af07f0	0x0
7	0x23db120	0x23dcf28	0x0303	0x3	0x3	0x1af0810	0x0
7	0x23db120	0x23dcf40	0x0504	0x5	0x4	0x1af0800	0x0
7	0x23db120	0x23dcf58	0x0505	0x5	0x5	0x1af0820	0x0
7	0x23db120	0x23dcf70	0x2306	0x23	0x6	0x1af0840	0x0
7	0x23db120	0x23dcf88	0x1307	0x13	0x7	0x1af0830	0x0
7	0x23db120	0x23dcfa0	0x1308	0x13	0x8	0x1af0850	0x0
7	0x23db120	0x23dcfc0	0x0300	0x3	0x0	0x1af0ce0	0x0
7	0x23db120	0x23dcfd8	0x0201	0x2	0x1	0x1af0cd0	0x0
7	0x23db120	0x23dcff0	0x0202	0x2	0x2	0x1af0cf0	0x0
7	0x23db120	0x23dd008	0x0203	0x2	0x3	0x1af0d00	0x0
7	0x23db120	0x23dd020	0x0304	0x3	0x4	0x1af0d10	0x0
7	0x23db120	0x23dd038	0x0205	0x2	0x5	0x1af0d20	0x0
7	0x23db120	0x23dd050	0x0306	0x3	0x6	0x1af0d40	0x0
7	0x23db120	0x23dd068	0x0207	0x2	0x7	0x1af0d30	0x0
7	0x23db120	0x23dd080	0x0a00	0xa	0x0	0x1aeff70	0x0
7	0x23db120	0x23dd098	0x0301	0x3	0x1	0x1aeff80	0x0
7	0x23db120	0x23dd0b0	0x0a02	0xa	0x2	0x1aeff90	0x0
7	0x23db120	0x23dd0c8	0x0303	0x3	0x3	0x1aefec0	0x0
7	0x23db120	0x23dd0e0	0x0a04	0xa	0x4	0x1aefeb0	0x0
7	0x23db120	0x23dd0f8	0x0a05	0xa	0x5	0x1aefed0	0x0
7	0x23db120	0x23dd110	0x0306	0x3	0x6	0x1aefe90	0x0
7	0x23db120	0x23dd128	0x0507	0x5	0x7	0x1aefe80	0x0
7	0x23db120	0x23dd140	0x0508	0x5	0x8	0x1aefea0	0x0
7	0x23db120	0x23dd158	0x0d09	0xd	0x9	0x1aeff20	0x0
7	0x23db120	0x23dd170	0x130a	0x13	0xa	0x1aeff10	0x0
7	0x23db120	0x23dd188	0x130b	0x13	0xb	0x1aeff30	0x0
7	0x23db120	0x23dd1a0	0x0d0c	0xd	0xc	0x1aefef0	0x0
7	0x23db120	0x23dd1b8	0x050d	0x5	0xd	0x1aefee0	0x0
7	0x23db120	0x23dd1d0	0x050e	0x5	0xe	0x1aeff00	0x0
7	0x23db120	0x23dd1e8	0x050f	0x5	0xf	0x1aeff40	0x0
7	0x23db120	0x23dd200	0x0310	0x3	0x10	0x1aeff50	0x0
7	0x23db120	0x23dd218	0x0511	0x5	0x11	0x1aeff60	0x0
7	0x23db120	0x23dd240	0x0a00	0xa	0x0	0x1aefdd0	0x0
7	0x23db120	0x23dd258	0x0301	0x3	0x1	0x1aefde0	0x0
7	0x23db120	0x23dd270	0x0a02	0xa	0x2	0x1aefdf0	0x0
7	0x23db120	0x23dd288	0x0303	0x3	0x3	0x1aefd20	0x0
7	0x23db120	0x23dd2a0	0x0a04	0xa	0x4	0x1aefd10	0x0
7	0x23db120	0x23dd2b8	0x0a05	0xa	0x5	0x1aefd30	0x0
7	0x23db120	0x23dd2d0	0x0306	0x3	0x6	0x1aefcf0	0x0
7	0x23db120	0x23dd2e8	0x0507	0x5	0x7	0x1aefce0	0x0
7	0x23db120	0x23dd300	0x0508	0x5	0x8	0x1aefd00	0x0
7	0x23db120	0x23dd318	0x0d09	0xd	0x9	0x1aefd80	0x0
7	0x23db120	0x23dd330	0x130a	0x13	0xa	0x1aefd70	0x0
7	0x23db120	0x23dd348	0x130b	0x13	0xb	0x1aefd90	0x0
7	0x23db120	0x23dd360	0x0d0c	0xd	0xc	0x1aefd50	0x0
7	0x23db120	0x23dd378	0x050d	0x5	0xd	0x1aefd40	0x0
7	0x23db120	0x23dd390	0x050e	0x5	0xe	0x1aefd60	0x0
7	0x23db120	0x23dd3a8	0x050f	0x5	0xf	0x1aefda0	0x0
7	0x23db120	0x23dd3c0	0x0310	0x3	0x10	0x1aefdb0	0x0
7	0x23db120	0x23dd3d8	0x0511	0x5	0x11	0x1aefdc0	0x0
7	0x23db120	0x23dd400	0x0500	0x5	0x0	0x1aee430	0x0
7	0x23db120	0x23dd418	0x0301	0x3	0x1	0x1aee440	0x0
7	0x23db120	0x23dd430	0x0502	0x5	0x2	0x1aee450	0x0
7	0x23db120	0x23dd448	0x0303	0x3	0x3	0x1aee470	0x0
7	0x23db120	0x23dd460	0x0504	0x5	0x4	0x1aee460	0x0
7	0x23db120	0x23dd480	0x0300	0x3	0x0	0x1aef240	0x0
7	0x23db120	0x23dd498	0x0501	0x5	0x1	0x1aef230	0x0
7	0x23db120	0x23dd4b0	0x0502	0x5	0x2	0x1aef250	0x0
7	0x23db120	0x23dd4d0	0x0501	0x5	0x1	0x1aee7f0	0x0
7	0x23db120	0x23dd500	0x0b00	0xb	0x0	0x1aeed80	0x0
7	0x23db120	0x23dd518	0x2201	0x22	0x1	0x1aeed70	0x0
7	0x23db120	0x23dd530	0x2202	0x22	0x2	0x1aeed90	0x0
7	0x23db120	0x23dd548	0x0b03	0xb	0x3	0x1aee870	0x0
7	0x23db120	0x23dd560	0x2204	0x22	0x4	0x1aee830	0x0
7	0x23db120	0x23dd578	0x2205	0x22	0x5	0x1aee8b0	0x0
7	0x23db120	0x23dd590	0x0306	0x3	0x6	0x1aee980	0x0
7	0x23db120	0x23dd5a8	0x0507	0x5	0x7	0x1aee960	0x0
7	0x23db120	0x23dd5c0	0x0508	0x5	0x8	0x1aee9a0	0x0
7	0x23db120	0x23dd5d8	0x050a	0x5	0xa	0x1aee9d0	0x0
7	0x23db120	0x23dd5f0	0x050b	0x5	0xb	0x1aeea00	0x0
7	0x23db120	0x23dd608	0x1919	0x19	0x19	0x1aeea80	0x0
7	0x23db120	0x23dd620	0x051a	0x5	0x1a	0x1aeea70	0x0
7	0x23db120	0x23dd638	0x191b	0x19	0x1b	0x1aeeaa0	0x0
7	0x23db120	0x23dd650	0x051c	0x5	0x1c	0x1aeeab0	0x0
7	0x23db120	0x23dd668	0x051d	0x5	0x1d	0x1aeea90	0x0
7	0x23db120	0x23dd680	0x051e	0x5	0x1e	0x1aeee40	0x0
7	0x23db120	0x23dd698	0x051f	0x5	0x1f	0x1aeee50	0x0
7	0x23db120	0x23dd6b0	0x0520	0x5	0x20	0x1aeee60	0x0
7	0x23db120	0x23dd6c8	0x0521	0x5	0x21	0x1aeee90	0x0
7	0x23db120	0x23dd6e0	0x0522	0x5	0x22	0x1aeeea0	0x0
7	0x23db120	0x23dd6f8	0x0523	0x5	0x23	0x1aeeeb0	0x0
7	0x23db120	0x23dd710	0x0524	0x5	0x24	0x1aeee20	0x0
7	0x23db120	0x23dd728	0x0525	0x5	0x25	0x1aeee30	0x0
7	0x23db120	0x23dd740	0x0626	0x6	0x26	0x1aeee80	0x0
7	0x23db120	0x23dd758	0x0628	0x6	0x28	0x1aeee70	0x0
7	0x23db120	0x23dd770	0x0b2a	0xb	0x2a	0x1aee860	0x0
7	0x23db120	0x23dd788	0x222b	0x22	0x2b	0x1aee820	0x0
7	0x23db120	0x23dd7a0	0x222c	0x22	0x2c	0x1aee8a0	0x0
7	0x23db120	0x23dd7b8	0x0b2d	0xb	0x2d	0x1aeed50	0x0
7	0x23db120	0x23dd7d0	0x222e	0x22	0x2e	0x1aeed40	0x0
7	0x23db120	0x23dd7e8	0x222f	0x22	0x2f	0x1aeed60	0x0
7	0x23db120	0x23dd800	0x0330	0x3	0x30	0x1aee970	0x0
7	0x23db120	0x23dd818	0x0531	0x5	0x31	0x1aee950	0x0
7	0x23db120	0x23dd830	0x0532	0x5	0x32	0x1aee990	0x0
7	0x23db120	0x23dd848	0x0534	0x5	0x34	0x1aee9b0	0x0
7	0x23db120	0x23dd860	0x0535	0x5	0x35	0x1aee9e0	0x0
7	0x23db120	0x23dd878	0x0539	0x5	0x39	0x1aeeac0	0x0
7	0x23db120	0x23dd890	0x033a	0x3	0x3a	0x1aeead0	0x0
7	0x23db120	0x23dd8a8	0x053b	0x5	0x3b	0x1aeeae0	0x0
7	0x23db120	0x23dd8c0	0x0b3d	0xb	0x3d	0x1aee850	0x0
7	0x23db120	0x23dd8d8	0x223e	0x22	0x3e	0x1aee810	0x0
7	0x23db120	0x23dd8f0	0x223f	0x22	0x3f	0x1aee890	0x0
7	0x23db120	0x23dd908	0x0b40	0xb	0x40	0x1aeee00	0x0
7	0x23db120	0x23dd920	0x0541	0x5	0x41	0x1aeedf0	0x0
7	0x23db120	0x23dd938	0x0542	0x5	0x42	0x1aeee10	0x0
7	0x23db120	0x23dd950	0x0b43	0xb	0x43	0x1aee840	0x0
7	0x23db120	0x23dd968	0x2244	0x22	0x44	0x1aee800	0x0
7	0x23db120	0x23dd980	0x2245	0x22	0x45	0x1aee880	0x0
7	0x23db120	0x23dd998	0x1946	0x19	0x46	0x1aeedb0	0x0
7	0x23db120	0x23dd9b0	0x2247	0x22	0x47	0x1aeeda0	0x0
7	0x23db120	0x23dd9c8	0x2248	0x22	0x48	0x1aeedc0	0x0
7	0x23db120	0x23dd9e0	0x054a	0x5	0x4a	0x1aee9c0	0x0
7	0x23db120	0x23dd9f8	0x054b	0x5	0x4b	0x1aee9f0	0x0
7	0x23db120	0x23dda10	0x054c	0x5	0x4c	0x1aeef60	0x0
7	0x23db120	0x23dda28	0x054d	0x5	0x4d	0x1aeef70	0x0
7	0x23db120	0x23dda40	0x034e	0x3	0x4e	0x1aeef90	0x0
7	0x23db120	0x23dda58	0x034f	0x3	0x4f	0x1aeef80	0x0
7	0x23db120	0x23dda70	0x0b50	0xb	0x50	0x1aee900	0x0
7	0x23db120	0x23dda88	0x2251	0x22	0x51	0x1aee8d0	0x0
7	0x23db120	0x23ddaa0	0x2252	0x22	0x52	0x1aee930	0x0
7	0x23db120	0x23ddab8	0x0b53	0xb	0x53	0x1aee8f0	0x0
7	0x23db120	0x23ddad0	0x2254	0x22	0x54	0x1aee8c0	0x0
7	0x23db120	0x23ddae8	0x2255	0x22	0x55	0x1aee920	0x0
7	0x23db120	0x23ddb00	0x0356	0x3	0x56	0x1aee910	0x0
7	0x23db120	0x23ddb18	0x0557	0x5	0x57	0x1aee8e0	0x0
7	0x23db120	0x23ddb30	0x0558	0x5	0x58	0x1aee940	0x0
7	0x23db120	0x23ddb48	0x225a	0x22	0x5a	0x1aeedd0	0x0
7	0x23db120	0x23ddb60	0x225b	0x22	0x5b	0x1aeede0	0x0
7	0x23db120	0x23ddb78	0x055c	0x5	0x5c	0x1aeeee0	0x0
7	0x23db120	0x23ddb90	0x055d	0x5	0x5d	0x1aeeef0	0x0
7	0x23db120	0x23ddba8	0x055e	0x5	0x5e	0x1aeef00	0x0
7	0x23db120	0x23ddbc0	0x055f	0x5	0x5f	0x1aeef30	0x0
7	0x23db120	0x23ddbd8	0x0560	0x5	0x60	0x1aeef40	0x0
7	0x23db120	0x23ddbf0	0x0561	0x5	0x61	0x1aeef50	0x0
7	0x23db120	0x23ddc08	0x0562	0x5	0x62	0x1aeeec0	0x0
7	0x23db120	0x23ddc20	0x0563	0x5	0x63	0x1aeeed0	0x0
7	0x23db120	0x23ddc38	0x0664	0x6	0x64	0x1aeef20	0x0
7	0x23db120	0x23ddc50	0x0666	0x6	0x66	0x1aeef10	0x0
7	0x23db120	0x23ddc68	0x0368	0x3	0x68	0x1aeea20	0x0
7	0x23db120	0x23ddc80	0x0569	0x5	0x69	0x1aeea10	0x0
7	0x23db120	0x23ddc98	0x056a	0x5	0x6a	0x1aeea30	0x0
7	0x23db120	0x23ddcb0	0x1975	0x19	0x75	0x1aeeb50	0x0
7	0x23db120	0x23ddcc8	0x1376	0x13	0x76	0x1aeeb40	0x0
7	0x23db120	0x23ddce0	0x1977	0x19	0x77	0x1aeeb70	0x0
7	0x23db120	0x23ddcf8	0x1378	0x13	0x78	0x1aeeb80	0x0
7	0x23db120	0x23ddd10	0x1379	0x13	0x79	0x1aeeb60	0x0
7	0x23db120	0x23ddd28	0x057f	0x5	0x7f	0x1aeefa0	0x0
7	0x23db120	0x23ddd40	0x0680	0x6	0x80	0x1aeefb0	0x0
7	0x23db120	0x23ddd58	0x0581	0x5	0x81	0x1aeefc0	0x0
7	0x23db120	0x23ddd70	0x0582	0x5	0x82	0x1aeefe0	0x0
7	0x23db120	0x23ddd88	0x0383	0x3	0x83	0x1aef000	0x0
7	0x23db120	0x23ddda0	0x0584	0x5	0x84	0x1aef020	0x0
7	0x23db120	0x23dddb8	0x0a85	0xa	0x85	0x1aef060	0x0
7	0x23db120	0x23dddd0	0x0386	0x3	0x86	0x1aef070	0x0
7	0x23db120	0x23ddde8	0x0a87	0xa	0x87	0x1aef080	0x0
7	0x23db120	0x23dde00	0x0a88	0xa	0x88	0x1aef030	0x0
7	0x23db120	0x23dde18	0x0389	0x3	0x89	0x1aef040	0x0
7	0x23db120	0x23dde30	0x0a8a	0xa	0x8a	0x1aef050	0x0
7	0x23db120	0x23dde48	0x0b8b	0xb	0x8b	0x1aeec80	0x0
7	0x23db120	0x23dde60	0x228c	0x22	0x8c	0x1aeec70	0x0
7	0x23db120	0x23dde78	0x228d	0x22	0x8d	0x1aeec90	0x0
7	0x23db120	0x23dde90	0x0b8e	0xb	0x8e	0x1aeec50	0x0
7	0x23db120	0x23ddea8	0x228f	0x22	0x8f	0x1aeec40	0x0
7	0x23db120	0x23ddec0	0x2290	0x22	0x90	0x1aeec60	0x0
7	0x23db120	0x23dded8	0x0391	0x3	0x91	0x1aeecb0	0x0
7	0x23db120	0x23ddef0	0x2292	0x22	0x92	0x1aeeca0	0x0
7	0x23db120	0x23ddf08	0x2293	0x22	0x93	0x1aeecc0	0x0
7	0x23db120	0x23ddf20	0x2295	0x22	0x95	0x1aeecd0	0x0
7	0x23db120	0x23ddf38	0x2296	0x22	0x96	0x1aeece0	0x0
7	0x23db120	0x23ddf50	0x0397	0x3	0x97	0x1aeed00	0x0
7	0x23db120	0x23ddf68	0x0a98	0xa	0x98	0x1aeecf0	0x0
7	0x23db120	0x23ddf80	0x0399	0x3	0x99	0x1aeed20	0x0
7	0x23db120	0x23ddf98	0x0a9a	0xa	0x9a	0x1aeed30	0x0
7	0x23db120	0x23ddfb0	0x0a9b	0xa	0x9b	0x1aeed10	0x0
7	0x23db120	0x23ddfc8	0x0a9c	0xa	0x9c	0x1aeefd0	0x0
7	0x23db120	0x23ddfe0	0x039d	0x3	0x9d	0x1aeeff0	0x0
7	0x23db120	0x23ddff8	0x0a9e	0xa	0x9e	0x1aef010	0x0
7	0x23db120	0x23de010	0x0b9f	0xb	0x9f	0x1aeebd0	0x0
7	0x23db120	0x23de028	0x22a0	0x22	0xa0	0x1aeebc0	0x0
7	0x23db120	0x23de040	0x22a1	0x22	0xa1	0x1aeebe0	0x0
7	0x23db120	0x23de058	0x0ba2	0xb	0xa2	0x1aeeba0	0x0
7	0x23db120	0x23de070	0x22a3	0x22	0xa3	0x1aeeb90	0x0
7	0x23db120	0x23de088	0x22a4	0x22	0xa4	0x1aeebb0	0x0
7	0x23db120	0x23de0a0	0x03a5	0x3	0xa5	0x1aeec00	0x0
7	0x23db120	0x23de0b8	0x22a6	0x22	0xa6	0x1aeebf0	0x0
7	0x23db120	0x23de0d0	0x22a7	0x22	0xa7	0x1aeec10	0x0
7	0x23db120	0x23de0e8	0x22a9	0x22	0xa9	0x1aeec20	0x0
7	0x23db120	0x23de100	0x22aa	0x22	0xaa	0x1aeec30	0x0
7	0x23db120	0x23de118	0x06b5	0x6	0xb5	0x1aeea50	0x0
7	0x23db120	0x23de130	0x05b6	0x5	0xb6	0x1aeea40	0x0
7	0x23db120	0x23de148	0x05b7	0x5	0xb7	0x1aeea60	0x0
7	0x23db120	0x23de160	0x03b8	0x3	0xb8	0x1aef0c0	0x0
7	0x23db120	0x23de178	0x03b9	0x3	0xb9	0x1aef0d0	0x0
7	0x23db120	0x23de190	0x05ba	0x5	0xba	0x1aef0b0	0x0
7	0x23db120	0x23de1a8	0x03bb	0x3	0xbb	0x1aef0a0	0x0
7	0x23db120	0x23de1c0	0x05bc	0x5	0xbc	0x1aef090	0x0
7	0x23db120	0x23de1d8	0x05bd	0x5	0xbd	0x1aeeaf0	0x0
7	0x23db120	0x23de1f0	0x19be	0x19	0xbe	0x1aeeb20	0x0
7	0x23db120	0x23de208	0x05bf	0x5	0xbf	0x1aeeb30	0x0
7	0x23db120	0x23de220	0x19c0	0x19	0xc0	0x1aeeb00	0x0
7	0x23db120	0x23de238	0x05c1	0x5	0xc1	0x1aeeb10	0x0
7	0x23db120	0x23de250	0x0500	0x5	0x0	0x1aef220	0x0
7	0x23db120	0x23de280	0x1306	0x13	0x6	0x1af0860	0x0
7	0x23db120	0x23de298	0x1307	0x13	0x7	0x1af0870	0x0
7	0x23db120	0x23de2b0	0x1908	0x19	0x8	0x1af08b0	0x0
7	0x23db120	0x23de2c8	0x1309	0x13	0x9	0x1af08a0	0x0
7	0x23db120	0x23de2e0	0x130a	0x13	0xa	0x1af08c0	0x0
7	0x23db120	0x23de2f8	0x050c	0x5	0xc	0x1af0880	0x0
7	0x23db120	0x23de310	0x050d	0x5	0xd	0x1af0890	0x0
7	0x23db120	0x23de328	0x030e	0x3	0xe	0x1af08e0	0x0
7	0x23db120	0x23de340	0x050f	0x5	0xf	0x1af08d0	0x0
7	0x23db120	0x23de358	0x0510	0x5	0x10	0x1af08f0	0x0
7	0x23db120	0x23de370	0x2311	0x23	0x11	0x1af0910	0x0
7	0x23db120	0x23de388	0x1312	0x13	0x12	0x1af0900	0x0
7	0x23db120	0x23de3a0	0x1313	0x13	0x13	0x1af0920	0x0
7	0x23db120	0x23de3b8	0x2314	0x23	0x14	0x1af0940	0x0
7	0x23db120	0x23de3d0	0x1315	0x13	0x15	0x1af0930	0x0
7	0x23db120	0x23de3e8	0x1316	0x13	0x16	0x1af0950	0x0
7	0x23db120	0x23de400	0x0a17	0xa	0x17	0x1af0960	0x0
7	0x23db120	0x23de418	0x0318	0x3	0x18	0x1af0970	0x0
7	0x23db120	0x23de430	0x0a19	0xa	0x19	0x1af0980	0x0
7	0x23db120	0x23de448	0x031a	0x3	0x1a	0x1af0a30	0x0
7	0x23db120	0x23de460	0x0a1b	0xa	0x1b	0x1af0a20	0x0
7	0x23db120	0x23de478	0x0a1c	0xa	0x1c	0x1af0990	0x0
7	0x23db120	0x23de490	0x031d	0x3	0x1d	0x1af09a0	0x0
7	0x23db120	0x23de4a8	0x0a1e	0xa	0x1e	0x1af09b0	0x0
7	0x23db120	0x23de4c0	0x031f	0x3	0x1f	0x1af0a50	0x0
7	0x23db120	0x23de4d8	0x0a20	0xa	0x20	0x1af0a40	0x0
7	0x23db120	0x23de4f0	0x0521	0x5	0x21	0x1af09c0	0x0
7	0x23db120	0x23de508	0x0322	0x3	0x22	0x1af09d0	0x0
7	0x23db120	0x23de520	0x0523	0x5	0x23	0x1af09e0	0x0
7	0x23db120	0x23de538	0x0324	0x3	0x24	0x1af0a70	0x0
7	0x23db120	0x23de550	0x0525	0x5	0x25	0x1af0a60	0x0
7	0x23db120	0x23de568	0x0226	0x2	0x26	0x1af09f0	0x0
7	0x23db120	0x23de580	0x0327	0x3	0x27	0x1af0a00	0x0
7	0x23db120	0x23de598	0x0228	0x2	0x28	0x1af0a10	0x0
7	0x23db120	0x23de5b0	0x0329	0x3	0x29	0x1af0a90	0x0
7	0x23db120	0x23de5c8	0x022a	0x2	0x2a	0x1af0a80	0x0
7	0x23db120	0x23de5e0	0x1903	0x19	0x3	0x1af01b0	0x0
7	0x23db120	0x23de5f8	0x0504	0x5	0x4	0x1af01a0	0x0
7	0x23db120	0x23de610	0x0505	0x5	0x5	0x1af01c0	0x0
7	0x23db120	0x23de628	0x050a	0x5	0xa	0x1af0180	0x0
7	0x23db120	0x23de640	0x050b	0x5	0xb	0x1af0190	0x0
7	0x23db120	0x23de658	0x0d0c	0xd	0xc	0x1af01e0	0x0
7	0x23db120	0x23de670	0x050d	0x5	0xd	0x1af01d0	0x0
7	0x23db120	0x23de688	0x050e	0x5	0xe	0x1af01f0	0x0
7	0x23db120	0x23de6a0	0x050f	0x5	0xf	0x1af0200	0x0
7	0x23db120	0x23de6b8	0x0310	0x3	0x10	0x1af0210	0x0
7	0x23db120	0x23de6d0	0x0511	0x5	0x11	0x1af0220	0x0
7	0x23db120	0x23de6e8	0x0512	0x5	0x12	0x1af0230	0x0
7	0x23db120	0x23de700	0x0313	0x3	0x13	0x1af0240	0x0
7	0x23db120	0x23de718	0x0514	0x5	0x14	0x1af0250	0x0
7	0x23db120	0x23de730	0x0315	0x3	0x15	0x1af02a0	0x0
7	0x23db120	0x23de748	0x0516	0x5	0x16	0x1af0290	0x0
7	0x23db120	0x23de760	0x0217	0x2	0x17	0x1af0260	0x0
7	0x23db120	0x23de778	0x0318	0x3	0x18	0x1af0270	0x0
7	0x23db120	0x23de790	0x0219	0x2	0x19	0x1af0280	0x0
7	0x23db120	0x23de7a8	0x031a	0x3	0x1a	0x1af02c0	0x0
7	0x23db120	0x23de7c0	0x021b	0x2	0x1b	0x1af02b0	0x0
7	0x23db120	0x23de7e0	0x0600	0x6	0x0	0x1aee600	0x0
7	0x23db120	0x23de7f8	0x0601	0x6	0x1	0x1aee610	0x0
7	0x23db120	0x23de810	0x0502	0x5	0x2	0x1aee650	0x0
7	0x23db120	0x23de828	0x2204	0x22	0x4	0x1aee670	0x0
7	0x23db120	0x23de840	0x0507	0x5	0x7	0x1aee680	0x0
7	0x23db120	0x23de858	0x060a	0x6	0xa	0x1aee620	0x0
7	0x23db120	0x23de870	0x060b	0x6	0xb	0x1aee5f0	0x0
7	0x23db120	0x23de888	0x060c	0x6	0xc	0x1aee5e0	0x0
7	0x23db120	0x23de8a0	0x060d	0x6	0xd	0x1aee630	0x0
7	0x23db120	0x23de8b8	0x050e	0x5	0xe	0x1aee640	0x0
7	0x23db120	0x23de8d0	0x050f	0x5	0xf	0x1aee660	0x0
7	0x23db120	0x23de900	0x1903	0x19	0x3	0x1aef2a0	0x0
7	0x23db120	0x23de918	0x1904	0x19	0x4	0x1aef2d0	0x0
7	0x23db120	0x23de930	0x1305	0x13	0x5	0x1aef2c0	0x0
7	0x23db120	0x23de948	0x1306	0x13	0x6	0x1aef2e0	0x0
7	0x23db120	0x23de960	0x1307	0x13	0x7	0x1aef2b0	0x0
7	0x23db120	0x23de978	0x0a0f	0xa	0xf	0x1aef280	0x0
7	0x23db120	0x23de990	0x0a10	0xa	0x10	0x1aef290	0x0
7	0x23db120	0x23de9a8	0x0a11	0xa	0x11	0x1aef270	0x0
7	0x23db120	0x23de9c0	0x0d12	0xd	0x12	0x1aef390	0x0
7	0x23db120	0x23de9d8	0x0d13	0xd	0x13	0x1aef3c0	0x0
7	0x23db120	0x23de9f0	0x1314	0x13	0x14	0x1aef3b0	0x0
7	0x23db120	0x23dea08	0x1315	0x13	0x15	0x1aef3d0	0x0
7	0x23db120	0x23dea20	0x1316	0x13	0x16	0x1aef3a0	0x0
7	0x23db120	0x23dea38	0x0d17	0xd	0x17	0x1aef3e0	0x0
7	0x23db120	0x23dea50	0x0d18	0xd	0x18	0x1aef410	0x0
7	0x23db120	0x23dea68	0x1319	0x13	0x19	0x1aef400	0x0
7	0x23db120	0x23dea80	0x131a	0x13	0x1a	0x1aef420	0x0
7	0x23db120	0x23dea98	0x131b	0x13	0x1b	0x1aef3f0	0x0
7	0x23db120	0x23deab0	0x231c	0x23	0x1c	0x1aef340	0x0
7	0x23db120	0x23deac8	0x231d	0x23	0x1d	0x1aef370	0x0
7	0x23db120	0x23deae0	0x131e	0x13	0x1e	0x1aef360	0x0
7	0x23db120	0x23deaf8	0x131f	0x13	0x1f	0x1aef380	0x0
7	0x23db120	0x23deb10	0x1320	0x13	0x20	0x1aef350	0x0
7	0x23db120	0x23deb28	0x2321	0x23	0x21	0x1aef2f0	0x0
7	0x23db120	0x23deb40	0x2322	0x23	0x22	0x1aef320	0x0
7	0x23db120	0x23deb58	0x1323	0x13	0x23	0x1aef310	0x0
7	0x23db120	0x23deb70	0x1324	0x13	0x24	0x1aef330	0x0
7	0x23db120	0x23deb88	0x1325	0x13	0x25	0x1aef300	0x0
7	0x23db120	0x23deba0	0x0a01	0xa	0x1	0x1aee050	0x0
7	0x23db120	0x23debb8	0x0206	0x2	0x6	0x1aee040	0x0
7	0x23db120	0x23debd0	0x0307	0x3	0x7	0x1aedf50	0x0
7	0x23db120	0x23debe8	0x0508	0x5	0x8	0x1aedf40	0x0
7	0x23db120	0x23dec00	0x0509	0x5	0x9	0x1aedf60	0x0
7	0x23db120	0x23dec18	0x0510	0x5	0x10	0x1aedf20	0x0
7	0x23db120	0x23dec30	0x0511	0x5	0x11	0x1aedf30	0x0
7	0x23db120	0x23dec48	0x0d12	0xd	0x12	0x1aedf80	0x0
7	0x23db120	0x23dec60	0x0513	0x5	0x13	0x1aedf70	0x0
7	0x23db120	0x23dec78	0x0514	0x5	0x14	0x1aedf90	0x0
7	0x23db120	0x23dec90	0x0515	0x5	0x15	0x1aee060	0x0
7	0x23db120	0x23deca8	0x0316	0x3	0x16	0x1aee080	0x0
7	0x23db120	0x23decc0	0x0517	0x5	0x17	0x1aee0a0	0x0
7	0x23db120	0x23decd8	0x0a18	0xa	0x18	0x1aedfd0	0x0
7	0x23db120	0x23decf0	0x0319	0x3	0x19	0x1aedff0	0x0
7	0x23db120	0x23ded08	0x0a1a	0xa	0x1a	0x1aedfe0	0x0
7	0x23db120	0x23ded20	0x031b	0x3	0x1b	0x1aee030	0x0
7	0x23db120	0x23ded38	0x0a1c	0xa	0x1c	0x1aee020	0x0
7	0x23db120	0x23ded50	0x051d	0x5	0x1d	0x1aee070	0x0
7	0x23db120	0x23ded68	0x031e	0x3	0x1e	0x1aee090	0x0
7	0x23db120	0x23ded80	0x051f	0x5	0x1f	0x1aee0b0	0x0
7	0x23db120	0x23ded98	0x0220	0x2	0x20	0x1aedfa0	0x0
7	0x23db120	0x23dedb0	0x0321	0x3	0x21	0x1aedfc0	0x0
7	0x23db120	0x23dedc8	0x0222	0x2	0x22	0x1aedfb0	0x0
7	0x23db120	0x23dede0	0x0323	0x3	0x23	0x1aee010	0x0
7	0x23db120	0x23dedf8	0x0224	0x2	0x24	0x1aee000	0x0
7	0x23db120	0x23dee20	0x0500	0x5	0x0	0x1af0110	0x0
7	0x23db120	0x23dee38	0x0501	0x5	0x1	0x1af0100	0x0
7	0x23db120	0x23dee50	0x0304	0x3	0x4	0x1af00e0	0x0
7	0x23db120	0x23dee68	0x0305	0x3	0x5	0x1af0140	0x0
7	0x23db120	0x23dee80	0x0308	0x3	0x8	0x1af00f0	0x0
7	0x23db120	0x23dee98	0x0309	0x3	0x9	0x1af0150	0x0
7	0x23db120	0x23deeb0	0x050a	0x5	0xa	0x1af0160	0x0
7	0x23db120	0x23deec8	0x050b	0x5	0xb	0x1af00b0	0x0
7	0x23db120	0x23deee0	0x060c	0x6	0xc	0x1af00c0	0x0
7	0x23db120	0x23deef8	0x050d	0x5	0xd	0x1af00d0	0x0
7	0x23db120	0x23def10	0x060e	0x6	0xe	0x1af0130	0x0
7	0x23db120	0x23def28	0x050f	0x5	0xf	0x1af0120	0x0
7	0x23db120	0x23def40	0x0700	0x7	0x0	0x1aee6a0	0x0
7	0x23db120	0x23def58	0x0701	0x7	0x1	0x1aee690	0x0
7	0x23db120	0x23def70	0x0702	0x7	0x2	0x1aee6b0	0x0
7	0x23db120	0x23def88	0x0503	0x5	0x3	0x1aee6f0	0x0
7	0x23db120	0x23defa0	0x0704	0x7	0x4	0x1aee6d0	0x0
7	0x23db120	0x23defb8	0x0705	0x7	0x5	0x1aee6c0	0x0
7	0x23db120	0x23defd0	0x0506	0x5	0x6	0x1aee700	0x0
7	0x23db120	0x23defe8	0x0707	0x7	0x7	0x1aee6e0	0x0
7	0x23db120	0x23df000	0x0500	0x5	0x0	0x1aee720	0x0
7	0x23db120	0x23df020	0x0300	0x3	0x0	0x1af0550	0x0
7	0x23db120	0x23df038	0x0603	0x6	0x3	0x1af0560	0x0
7	0x23db120	0x23df060	0x0700	0x7	0x0	0x1aee5c0	0x0
7	0x23db120	0x23df078	0x0701	0x7	0x1	0x1aee5d0	0x0
7	0x23db120	0x23df090	0x0702	0x7	0x2	0x1aee5a0	0x0
7	0x23db120	0x23df0a8	0x0703	0x7	0x3	0x1aee5b0	0x0
7	0x23db120	0x23df0c0	0x0500	0x5	0x0	0x1aee550	0x0
7	0x23db120	0x23df0d8	0x0601	0x6	0x1	0x1aee560	0x0
7	0x23db120	0x23df0f0	0x0502	0x5	0x2	0x1aee570	0x0
7	0x23db120	0x23df108	0x0603	0x6	0x3	0x1aee590	0x0
7	0x23db120	0x23df120	0x0504	0x5	0x4	0x1aee580	0x0
7	0x23db120	0x23df140	0x0500	0x5	0x0	0x1aee710	0x0
7	0x23db120	0x23df160	0x0700	0x7	0x0	0x1aee510	0x0
7	0x23db120	0x23df178	0x0701	0x7	0x1	0x1aee530	0x0
7	0x23db120	0x23df190	0x0702	0x7	0x2	0x1aee520	0x0
7	0x23db120	0x23df1a8	0x0703	0x7	0x3	0x1aee540	0x0
7	0x23db120	0x23df1c0	0x0704	0x7	0x4	0x1aee4d0	0x0
7	0x23db120	0x23df1d8	0x0705	0x7	0x5	0x1aee4f0	0x0
7	0x23db120	0x23df1f0	0x0706	0x7	0x6	0x1aee4e0	0x0
7	0x23db120	0x23df208	0x0707	0x7	0x7	0x1aee500	0x0
7	0x23db120	0x23df220	0x0200	0x2	0x0	0x1af0f20	0x0
7	0x23db120	0x23df240	0x0a00	0xa	0x0	0x1af0f30	0x0
7	0x23db120	0x23df260	0x0500	0x5	0x0	0x1aee480	0x0
7	0x23db120	0x23df278	0x0301	0x3	0x1	0x1aee490	0x0
7	0x23db120	0x23df290	0x0502	0x5	0x2	0x1aee4a0	0x0
7	0x23db120	0x23df2a8	0x0303	0x3	0x3	0x1aee4c0	0x0
7	0x23db120	0x23df2c0	0x0504	0x5	0x4	0x1aee4b0	0x0
7	0x23db120	0x23df2e0	0x0500	0x5	0x0	0x1aef0e0	0x0
7	0x23db120	0x23df2f8	0x0301	0x3	0x1	0x1aef100	0x0
7	0x23db120	0x23df310	0x0502	0x5	0x2	0x1aef0f0	0x0
7	0x23db120	0x23df328	0x0303	0x3	0x3	0x1aef130	0x0
7	0x23db120	0x23df340	0x0504	0x5	0x4	0x1aef120	0x0
7	0x23db120	0x23df358	0x0507	0x5	0x7	0x1aef110	0x0
7	0x23db120	0x23df370	0x0508	0x5	0x8	0x1aef140	0x0
