ori_opcode	latency_cycles	mnemonic_best_effort	note
0		ERRBAR	default (ALU=6 / MEM=300 by property bit 0x40)
1		IMAD	default (ALU=6 / MEM=300 by property bit 0x40)
2		IMAD_WIDE	default (ALU=6 / MEM=300 by property bit 0x40)
3		IADD3	default (ALU=6 / MEM=300 by property bit 0x40)
4		BMSK	default (ALU=6 / MEM=300 by property bit 0x40)
5		SGXT	default (ALU=6 / MEM=300 by property bit 0x40)
6		LOP3	default (ALU=6 / MEM=300 by property bit 0x40)
7		ISETP	default (ALU=6 / MEM=300 by property bit 0x40)
8		IABS	default (ALU=6 / MEM=300 by property bit 0x40)
9		LEA	default (ALU=6 / MEM=300 by property bit 0x40)
10		SHF	default (ALU=6 / MEM=300 by property bit 0x40)
11		FFMA	default (ALU=6 / MEM=300 by property bit 0x40)
12		FADD	default (ALU=6 / MEM=300 by property bit 0x40)
13		FMUL	default (ALU=6 / MEM=300 by property bit 0x40)
14		FMNMX	default (ALU=6 / MEM=300 by property bit 0x40)
15		FSWZADD	default (ALU=6 / MEM=300 by property bit 0x40)
16	300	FSET	
17	24	FSEL	
18		FSETP	default (ALU=6 / MEM=300 by property bit 0x40)
19		MOV	default (ALU=6 / MEM=300 by property bit 0x40)
20		SEL	default (ALU=6 / MEM=300 by property bit 0x40)
21		P2R	default (ALU=6 / MEM=300 by property bit 0x40)
22		R2P	default (ALU=6 / MEM=300 by property bit 0x40)
23		PLOP3	default (ALU=6 / MEM=300 by property bit 0x40)
24		PRMT	default (ALU=6 / MEM=300 by property bit 0x40)
25		NOP	default (ALU=6 / MEM=300 by property bit 0x40)
26		VOTE	default (ALU=6 / MEM=300 by property bit 0x40)
27		CS2R_32	default (ALU=6 / MEM=300 by property bit 0x40)
28		CS2R_64	default (ALU=6 / MEM=300 by property bit 0x40)
29		PMTRIG	default (ALU=6 / MEM=300 by property bit 0x40)
30		CSMTEST	default (ALU=6 / MEM=300 by property bit 0x40)
31		VABSDIFF	default (ALU=6 / MEM=300 by property bit 0x40)
32		VABSDIFF4	default (ALU=6 / MEM=300 by property bit 0x40)
33		IDP	default (ALU=6 / MEM=300 by property bit 0x40)
34		IDE	default (ALU=6 / MEM=300 by property bit 0x40)
35		I2I	default (ALU=6 / MEM=300 by property bit 0x40)
36		I2IP	default (ALU=6 / MEM=300 by property bit 0x40)
37		IMNMX	default (ALU=6 / MEM=300 by property bit 0x40)
38	13	POPC	
39		FLO	default (ALU=6 / MEM=300 by property bit 0x40)
40		FCHK	default (ALU=6 / MEM=300 by property bit 0x40)
41		IPA	default (ALU=6 / MEM=300 by property bit 0x40)
42	24	MUFU	
43		F2F	default (ALU=6 / MEM=300 by property bit 0x40)
44		F2F_X	default (ALU=6 / MEM=300 by property bit 0x40)
45		F2I	default (ALU=6 / MEM=300 by property bit 0x40)
46		F2I_X	default (ALU=6 / MEM=300 by property bit 0x40)
47		I2F	default (ALU=6 / MEM=300 by property bit 0x40)
48		I2F_X	default (ALU=6 / MEM=300 by property bit 0x40)
49		FRND	default (ALU=6 / MEM=300 by property bit 0x40)
50		FRND_X	default (ALU=6 / MEM=300 by property bit 0x40)
51		AL2P	default (ALU=6 / MEM=300 by property bit 0x40)
52		AL2P_INDEXED	default (ALU=6 / MEM=300 by property bit 0x40)
53	24	BREV	
54		BMOV_B	default (ALU=6 / MEM=300 by property bit 0x40)
55	24	BMOV_R	
56		BMOV	default (ALU=6 / MEM=300 by property bit 0x40)
57		S2R	default (ALU=6 / MEM=300 by property bit 0x40)
58		B2R	default (ALU=6 / MEM=300 by property bit 0x40)
59	13	R2B	
60	13	LEPC	
61		BAR	default (ALU=6 / MEM=300 by property bit 0x40)
62	13	BAR_INDEXED	
63		SETCTAID	default (ALU=6 / MEM=300 by property bit 0x40)
64		SETLMEMBASE	default (ALU=6 / MEM=300 by property bit 0x40)
65		GETLMEMBASE	default (ALU=6 / MEM=300 by property bit 0x40)
66		DEPBAR	default (ALU=6 / MEM=300 by property bit 0x40)
67	13	BRA	
68		BRX	default (ALU=6 / MEM=300 by property bit 0x40)
69		JMP	default (ALU=6 / MEM=300 by property bit 0x40)
70		JMX	default (ALU=6 / MEM=300 by property bit 0x40)
71		CALL	default (ALU=6 / MEM=300 by property bit 0x40)
72		RET	default (ALU=6 / MEM=300 by property bit 0x40)
73		BSSY	default (ALU=6 / MEM=300 by property bit 0x40)
74		BREAK	default (ALU=6 / MEM=300 by property bit 0x40)
75		BPT	default (ALU=6 / MEM=300 by property bit 0x40)
76		KILL	default (ALU=6 / MEM=300 by property bit 0x40)
77		EXIT	default (ALU=6 / MEM=300 by property bit 0x40)
78	13	RTT	
79	13	BSYNC	
80		MATCH	default (ALU=6 / MEM=300 by property bit 0x40)
81		NANOSLEEP	default (ALU=6 / MEM=300 by property bit 0x40)
82		NANOTRAP	default (ALU=6 / MEM=300 by property bit 0x40)
83		TEX	default (ALU=6 / MEM=300 by property bit 0x40)
84		TLD	default (ALU=6 / MEM=300 by property bit 0x40)
85		TLD4	default (ALU=6 / MEM=300 by property bit 0x40)
86		TMML	default (ALU=6 / MEM=300 by property bit 0x40)
87		TXD	default (ALU=6 / MEM=300 by property bit 0x40)
88	30	TXQ	
89	30	LDC	
90		ALD	default (ALU=6 / MEM=300 by property bit 0x40)
91	24	AST	
92		OUT	default (ALU=6 / MEM=300 by property bit 0x40)
93		OUT_FINAL	default (ALU=6 / MEM=300 by property bit 0x40)
94		LDS	default (ALU=6 / MEM=300 by property bit 0x40)
95		STS	default (ALU=6 / MEM=300 by property bit 0x40)
96		LDG	default (ALU=6 / MEM=300 by property bit 0x40)
97		STG	default (ALU=6 / MEM=300 by property bit 0x40)
98		LDL	default (ALU=6 / MEM=300 by property bit 0x40)
99		STL	default (ALU=6 / MEM=300 by property bit 0x40)
100		LD	default (ALU=6 / MEM=300 by property bit 0x40)
101		ST	default (ALU=6 / MEM=300 by property bit 0x40)
102		ATOM	default (ALU=6 / MEM=300 by property bit 0x40)
103		ATOMG	default (ALU=6 / MEM=300 by property bit 0x40)
104		RED	default (ALU=6 / MEM=300 by property bit 0x40)
105		ATOMS	default (ALU=6 / MEM=300 by property bit 0x40)
106	13	QSPC	
107		CCTL_NO_SB	default (ALU=6 / MEM=300 by property bit 0x40)
108		CCTL	default (ALU=6 / MEM=300 by property bit 0x40)
109		CCTLL	default (ALU=6 / MEM=300 by property bit 0x40)
110		CCTLT	default (ALU=6 / MEM=300 by property bit 0x40)
111		MEMBAR	default (ALU=6 / MEM=300 by property bit 0x40)
112		SULD	default (ALU=6 / MEM=300 by property bit 0x40)
113		SUST	default (ALU=6 / MEM=300 by property bit 0x40)
114		SUATOM	default (ALU=6 / MEM=300 by property bit 0x40)
115		SURED	default (ALU=6 / MEM=300 by property bit 0x40)
116		PIXLD	default (ALU=6 / MEM=300 by property bit 0x40)
117		ISBERD	default (ALU=6 / MEM=300 by property bit 0x40)
118		ISBEWR	default (ALU=6 / MEM=300 by property bit 0x40)
119		SHFL	default (ALU=6 / MEM=300 by property bit 0x40)
120		WARPSYNC	default (ALU=6 / MEM=300 by property bit 0x40)
121		YIELD	default (ALU=6 / MEM=300 by property bit 0x40)
122		DFMA	default (ALU=6 / MEM=300 by property bit 0x40)
123		DADD	default (ALU=6 / MEM=300 by property bit 0x40)
124		DMUL	default (ALU=6 / MEM=300 by property bit 0x40)
125		DSETP	default (ALU=6 / MEM=300 by property bit 0x40)
126		HADD2	default (ALU=6 / MEM=300 by property bit 0x40)
127		HADD2_F32	default (ALU=6 / MEM=300 by property bit 0x40)
128		HFMA2	default (ALU=6 / MEM=300 by property bit 0x40)
129		HMUL2	default (ALU=6 / MEM=300 by property bit 0x40)
130		HSET2	default (ALU=6 / MEM=300 by property bit 0x40)
131		HSETP2	default (ALU=6 / MEM=300 by property bit 0x40)
132		HMMA_16	default (ALU=6 / MEM=300 by property bit 0x40)
133		HMMA_32	default (ALU=6 / MEM=300 by property bit 0x40)
134		IMMA	default (ALU=6 / MEM=300 by property bit 0x40)
135		INTRINSIC	default (ALU=6 / MEM=300 by property bit 0x40)
136		SM70_LAST	default (ALU=6 / MEM=300 by property bit 0x40)
137		SM73_FIRST	default (ALU=6 / MEM=300 by property bit 0x40)
138		UBREV	default (ALU=6 / MEM=300 by property bit 0x40)
139		UBMSK	default (ALU=6 / MEM=300 by property bit 0x40)
140		UCLEA	default (ALU=6 / MEM=300 by property bit 0x40)
141		UISETP	default (ALU=6 / MEM=300 by property bit 0x40)
142		ULDC	default (ALU=6 / MEM=300 by property bit 0x40)
143		ULEA	default (ALU=6 / MEM=300 by property bit 0x40)
144		UP2UR	default (ALU=6 / MEM=300 by property bit 0x40)
145		ULOP3	default (ALU=6 / MEM=300 by property bit 0x40)
146		UPLOP3	default (ALU=6 / MEM=300 by property bit 0x40)
147		USEL	default (ALU=6 / MEM=300 by property bit 0x40)
148		USGXT	default (ALU=6 / MEM=300 by property bit 0x40)
149		UFLO	default (ALU=6 / MEM=300 by property bit 0x40)
150		UIADD3	default (ALU=6 / MEM=300 by property bit 0x40)
151		UIMAD	default (ALU=6 / MEM=300 by property bit 0x40)
152		UMOV	default (ALU=6 / MEM=300 by property bit 0x40)
153		UPRMT	default (ALU=6 / MEM=300 by property bit 0x40)
154		VOTEU	default (ALU=6 / MEM=300 by property bit 0x40)
155		UPOPC	default (ALU=6 / MEM=300 by property bit 0x40)
156		USHF	default (ALU=6 / MEM=300 by property bit 0x40)
157		SCATTER	default (ALU=6 / MEM=300 by property bit 0x40)
158		F2FP	default (ALU=6 / MEM=300 by property bit 0x40)
159		HMMA_1688	default (ALU=6 / MEM=300 by property bit 0x40)
160		HMMA_16816	default (ALU=6 / MEM=300 by property bit 0x40)
161		BMMA	default (ALU=6 / MEM=300 by property bit 0x40)
162	13	TTUCCTL	
163		TTUMACRO	default (ALU=6 / MEM=300 by property bit 0x40)
164		R2UR	default (ALU=6 / MEM=300 by property bit 0x40)
165		MOVM	default (ALU=6 / MEM=300 by property bit 0x40)
166		LDSM	default (ALU=6 / MEM=300 by property bit 0x40)
167		LDTRAM	default (ALU=6 / MEM=300 by property bit 0x40)
168		FOOTPRINT	default (ALU=6 / MEM=300 by property bit 0x40)
169		S2UR	default (ALU=6 / MEM=300 by property bit 0x40)
170		BRXU	default (ALU=6 / MEM=300 by property bit 0x40)
171		SM73_LAST	default (ALU=6 / MEM=300 by property bit 0x40)
172		SM82_FIRST	default (ALU=6 / MEM=300 by property bit 0x40)
173		GATHER	default (ALU=6 / MEM=300 by property bit 0x40)
174		GENMETADATA	default (ALU=6 / MEM=300 by property bit 0x40)
175		SPMETADATA	default (ALU=6 / MEM=300 by property bit 0x40)
176		BMMA_88128	default (ALU=6 / MEM=300 by property bit 0x40)
177		BMMA_168128	default (ALU=6 / MEM=300 by property bit 0x40)
178		BMMA_168256	default (ALU=6 / MEM=300 by property bit 0x40)
179		CLMAD	default (ALU=6 / MEM=300 by property bit 0x40)
180	13	DMMA	
181		HMMA_SP_1688	default (ALU=6 / MEM=300 by property bit 0x40)
182	13	HFMA2_MMA	
183	24	HMNMX2	
184		IMMA_88	default (ALU=6 / MEM=300 by property bit 0x40)
185		IMMA_SP_88	default (ALU=6 / MEM=300 by property bit 0x40)
186		IMMA_16816	default (ALU=6 / MEM=300 by property bit 0x40)
187		IMMA_16832	default (ALU=6 / MEM=300 by property bit 0x40)
188		IMMA_SP_16832	default (ALU=6 / MEM=300 by property bit 0x40)
189		ARRIVES	default (ALU=6 / MEM=300 by property bit 0x40)
190		LDGDEPBAR	default (ALU=6 / MEM=300 by property bit 0x40)
191		LDGSTS	default (ALU=6 / MEM=300 by property bit 0x40)
192	13	REDUX	
193		SM82_LAST	default (ALU=6 / MEM=300 by property bit 0x40)
194	13	SM86_FIRST	
195	24	F2IP	
196		UF2FP	default (ALU=6 / MEM=300 by property bit 0x40)
197		I2FP	default (ALU=6 / MEM=300 by property bit 0x40)
198		SUQUERY	default (ALU=6 / MEM=300 by property bit 0x40)
199	13	SM86_LAST	
200		SM89_FIRST	default (ALU=6 / MEM=300 by property bit 0x40)
201		QMMA_16816	default (ALU=6 / MEM=300 by property bit 0x40)
202		QMMA_16832	default (ALU=6 / MEM=300 by property bit 0x40)
203		QMMA_SP_16832	default (ALU=6 / MEM=300 by property bit 0x40)
204		QMMA_SP_12864	default (ALU=6 / MEM=300 by property bit 0x40)
205		SM89_LAST	default (ALU=6 / MEM=300 by property bit 0x40)
206		SM90_FIRST	default (ALU=6 / MEM=300 by property bit 0x40)
207		ACQBLK	default (ALU=6 / MEM=300 by property bit 0x40)
208		CGABAR_ARV	default (ALU=6 / MEM=300 by property bit 0x40)
209		CGABAR_GET	default (ALU=6 / MEM=300 by property bit 0x40)
210		CGABAR_SET	default (ALU=6 / MEM=300 by property bit 0x40)
211		CGABAR_WAIT	default (ALU=6 / MEM=300 by property bit 0x40)
212		CGAERRBAR	default (ALU=6 / MEM=300 by property bit 0x40)
213		CREATEPOLICY	default (ALU=6 / MEM=300 by property bit 0x40)
214		CVTA	default (ALU=6 / MEM=300 by property bit 0x40)
215	13	DMMA	
216		ELECT	default (ALU=6 / MEM=300 by property bit 0x40)
217		ENDCOLLECTIVE	default (ALU=6 / MEM=300 by property bit 0x40)
218		FENCE_G	default (ALU=6 / MEM=300 by property bit 0x40)
219		FENCE_S	default (ALU=6 / MEM=300 by property bit 0x40)
220		FMNMX	default (ALU=6 / MEM=300 by property bit 0x40)
221	13	GMMA	
222		LDCU	default (ALU=6 / MEM=300 by property bit 0x40)
223	300	LEPC	
224		MAPA	default (ALU=6 / MEM=300 by property bit 0x40)
225		PREEXIT	default (ALU=6 / MEM=300 by property bit 0x40)
226		R2UR_H	default (ALU=6 / MEM=300 by property bit 0x40)
227		REDAS	default (ALU=6 / MEM=300 by property bit 0x40)
228	300	SETMAXREG	
229		SETSMEMSIZE	default (ALU=6 / MEM=300 by property bit 0x40)
230		STAS	default (ALU=6 / MEM=300 by property bit 0x40)
231		STSM	default (ALU=6 / MEM=300 by property bit 0x40)
232		SYNCS_BASIC	default (ALU=6 / MEM=300 by property bit 0x40)
233		SYNCS_LD_UNIFM	default (ALU=6 / MEM=300 by property bit 0x40)
234		UBLKCP	default (ALU=6 / MEM=300 by property bit 0x40)
235		UBLKRED	default (ALU=6 / MEM=300 by property bit 0x40)
236		UBLKPF	default (ALU=6 / MEM=300 by property bit 0x40)
237		UCVTA	default (ALU=6 / MEM=300 by property bit 0x40)
238		ULEPC	default (ALU=6 / MEM=300 by property bit 0x40)
239		UMAPA	default (ALU=6 / MEM=300 by property bit 0x40)
240		UTMACCTL	default (ALU=6 / MEM=300 by property bit 0x40)
241		UTMACMDFLUSH	default (ALU=6 / MEM=300 by property bit 0x40)
242		UTMALDG	default (ALU=6 / MEM=300 by property bit 0x40)
243		UTMAPF	default (ALU=6 / MEM=300 by property bit 0x40)
244		UTMREDG	default (ALU=6 / MEM=300 by property bit 0x40)
245		UTMALST	default (ALU=6 / MEM=300 by property bit 0x40)
246		VHMNMX	default (ALU=6 / MEM=300 by property bit 0x40)
247		VIADD	default (ALU=6 / MEM=300 by property bit 0x40)
248		VIADDMNMX	default (ALU=6 / MEM=300 by property bit 0x40)
249		VIMNMX	default (ALU=6 / MEM=300 by property bit 0x40)
250		VIMNMX3	default (ALU=6 / MEM=300 by property bit 0x40)
251		WARPGROUP	default (ALU=6 / MEM=300 by property bit 0x40)
252		SM90_LAST	default (ALU=6 / MEM=300 by property bit 0x40)
253		SM100_FIRST	default (ALU=6 / MEM=300 by property bit 0x40)
254		CREDUX	default (ALU=6 / MEM=300 by property bit 0x40)
255		FADD2	default (ALU=6 / MEM=300 by property bit 0x40)
256		FFMA2	default (ALU=6 / MEM=300 by property bit 0x40)
257		FMNMX3	default (ALU=6 / MEM=300 by property bit 0x40)
258		FMUL2	default (ALU=6 / MEM=300 by property bit 0x40)
259		LDTM	default (ALU=6 / MEM=300 by property bit 0x40)
260		UGETNEXTWORKID	default (ALU=6 / MEM=300 by property bit 0x40)
261		UTCBAR_1CTA	default (ALU=6 / MEM=300 by property bit 0x40)
262		UTCBAR_2CTA	default (ALU=6 / MEM=300 by property bit 0x40)
263		UTCCP_1CTA	default (ALU=6 / MEM=300 by property bit 0x40)
264		UTCCP_2CTA	default (ALU=6 / MEM=300 by property bit 0x40)
265		UTCMMA_1CTA	default (ALU=6 / MEM=300 by property bit 0x40)
266		UTCMMA_2CTA	default (ALU=6 / MEM=300 by property bit 0x40)
267		UTCSHIFT_1CTA	default (ALU=6 / MEM=300 by property bit 0x40)
268		UTCSHIFT_2CTA	default (ALU=6 / MEM=300 by property bit 0x40)
269		VIRTCOUNT	default (ALU=6 / MEM=300 by property bit 0x40)
270		TCATOMSWS	default (ALU=6 / MEM=300 by property bit 0x40)
271		TCLDSWS	default (ALU=6 / MEM=300 by property bit 0x40)
272		TCSTSWS	default (ALU=6 / MEM=300 by property bit 0x40)
273		QFMA4	default (ALU=6 / MEM=300 by property bit 0x40)
274		QADD4	default (ALU=6 / MEM=300 by property bit 0x40)
275		QMUL4	default (ALU=6 / MEM=300 by property bit 0x40)
276		MEMSET	default (ALU=6 / MEM=300 by property bit 0x40)
277		ACQSHMINIT	default (ALU=6 / MEM=300 by property bit 0x40)
278		STTM	default (ALU=6 / MEM=300 by property bit 0x40)
279		FENCE_T	default (ALU=6 / MEM=300 by property bit 0x40)
280		SM100_LAST	default (ALU=6 / MEM=300 by property bit 0x40)
281		SM104_FIRST	default (ALU=6 / MEM=300 by property bit 0x40)
282		IADD	default (ALU=6 / MEM=300 by property bit 0x40)
283		UVIADD	default (ALU=6 / MEM=300 by property bit 0x40)
284		IMNMX	default (ALU=6 / MEM=300 by property bit 0x40)
285		IMNMX	default (ALU=6 / MEM=300 by property bit 0x40)
286		UIMNMX	default (ALU=6 / MEM=300 by property bit 0x40)
287		UVIMNMX	default (ALU=6 / MEM=300 by property bit 0x40)
288		ISETP	default (ALU=6 / MEM=300 by property bit 0x40)
289		UISETP	default (ALU=6 / MEM=300 by property bit 0x40)
290		MOV	default (ALU=6 / MEM=300 by property bit 0x40)
291		UMOV	default (ALU=6 / MEM=300 by property bit 0x40)
292		SEL	default (ALU=6 / MEM=300 by property bit 0x40)
293		USEL	default (ALU=6 / MEM=300 by property bit 0x40)
294		UFADD	default (ALU=6 / MEM=300 by property bit 0x40)
295		UFSEL	default (ALU=6 / MEM=300 by property bit 0x40)
296		UFFMA	default (ALU=6 / MEM=300 by property bit 0x40)
297		UFMUL	default (ALU=6 / MEM=300 by property bit 0x40)
298		UFSET	default (ALU=6 / MEM=300 by property bit 0x40)
299		UFSETP	default (ALU=6 / MEM=300 by property bit 0x40)
300		UI2I	default (ALU=6 / MEM=300 by property bit 0x40)
301		UI2IP	default (ALU=6 / MEM=300 by property bit 0x40)
302		UF2F	default (ALU=6 / MEM=300 by property bit 0x40)
303		UFRND	default (ALU=6 / MEM=300 by property bit 0x40)
304		UF2I	default (ALU=6 / MEM=300 by property bit 0x40)
305		UF2IP	default (ALU=6 / MEM=300 by property bit 0x40)
306		UI2F	default (ALU=6 / MEM=300 by property bit 0x40)
307		UI2FP	default (ALU=6 / MEM=300 by property bit 0x40)
308		UIABS	default (ALU=6 / MEM=300 by property bit 0x40)
309		CS2UR	default (ALU=6 / MEM=300 by property bit 0x40)
310		UF2FP	default (ALU=6 / MEM=300 by property bit 0x40)
311		MXQMMA_SF_16832	default (ALU=6 / MEM=300 by property bit 0x40)
312		OMMA_16864	default (ALU=6 / MEM=300 by property bit 0x40)
313		OMMA_SP_168128	default (ALU=6 / MEM=300 by property bit 0x40)
314		QMMA_16816	default (ALU=6 / MEM=300 by property bit 0x40)
315		QMMA_16832	default (ALU=6 / MEM=300 by property bit 0x40)
316		QMMA_SP_16832	default (ALU=6 / MEM=300 by property bit 0x40)
317		QMMA_SP_12864	default (ALU=6 / MEM=300 by property bit 0x40)
318		QMMA_SF_16832	default (ALU=6 / MEM=300 by property bit 0x40)
319		QMMA_SF_SP_16864	default (ALU=6 / MEM=300 by property bit 0x40)
320		SM104_LAST	default (ALU=6 / MEM=300 by property bit 0x40)
321		LAST	default (ALU=6 / MEM=300 by property bit 0x40)
322			default (ALU=6 / MEM=300 by property bit 0x40)
323			default (ALU=6 / MEM=300 by property bit 0x40)
324			default (ALU=6 / MEM=300 by property bit 0x40)
325			default (ALU=6 / MEM=300 by property bit 0x40)
326			default (ALU=6 / MEM=300 by property bit 0x40)
327			default (ALU=6 / MEM=300 by property bit 0x40)
328			default (ALU=6 / MEM=300 by property bit 0x40)
329			default (ALU=6 / MEM=300 by property bit 0x40)
330			default (ALU=6 / MEM=300 by property bit 0x40)
331			default (ALU=6 / MEM=300 by property bit 0x40)
332			default (ALU=6 / MEM=300 by property bit 0x40)
333			default (ALU=6 / MEM=300 by property bit 0x40)
334			default (ALU=6 / MEM=300 by property bit 0x40)
335			default (ALU=6 / MEM=300 by property bit 0x40)
336			default (ALU=6 / MEM=300 by property bit 0x40)
337			default (ALU=6 / MEM=300 by property bit 0x40)
338			default (ALU=6 / MEM=300 by property bit 0x40)
339			default (ALU=6 / MEM=300 by property bit 0x40)
340			default (ALU=6 / MEM=300 by property bit 0x40)
341			default (ALU=6 / MEM=300 by property bit 0x40)
342			default (ALU=6 / MEM=300 by property bit 0x40)
343			default (ALU=6 / MEM=300 by property bit 0x40)
344			default (ALU=6 / MEM=300 by property bit 0x40)
345			default (ALU=6 / MEM=300 by property bit 0x40)
346			default (ALU=6 / MEM=300 by property bit 0x40)
347			default (ALU=6 / MEM=300 by property bit 0x40)
348			default (ALU=6 / MEM=300 by property bit 0x40)
349			default (ALU=6 / MEM=300 by property bit 0x40)
350			default (ALU=6 / MEM=300 by property bit 0x40)
351			default (ALU=6 / MEM=300 by property bit 0x40)
352			default (ALU=6 / MEM=300 by property bit 0x40)
353			default (ALU=6 / MEM=300 by property bit 0x40)
354			default (ALU=6 / MEM=300 by property bit 0x40)
