merc_index	mnemonic	rot13	va_ref
0	UTCSTSWS	HGPFGFJF	33768864
1	UTCSHIFT.2CTA	HGPFUVSG.2PGN	33768880
2	UTCSHIFT.1CTA	HGPFUVSG.1PGN	33768896
3	UTCQMMA.2CTA	HGPDZZN.2PGN	33768912
4	UTCQMMA.1CTA	HGPDZZN.1PGN	33768928
5	UTCOMMA.2CTA	HGPBZZN.2PGN	33768944
6	UTCOMMA.1CTA	HGPBZZN.1PGN	33768960
7	UTCMXQMMA.2CTA	HGPZKDZZN.2PGN	33768976
8	UTCMXQMMA.1CTA	HGPZKDZZN.1PGN	33768992
9	UTCLDSWS	HGPYQFJF	33769008
10	UTCIMMA.2CTA	HGPVZZN.2PGN	33769024
11	UTCIMMA.1CTA	HGPVZZN.1PGN	33769040
12	UTCHMMA.2CTA	HGPUZZN.2PGN	33769056
13	UTCHMMA.1CTA	HGPUZZN.1PGN	33769072
14	UTCCP.2CTA	HGPPC.2PGN	33769088
15	UTCCP.1CTA	HGPPC.1PGN	33769104
16	UTCBAR.2CTA	HGPONE.2PGN	33769120
17	UTCBAR.1CTA.FLUSH	HGPONE.1PGN.SYHFU	33769136
18	UTCBAR.1CTA	HGPONE.1PGN	33769160
19	UTCATOMSWS	HGPNGBZFJF	33769176
20	SYNCSU.ARRIVE.MULTICAST.A1T0	FLAPFH.NEEVIR.ZHYGVPNFG.N1G0	33770208
21	SYNCSU.ARRIVE.A1T0	FLAPFH.NEEVIR.N1G0	33770240
22	SYNCS.PHASECHK	FLAPF.CUNFRPUX	33770264
23	SYNCS.LD.UNIFORM	FLAPF.YQ.HAVSBEZ	33770288
24	SYNCS.LD.NON_UNIFORM	FLAPF.YQ.ABA_HAVSBEZ	33770320
25	SYNCS.FLUSH	FLAPF.SYHFU	33770344
26	SYNCS.CCTL	FLAPF.PPGY	33770360
27	SYNCS.CAS.EXCH	FLAPF.PNF.RKPU	33770376
28	SYNCS.ARRIVE.A1TR.ART0.A0TR.A0TX	FLAPF.NEEVIR.N1GE.NEG0.N0GE.N0GK	33770400
29	SYNCS.ARRIVE.A1T0.A0T1	FLAPF.NEEVIR.N1G0.N0G1	33770448
30	QMMA.SP.16864	DZZN.FC.16864	33770792
31	QMMA.SP.16832	DZZN.FC.16832	33770808
32	QMMA.SF.SP	DZZN.FS.FC	33770824
33	QMMA.SF	DZZN.FS	33770840
34	QMMA.16832	DZZN.16832	33770848
35	QMMA.16816	DZZN.16816	33770864
36	QMMA	DZZN	33770875
37	OMMA.SP	BZZN.FC	33770976
38	OMMA	BZZN	33770984
39	MERCURY_warpgroup_mma_wait_sync_0	ZREPHEL_jnectebhc_zzn_jnvg_flap_0	33771296
40	MERCURY_warpgroup_mma_sync_0	ZREPHEL_jnectebhc_zzn_flap_0	33771344
41	MERCURY_warpgroup_mma_sp_int_sync_srcs_ur4_r4_0	ZREPHEL_jnectebhc_zzn_fc_vag_flap_fepf_he4_e4_0	33771392
42	MERCURY_warpgroup_mma_sp_int_sync_srcs_ur4_0	ZREPHEL_jnectebhc_zzn_fc_vag_flap_fepf_he4_0	33771456
43	MERCURY_warpgroup_mma_sp_int_sync_srcs_r4_ur4_0	ZREPHEL_jnectebhc_zzn_fc_vag_flap_fepf_e4_he4_0	33771520
44	MERCURY_warpgroup_mma_sp_fp8_sync_srcs_ur4_r2_0	ZREPHEL_jnectebhc_zzn_fc_sc8_flap_fepf_he4_e2_0	33771584
45	MERCURY_warpgroup_mma_sp_fp8_sync_srcs_ur4_1	ZREPHEL_jnectebhc_zzn_fc_sc8_flap_fepf_he4_1	33771648
46	MERCURY_warpgroup_mma_sp_fp8_sync_srcs_ur4_0	ZREPHEL_jnectebhc_zzn_fc_sc8_flap_fepf_he4_0	33771712
47	MERCURY_warpgroup_mma_sp_fp8_sync_srcs_r4_ur4_0	ZREPHEL_jnectebhc_zzn_fc_sc8_flap_fepf_e4_he4_0	33771776
48	MERCURY_warpgroup_mma_sp_fp16_sync_srcs_r4_ur4_0	ZREPHEL_jnectebhc_zzn_fc_sc16_flap_fepf_e4_he4_0	33771840
49	MERCURY_warpgroup_mma_int_sync_srcs_r4_ur4_0	ZREPHEL_jnectebhc_zzn_vag_flap_fepf_e4_he4_0	33771904
50	MERCURY_warpgroup_mma_fp8_sync_srcs_ur4_0	ZREPHEL_jnectebhc_zzn_sc8_flap_fepf_he4_0	33771968
51	MERCURY_warpgroup_mma_fp8_sync_srcs_r4_ur4_0	ZREPHEL_jnectebhc_zzn_sc8_flap_fepf_e4_he4_0	33772032
52	MERCURY_warpgroup_mma_fp16_sync_srcs_ur4_r2_0	ZREPHEL_jnectebhc_zzn_sc16_flap_fepf_he4_e2_0	33772096
53	MERCURY_warpgroup_mma_fp16_sync_srcs_ur4_0	ZREPHEL_jnectebhc_zzn_sc16_flap_fepf_he4_0	33772160
54	MERCURY_warpgroup_mma_fp16_sync_srcs_r4_ur4_0	ZREPHEL_jnectebhc_zzn_sc16_flap_fepf_e4_he4_0	33772224
55	MERCURY_warpgroup_mma_b1_sync_srcs_ur4_0	ZREPHEL_jnectebhc_zzn_o1_flap_fepf_he4_0	33772288
56	MERCURY_warpgroup_mma_b1_sync_srcs_r4_ur4_0	ZREPHEL_jnectebhc_zzn_o1_flap_fepf_e4_he4_0	33772352
57	MERCURY_warpgroup_mma_arrive_sync_0	ZREPHEL_jnectebhc_zzn_neevir_flap_0	33772416
58	MERCURY_warpgroup_arrive_sync_0	ZREPHEL_jnectebhc_neevir_flap_0	33772480
59	MERCURY_vote_sync_unaligned_srcs_r_2	ZREPHEL_ibgr_flap_hanyvtarq_fepf_e_2	33772512
60	MERCURY_vote_sync_unaligned_srcs_r_1	ZREPHEL_ibgr_flap_hanyvtarq_fepf_e_1	33772576
61	MERCURY_vote_sync_unaligned_srcs_r_0	ZREPHEL_ibgr_flap_hanyvtarq_fepf_e_0	33772640
62	MERCURY_vote_sync_unaligned_2	ZREPHEL_ibgr_flap_hanyvtarq_2	33772688
63	MERCURY_vote_sync_unaligned_1	ZREPHEL_ibgr_flap_hanyvtarq_1	33772720
64	MERCURY_vote_sync_unaligned_0	ZREPHEL_ibgr_flap_hanyvtarq_0	33772752
65	MERCURY_vabsdiff4_srcs_ur_r_1	ZREPHEL_inofqvss4_fepf_he_e_1	33772784
66	MERCURY_vabsdiff4_srcs_ur_r_0	ZREPHEL_inofqvss4_fepf_he_e_0	33772816
67	MERCURY_vabsdiff4_srcs_uimm_r_0	ZREPHEL_inofqvss4_fepf_hvzz_e_0	33772864
68	MERCURY_vabsdiff4_srcs_r_ur_1	ZREPHEL_inofqvss4_fepf_e_he_1	33772896
69	MERCURY_vabsdiff4_srcs_r_ur_0	ZREPHEL_inofqvss4_fepf_e_he_0	33772928
70	MERCURY_vabsdiff4_srcs_r_ur	ZREPHEL_inofqvss4_fepf_e_he	33772960
71	MERCURY_vabsdiff4_srcs_r_uimm_0	ZREPHEL_inofqvss4_fepf_e_hvzz_0	33772992
72	MERCURY_tcgen05_st_16dp32bitx2_0	ZREPHEL_gptra05_fg_16qc32ovgk2_0	33773024
73	MERCURY_tcgen05_ld_16dp32bitx2_0	ZREPHEL_gptra05_yq_16qc32ovgk2_0	33773088
74	MERCURY_st_shared_cta_release_srcs_r_ur_simm_0	ZREPHEL_fg_funerq_pgn_eryrnfr_fepf_e_he_fvzz_0	33773152
75	MERCURY_st_shared_cta_release_srcs_r_simm_1	ZREPHEL_fg_funerq_pgn_eryrnfr_fepf_e_fvzz_1	33773216
76	MERCURY_st_shared_cta_release_srcs_r_simm_0	ZREPHEL_fg_funerq_pgn_eryrnfr_fepf_e_fvzz_0	33773280
77	MERCURY_st_release_srcs_r2_ur2_simm_0	ZREPHEL_fg_eryrnfr_fepf_e2_he2_fvzz_0	33773344
78	MERCURY_shfl_sync_unaligned_srcs_uimm_r_r_1	ZREPHEL_fusy_flap_hanyvtarq_fepf_hvzz_e_e_1	33773408
79	MERCURY_shfl_sync_unaligned_srcs_uimm_r_r_0	ZREPHEL_fusy_flap_hanyvtarq_fepf_hvzz_e_e_0	33773472
80	MERCURY_shfl_sync_unaligned_srcs_r_uimm_0	ZREPHEL_fusy_flap_hanyvtarq_fepf_e_hvzz_0	33773536
81	MERCURY_shfl_sync_unaligned_srcs_r_r_0	ZREPHEL_fusy_flap_hanyvtarq_fepf_e_e_0	33773600
82	MERCURY_selmov	ZREPHEL_fryzbi	33773640
83	MERCURY_sad_srcs_ur_r_0	ZREPHEL_fnq_fepf_he_e_0	33773664
84	MERCURY_sad_srcs_uimm_r_0	ZREPHEL_fnq_fepf_hvzz_e_0	33773696
85	MERCURY_sad_srcs_r_ur_0	ZREPHEL_fnq_fepf_e_he_0	33773728
86	MERCURY_redux_s32_sync_unaligned_srcs_r_4	ZREPHEL_erqhk_f32_flap_hanyvtarq_fepf_e_4	33773760
87	MERCURY_redux_s32_sync_unaligned_srcs_r_3	ZREPHEL_erqhk_f32_flap_hanyvtarq_fepf_e_3	33773824
88	MERCURY_redux_s32_sync_unaligned_srcs_r_2	ZREPHEL_erqhk_f32_flap_hanyvtarq_fepf_e_2	33773888
89	MERCURY_redux_s32_sync_unaligned_srcs_r_1	ZREPHEL_erqhk_f32_flap_hanyvtarq_fepf_e_1	33773952
90	MERCURY_redux_s32_sync_unaligned_srcs_r_0	ZREPHEL_erqhk_f32_flap_hanyvtarq_fepf_e_0	33774016
91	MERCURY_redux_s32_sync_unaligned_7	ZREPHEL_erqhk_f32_flap_hanyvtarq_7	33774080
92	MERCURY_redux_s32_sync_unaligned_6	ZREPHEL_erqhk_f32_flap_hanyvtarq_6	33774144
93	MERCURY_redux_s32_sync_unaligned_5	ZREPHEL_erqhk_f32_flap_hanyvtarq_5	33774208
94	MERCURY_redux_s32_sync_unaligned_4	ZREPHEL_erqhk_f32_flap_hanyvtarq_4	33774272
95	MERCURY_redux_s32_sync_unaligned_3	ZREPHEL_erqhk_f32_flap_hanyvtarq_3	33774336
96	MERCURY_redux_s32_sync_unaligned_2	ZREPHEL_erqhk_f32_flap_hanyvtarq_2	33774400
97	MERCURY_redux_s32_sync_unaligned_1	ZREPHEL_erqhk_f32_flap_hanyvtarq_1	33774464
98	MERCURY_redux_s32_sync_unaligned_0	ZREPHEL_erqhk_f32_flap_hanyvtarq_0	33774528
99	MERCURY_redux_f32_sync_unaligned_srcs_r_1	ZREPHEL_erqhk_s32_flap_hanyvtarq_fepf_e_1	33774592
100	MERCURY_redux_f32_sync_unaligned_srcs_r_0	ZREPHEL_erqhk_s32_flap_hanyvtarq_fepf_e_0	33774656
101	MERCURY_redux_b32_sync_unaligned_srcs_r_0	ZREPHEL_erqhk_o32_flap_hanyvtarq_fepf_e_0	33774720
102	MERCURY_red_global_int_release_srcs_r2_simm_0	ZREPHEL_erq_tybony_vag_eryrnfr_fepf_e2_fvzz_0	33774784
103	MERCURY_red_global_fp_release_srcs_r_ur2_simm_0	ZREPHEL_erq_tybony_sc_eryrnfr_fepf_e_he2_fvzz_0	33774848
104	MERCURY_red_global_fp_release_policy_srcs_r2_simm_0	ZREPHEL_erq_tybony_sc_eryrnfr_cbyvpl_fepf_e2_fvzz_0	33774912
105	MERCURY_red_async_release_global_int_mmio_0	ZREPHEL_erq_nflap_eryrnfr_tybony_vag_zzvb_0	33774976
106	MERCURY_predict_merge_1	ZREPHEL_cerqvpg_zretr_1	33775024
107	MERCURY_predict	ZREPHEL_cerqvpg	33775056
108	MERCURY_multimem_red_release_fp_srcs_r2_ur2_simm_0	ZREPHEL_zhygvzrz_erq_eryrnfr_sc_fepf_e2_he2_fvzz_0	33775072
109	MERCURY_multimem_ld_reduce_acquire_srcs_r_ur2_simm_0	ZREPHEL_zhygvzrz_yq_erqhpr_npdhver_fepf_e_he2_fvzz_0	33775136
110	MERCURY_mov_b32_dests_ur_srcs_sr_3	ZREPHEL_zbi_o32_qrfgf_he_fepf_fe_3	33775200
111	MERCURY_mov_b32_dests_ur_srcs_sr_2	ZREPHEL_zbi_o32_qrfgf_he_fepf_fe_2	33775264
112	MERCURY_mov_b32_dests_ur_srcs_sr_1	ZREPHEL_zbi_o32_qrfgf_he_fepf_fe_1	33775328
113	MERCURY_mov_b32_dests_ur_srcs_sr_0	ZREPHEL_zbi_o32_qrfgf_he_fepf_fe_0	33775392
114	MERCURY_mov_b32_dests_r_srcs_sr_2	ZREPHEL_zbi_o32_qrfgf_e_fepf_fe_2	33775456
115	MERCURY_mov_b32_dests_r_srcs_sr_1	ZREPHEL_zbi_o32_qrfgf_e_fepf_fe_1	33775520
116	MERCURY_mov_b32_dests_r_srcs_sr_0	ZREPHEL_zbi_o32_qrfgf_e_fepf_fe_0	33775584
117	MERCURY_min_srcs_ur_0	ZREPHEL_zva_fepf_he_0	33775632
118	MERCURY_min_srcs_uimm_1	ZREPHEL_zva_fepf_hvzz_1	33775664
119	MERCURY_min_srcs_uimm_0	ZREPHEL_zva_fepf_hvzz_0	33775696
120	MERCURY_min_srcs_r_0	ZREPHEL_zva_fepf_e_0	33775728
121	MERCURY_min_dests_p_srcs_ur_3	ZREPHEL_zva_qrfgf_c_fepf_he_3	33775760
122	MERCURY_min_dests_p_srcs_ur_2	ZREPHEL_zva_qrfgf_c_fepf_he_2	33775792
123	MERCURY_min_dests_p_srcs_ur_1	ZREPHEL_zva_qrfgf_c_fepf_he_1	33775824
124	MERCURY_min_dests_p_srcs_ur_0	ZREPHEL_zva_qrfgf_c_fepf_he_0	33775856
125	MERCURY_min_dests_p_srcs_r_1	ZREPHEL_zva_qrfgf_c_fepf_e_1	33775888
126	MERCURY_min_dests_p_srcs_r_0	ZREPHEL_zva_qrfgf_c_fepf_e_0	33775920
127	MERCURY_min3_int_srcs_ur_0	ZREPHEL_zva3_vag_fepf_he_0	33775952
128	MERCURY_min3_int_srcs_uimm_0	ZREPHEL_zva3_vag_fepf_hvzz_0	33775984
129	MERCURY_min3_int_srcs_r_0	ZREPHEL_zva3_vag_fepf_e_0	33776016
130	MERCURY_mbarrier_try_wait_shared_cta_dests_p_srcs_r_ur_7	ZREPHEL_zoneevre_gel_jnvg_funerq_pgn_qrfgf_c_fepf_e_he_7	33776064
131	MERCURY_mbarrier_try_wait_shared_cta_dests_p_srcs_r_ur_6	ZREPHEL_zoneevre_gel_jnvg_funerq_pgn_qrfgf_c_fepf_e_he_6	33776128
132	MERCURY_mbarrier_try_wait_shared_cta_dests_p_srcs_r_ur_5	ZREPHEL_zoneevre_gel_jnvg_funerq_pgn_qrfgf_c_fepf_e_he_5	33776192
133	MERCURY_mbarrier_try_wait_shared_cta_dests_p_srcs_r_ur_4	ZREPHEL_zoneevre_gel_jnvg_funerq_pgn_qrfgf_c_fepf_e_he_4	33776256
134	MERCURY_mbarrier_try_wait_shared_cta_dests_p_srcs_r_ur_3	ZREPHEL_zoneevre_gel_jnvg_funerq_pgn_qrfgf_c_fepf_e_he_3	33776320
135	MERCURY_mbarrier_try_wait_shared_cta_dests_p_srcs_r_ur_2	ZREPHEL_zoneevre_gel_jnvg_funerq_pgn_qrfgf_c_fepf_e_he_2	33776384
136	MERCURY_mbarrier_try_wait_shared_cta_dests_p_srcs_r_ur_1	ZREPHEL_zoneevre_gel_jnvg_funerq_pgn_qrfgf_c_fepf_e_he_1	33776448
137	MERCURY_mbarrier_try_wait_shared_cta_dests_p_srcs_r_ur_0	ZREPHEL_zoneevre_gel_jnvg_funerq_pgn_qrfgf_c_fepf_e_he_0	33776512
138	MERCURY_mbarrier_try_wait_shared_cta_dests_p_srcs_r_uimm_5	ZREPHEL_zoneevre_gel_jnvg_funerq_pgn_qrfgf_c_fepf_e_hvzz_5	33776576
139	MERCURY_mbarrier_try_wait_shared_cta_dests_p_srcs_r_uimm_4	ZREPHEL_zoneevre_gel_jnvg_funerq_pgn_qrfgf_c_fepf_e_hvzz_4	33776640
140	MERCURY_mbarrier_try_wait_shared_cta_dests_p_srcs_r_uimm_3	ZREPHEL_zoneevre_gel_jnvg_funerq_pgn_qrfgf_c_fepf_e_hvzz_3	33776704
141	MERCURY_mbarrier_try_wait_shared_cta_dests_p_srcs_r_uimm_2	ZREPHEL_zoneevre_gel_jnvg_funerq_pgn_qrfgf_c_fepf_e_hvzz_2	33776768
142	MERCURY_mbarrier_try_wait_shared_cta_dests_p_srcs_r_uimm_1	ZREPHEL_zoneevre_gel_jnvg_funerq_pgn_qrfgf_c_fepf_e_hvzz_1	33776832
143	MERCURY_mbarrier_try_wait_shared_cta_dests_p_srcs_r_uimm_0	ZREPHEL_zoneevre_gel_jnvg_funerq_pgn_qrfgf_c_fepf_e_hvzz_0	33776896
144	MERCURY_mbarrier_try_wait_shared_cta_dests_p_srcs_r_r_8	ZREPHEL_zoneevre_gel_jnvg_funerq_pgn_qrfgf_c_fepf_e_e_8	33776960
145	MERCURY_mbarrier_try_wait_shared_cta_dests_p_srcs_r_r_7	ZREPHEL_zoneevre_gel_jnvg_funerq_pgn_qrfgf_c_fepf_e_e_7	33777024
146	MERCURY_mbarrier_try_wait_shared_cta_dests_p_srcs_r_r_6	ZREPHEL_zoneevre_gel_jnvg_funerq_pgn_qrfgf_c_fepf_e_e_6	33777088
147	MERCURY_mbarrier_try_wait_shared_cta_dests_p_srcs_r_r_5	ZREPHEL_zoneevre_gel_jnvg_funerq_pgn_qrfgf_c_fepf_e_e_5	33777152
148	MERCURY_mbarrier_try_wait_shared_cta_dests_p_srcs_r_r_4	ZREPHEL_zoneevre_gel_jnvg_funerq_pgn_qrfgf_c_fepf_e_e_4	33777216
149	MERCURY_mbarrier_try_wait_shared_cta_dests_p_srcs_r_r_3	ZREPHEL_zoneevre_gel_jnvg_funerq_pgn_qrfgf_c_fepf_e_e_3	33777280
150	MERCURY_mbarrier_try_wait_shared_cta_dests_p_srcs_r_r_2	ZREPHEL_zoneevre_gel_jnvg_funerq_pgn_qrfgf_c_fepf_e_e_2	33777344
151	MERCURY_mbarrier_try_wait_shared_cta_dests_p_srcs_r_r_1	ZREPHEL_zoneevre_gel_jnvg_funerq_pgn_qrfgf_c_fepf_e_e_1	33777408
152	MERCURY_mbarrier_try_wait_shared_cta_dests_p_srcs_r_r_0	ZREPHEL_zoneevre_gel_jnvg_funerq_pgn_qrfgf_c_fepf_e_e_0	33777472
153	MERCURY_mbarrier_try_wait_shared_cta_dests_p_srcs_r_0	ZREPHEL_zoneevre_gel_jnvg_funerq_pgn_qrfgf_c_fepf_e_0	33777536
154	MERCURY_mbarrier_try_wait_shared_cta_dests_p_srcs_r2_ur_3	ZREPHEL_zoneevre_gel_jnvg_funerq_pgn_qrfgf_c_fepf_e2_he_3	33777600
155	MERCURY_mbarrier_try_wait_shared_cta_dests_p_srcs_r2_ur_2	ZREPHEL_zoneevre_gel_jnvg_funerq_pgn_qrfgf_c_fepf_e2_he_2	33777664
156	MERCURY_mbarrier_try_wait_shared_cta_dests_p_srcs_r2_ur_1	ZREPHEL_zoneevre_gel_jnvg_funerq_pgn_qrfgf_c_fepf_e2_he_1	33777728
157	MERCURY_mbarrier_try_wait_shared_cta_dests_p_srcs_r2_ur_0	ZREPHEL_zoneevre_gel_jnvg_funerq_pgn_qrfgf_c_fepf_e2_he_0	33777792
158	MERCURY_mbarrier_try_wait_shared_cta_dests_p_srcs_r2_uimm_5	ZREPHEL_zoneevre_gel_jnvg_funerq_pgn_qrfgf_c_fepf_e2_hvzz_5	33777856
159	MERCURY_mbarrier_try_wait_shared_cta_dests_p_srcs_r2_uimm_4	ZREPHEL_zoneevre_gel_jnvg_funerq_pgn_qrfgf_c_fepf_e2_hvzz_4	33777920
160	MERCURY_mbarrier_try_wait_shared_cta_dests_p_srcs_r2_uimm_3	ZREPHEL_zoneevre_gel_jnvg_funerq_pgn_qrfgf_c_fepf_e2_hvzz_3	33777984
161	MERCURY_mbarrier_try_wait_shared_cta_dests_p_srcs_r2_uimm_2	ZREPHEL_zoneevre_gel_jnvg_funerq_pgn_qrfgf_c_fepf_e2_hvzz_2	33778048
162	MERCURY_mbarrier_try_wait_shared_cta_dests_p_srcs_r2_uimm_1	ZREPHEL_zoneevre_gel_jnvg_funerq_pgn_qrfgf_c_fepf_e2_hvzz_1	33778112
163	MERCURY_mbarrier_try_wait_shared_cta_dests_p_srcs_r2_uimm_0	ZREPHEL_zoneevre_gel_jnvg_funerq_pgn_qrfgf_c_fepf_e2_hvzz_0	33778176
164	MERCURY_mbarrier_try_wait_shared_cta_dests_p_srcs_r2_r_2	ZREPHEL_zoneevre_gel_jnvg_funerq_pgn_qrfgf_c_fepf_e2_e_2	33778240
165	MERCURY_mbarrier_try_wait_shared_cta_dests_p_srcs_r2_r_1	ZREPHEL_zoneevre_gel_jnvg_funerq_pgn_qrfgf_c_fepf_e2_e_1	33778304
166	MERCURY_mbarrier_try_wait_shared_cta_dests_p_srcs_r2_r_0	ZREPHEL_zoneevre_gel_jnvg_funerq_pgn_qrfgf_c_fepf_e2_e_0	33778368
167	MERCURY_mbarrier_test_wait_shared_cta_srcs_ur_simm_ur_1	ZREPHEL_zoneevre_grfg_jnvg_funerq_pgn_fepf_he_fvzz_he_1	33778432
168	MERCURY_mbarrier_test_wait_shared_cta_dests_p_srcs_r_0	ZREPHEL_zoneevre_grfg_jnvg_funerq_pgn_qrfgf_c_fepf_e_0	33778496
169	MERCURY_mbarrier_test_wait_shared_cta_dests_p_srcs_r2_0	ZREPHEL_zoneevre_grfg_jnvg_funerq_pgn_qrfgf_c_fepf_e2_0	33778560
170	MERCURY_mbarrier_pending_count_dests_r_srcs_nonrz_2_0	ZREPHEL_zoneevre_craqvat_pbhag_qrfgf_e_fepf_abaem_2_0	33778624
171	MERCURY_mbarrier_init_shared_cta_srcs_ur_simm_ur2_0	ZREPHEL_zoneevre_vavg_funerq_pgn_fepf_he_fvzz_he2_0	33778688
172	MERCURY_mbarrier_init_shared_cta_srcs_r2_0	ZREPHEL_zoneevre_vavg_funerq_pgn_fepf_e2_0	33778752
173	MERCURY_mbarrier_init_shared_cta_0	ZREPHEL_zoneevre_vavg_funerq_pgn_0	33778816
174	MERCURY_mbarrier_create_dests_r2_srcs__1	ZREPHEL_zoneevre_perngr_qrfgf_e2_fepf__1	33778880
175	MERCURY_mbarrier_create_dests_r2_srcs__0	ZREPHEL_zoneevre_perngr_qrfgf_e2_fepf__0	33778944
176	MERCURY_mbarrier_create_3	ZREPHEL_zoneevre_perngr_3	33778992
177	MERCURY_mbarrier_create_2	ZREPHEL_zoneevre_perngr_2	33779024
178	MERCURY_mbarrier_create_1	ZREPHEL_zoneevre_perngr_1	33779056
179	MERCURY_mbarrier_create_0	ZREPHEL_zoneevre_perngr_0	33779088
180	MERCURY_mbarrier_arrive_shared_cta_dests_r2_0	ZREPHEL_zoneevre_neevir_funerq_pgn_qrfgf_e2_0	33779136
181	MERCURY_mbarrier_arrive_expect_tx_shared_cluster_srcs_r_0	ZREPHEL_zoneevre_neevir_rkcrpg_gk_funerq_pyhfgre_fepf_e_0	33779200
182	MERCURY_mbarrier_arrive_expect_tx_multicast_shared_cluster_wcoopr_srcs_ur_simm_ur_0	ZREPHEL_zoneevre_neevir_rkcrpg_gk_zhygvpnfg_funerq_pyhfgre_jpbbce_fepf_he_fvzz_he_0	33779264
183	MERCURY_mbarrier_arrive_drop_shared_cta_wcoopr_srcs_ur_simm_0	ZREPHEL_zoneevre_neevir_qebc_funerq_pgn_jpbbce_fepf_he_fvzz_0	33779360
184	MERCURY_mbarrier_arrive_drop_shared_cluster_wcoopr_srcs_ur_simm_ur_0	ZREPHEL_zoneevre_neevir_qebc_funerq_pyhfgre_jpbbce_fepf_he_fvzz_he_0	33779424
185	MERCURY_mbarrier_arrive_drop_shared_cluster_0	ZREPHEL_zoneevre_neevir_qebc_funerq_pyhfgre_0	33779520
186	MERCURY_mbarrier_arrive_drop_multicast_shared_cta_srcs_ur_simm_0	ZREPHEL_zoneevre_neevir_qebc_zhygvpnfg_funerq_pgn_fepf_he_fvzz_0	33779584
187	MERCURY_mbarrier_arrive_drop_expect_tx_shared_cta_dests_r2_srcs_r_0	ZREPHEL_zoneevre_neevir_qebc_rkcrpg_gk_funerq_pgn_qrfgf_e2_fepf_e_0	33779680
188	MERCURY_mbarrier_arrive_drop_arvstate_shared_cta_dests_r2_srcs_r_1	ZREPHEL_zoneevre_neevir_qebc_neifgngr_funerq_pgn_qrfgf_e2_fepf_e_1	33779776
189	MERCURY_mbarrier_arrive_drop_arvstate_shared_cta_dests_r2_srcs_r_0	ZREPHEL_zoneevre_neevir_qebc_neifgngr_funerq_pgn_qrfgf_e2_fepf_e_0	33779872
190	MERCURY_mbarrier_arrive_arvstate_shared_cta_dests_r2_srcs_r_0	ZREPHEL_zoneevre_neevir_neifgngr_funerq_pgn_qrfgf_e2_fepf_e_0	33779968
191	MERCURY_mbarrier	ZREPHEL_zoneevre	33780032
192	MERCURY_max_srcs_ur_1	ZREPHEL_znk_fepf_he_1	33780064
193	MERCURY_max_srcs_ur_0	ZREPHEL_znk_fepf_he_0	33780096
194	MERCURY_max_srcs_uimm_0	ZREPHEL_znk_fepf_hvzz_0	33780128
195	MERCURY_max_srcs_r_0	ZREPHEL_znk_fepf_e_0	33780160
196	MERCURY_max_dests_p_srcs_ur_1	ZREPHEL_znk_qrfgf_c_fepf_he_1	33780192
197	MERCURY_max_dests_p_srcs_ur_0	ZREPHEL_znk_qrfgf_c_fepf_he_0	33780224
198	MERCURY_max_dests_p_srcs_uimm_4	ZREPHEL_znk_qrfgf_c_fepf_hvzz_4	33780256
199	MERCURY_max_dests_p_srcs_uimm_3	ZREPHEL_znk_qrfgf_c_fepf_hvzz_3	33780288
200	MERCURY_max_dests_p_srcs_uimm_2	ZREPHEL_znk_qrfgf_c_fepf_hvzz_2	33780320
201	MERCURY_max_dests_p_srcs_uimm_1	ZREPHEL_znk_qrfgf_c_fepf_hvzz_1	33780352
202	MERCURY_max_dests_p_srcs_uimm_0	ZREPHEL_znk_qrfgf_c_fepf_hvzz_0	33780384
203	MERCURY_max_dests_p_srcs_r_0	ZREPHEL_znk_qrfgf_c_fepf_e_0	33780416
204	MERCURY_max3_int_srcs_ur_2	ZREPHEL_znk3_vag_fepf_he_2	33780448
205	MERCURY_max3_int_srcs_ur_1	ZREPHEL_znk3_vag_fepf_he_1	33780480
206	MERCURY_max3_int_srcs_ur_0	ZREPHEL_znk3_vag_fepf_he_0	33780512
207	MERCURY_max3_int_srcs_uimm_2	ZREPHEL_znk3_vag_fepf_hvzz_2	33780544
208	MERCURY_max3_int_srcs_uimm_1	ZREPHEL_znk3_vag_fepf_hvzz_1	33780576
209	MERCURY_max3_int_srcs_uimm_0	ZREPHEL_znk3_vag_fepf_hvzz_0	33780608
210	MERCURY_max3_int_srcs_r_0	ZREPHEL_znk3_vag_fepf_e_0	33780640
211	MERCURY_max3_fp_srcs_ur_0	ZREPHEL_znk3_sc_fepf_he_0	33780672
212	MERCURY_max3_fp_srcs_fpimm_fpimm_0	ZREPHEL_znk3_sc_fepf_scvzz_scvzz_0	33780704
213	MERCURY_match_any_sync_unaligned_srcs_r_1	ZREPHEL_zngpu_nal_flap_hanyvtarq_fepf_e_1	33780768
214	MERCURY_match_any_sync_unaligned_srcs_r_0	ZREPHEL_zngpu_nal_flap_hanyvtarq_fepf_e_0	33780832
215	MERCURY_match_any_sync_unaligned_1	ZREPHEL_zngpu_nal_flap_hanyvtarq_1	33780896
216	MERCURY_match_any_sync_unaligned_0	ZREPHEL_zngpu_nal_flap_hanyvtarq_0	33780960
217	MERCURY_match_all_sync_unaligned_srcs_r_1	ZREPHEL_zngpu_nyy_flap_hanyvtarq_fepf_e_1	33781024
218	MERCURY_match_all_sync_unaligned_srcs_r_0	ZREPHEL_zngpu_nyy_flap_hanyvtarq_fepf_e_0	33781088
219	MERCURY_match_all_sync_unaligned_1	ZREPHEL_zngpu_nyy_flap_hanyvtarq_1	33781152
220	MERCURY_match_all_sync_unaligned_0	ZREPHEL_zngpu_nyy_flap_hanyvtarq_0	33781216
221	MERCURY_mapa_set_generic_dests_ur2_1	ZREPHEL_zncn_frg_trarevp_qrfgf_he2_1	33781280
222	MERCURY_mapa_set_generic_dests_ur2_0	ZREPHEL_zncn_frg_trarevp_qrfgf_he2_0	33781344
223	MERCURY_mapa_set_generic_dests_r2_1	ZREPHEL_zncn_frg_trarevp_qrfgf_e2_1	33781408
224	MERCURY_mapa_set_generic_dests_r2_0	ZREPHEL_zncn_frg_trarevp_qrfgf_e2_0	33781472
225	MERCURY_mapa_copy_generic_dests_ur2_0	ZREPHEL_zncn_pbcl_trarevp_qrfgf_he2_0	33781536
226	MERCURY_mapa_copy_generic_dests_r2_0	ZREPHEL_zncn_pbcl_trarevp_qrfgf_e2_0	33781600
227	MERCURY_ld_shared_cta_acquire_srcs_r_simm_0	ZREPHEL_yq_funerq_pgn_npdhver_fepf_e_fvzz_0	33781664
228	MERCURY_ld_acquire_srcs_r2_ur2_simm_0	ZREPHEL_yq_npdhver_fepf_e2_he2_fvzz_0	33781728
229	MERCURY_ld_acquire_srcs_r2_simm_0	ZREPHEL_yq_npdhver_fepf_e2_fvzz_0	33781792
230	MERCURY_griddepcontrol	ZREPHEL_tevqqrcpbageby	33781840
231	MERCURY_fma_f32x2_srcs_ur_r_1	ZREPHEL_szn_s32k2_fepf_he_e_1	33781872
232	MERCURY_fma_f32x2_srcs_ur_r_0	ZREPHEL_szn_s32k2_fepf_he_e_0	33781904
233	MERCURY_fma_f32x2_srcs_r_r_1	ZREPHEL_szn_s32k2_fepf_e_e_1	33781936
234	MERCURY_fma_f32x2_srcs_r_r_0	ZREPHEL_szn_s32k2_fepf_e_e_0	33781968
235	MERCURY_fence_tensormap_generic_release_scope_cluster_cta_gpu_sys_1	ZREPHEL_srapr_grafbeznc_trarevp_eryrnfr_fpbcr_pyhfgre_pgn_tch_flf_1	33782016
236	MERCURY_fence_tensormap_generic_release_scope_cluster_cta_gpu_sys_0	ZREPHEL_srapr_grafbeznc_trarevp_eryrnfr_fpbcr_pyhfgre_pgn_tch_flf_0	33782112
237	MERCURY_fence_tensormap_generic_acquire_scope_cluster_cta_gpu_sys_7	ZREPHEL_srapr_grafbeznc_trarevp_npdhver_fpbcr_pyhfgre_pgn_tch_flf_7	33782208
238	MERCURY_fence_tensormap_generic_acquire_scope_cluster_cta_gpu_sys_6	ZREPHEL_srapr_grafbeznc_trarevp_npdhver_fpbcr_pyhfgre_pgn_tch_flf_6	33782304
239	MERCURY_fence_tensormap_generic_acquire_scope_cluster_cta_gpu_sys_5	ZREPHEL_srapr_grafbeznc_trarevp_npdhver_fpbcr_pyhfgre_pgn_tch_flf_5	33782400
240	MERCURY_fence_tensormap_generic_acquire_scope_cluster_cta_gpu_sys_4	ZREPHEL_srapr_grafbeznc_trarevp_npdhver_fpbcr_pyhfgre_pgn_tch_flf_4	33782496
241	MERCURY_fence_tensormap_generic_acquire_scope_cluster_cta_gpu_sys_3	ZREPHEL_srapr_grafbeznc_trarevp_npdhver_fpbcr_pyhfgre_pgn_tch_flf_3	33782592
242	MERCURY_fence_tensormap_generic_acquire_scope_cluster_cta_gpu_sys_2	ZREPHEL_srapr_grafbeznc_trarevp_npdhver_fpbcr_pyhfgre_pgn_tch_flf_2	33782688
243	MERCURY_fence_tensormap_generic_acquire_scope_cluster_cta_gpu_sys_1	ZREPHEL_srapr_grafbeznc_trarevp_npdhver_fpbcr_pyhfgre_pgn_tch_flf_1	33782784
244	MERCURY_fence_tensormap_generic_acquire_scope_cluster_cta_gpu_sys_0	ZREPHEL_srapr_grafbeznc_trarevp_npdhver_fpbcr_pyhfgre_pgn_tch_flf_0	33782880
245	MERCURY_fence_scope_cluster_cta_gpu_sys_0	ZREPHEL_srapr_fpbcr_pyhfgre_pgn_tch_flf_0	33782976
246	MERCURY_fence_release_scope_cluster_cta_gpu_sys_0	ZREPHEL_srapr_eryrnfr_fpbcr_pyhfgre_pgn_tch_flf_0	33783040
247	MERCURY_fence_async_shared_cluster_1	ZREPHEL_srapr_nflap_funerq_pyhfgre_1	33783104
248	MERCURY_fence_async_shared_cluster_0	ZREPHEL_srapr_nflap_funerq_pyhfgre_0	33783168
249	MERCURY_fence_async_generic_shared_cta_release_cluster_0	ZREPHEL_srapr_nflap_trarevp_funerq_pgn_eryrnfr_pyhfgre_0	33783232
250	MERCURY_fence_async_0	ZREPHEL_srapr_nflap_0	33783296
251	MERCURY_elect_sync_unaligned_srcs_r_4	ZREPHEL_ryrpg_flap_hanyvtarq_fepf_e_4	33783328
252	MERCURY_elect_sync_unaligned_srcs_r_3	ZREPHEL_ryrpg_flap_hanyvtarq_fepf_e_3	33783392
253	MERCURY_elect_sync_unaligned_srcs_r_2	ZREPHEL_ryrpg_flap_hanyvtarq_fepf_e_2	33783456
254	MERCURY_elect_sync_unaligned_srcs_r_1	ZREPHEL_ryrpg_flap_hanyvtarq_fepf_e_1	33783520
255	MERCURY_elect_sync_unaligned_srcs_r_0	ZREPHEL_ryrpg_flap_hanyvtarq_fepf_e_0	33783584
256	MERCURY_elect_sync_unaligned_4	ZREPHEL_ryrpg_flap_hanyvtarq_4	33783632
257	MERCURY_elect_sync_unaligned_3	ZREPHEL_ryrpg_flap_hanyvtarq_3	33783664
258	MERCURY_elect_sync_unaligned_2	ZREPHEL_ryrpg_flap_hanyvtarq_2	33783696
259	MERCURY_elect_sync_unaligned_1	ZREPHEL_ryrpg_flap_hanyvtarq_1	33783728
260	MERCURY_elect_sync_unaligned_0	ZREPHEL_ryrpg_flap_hanyvtarq_0	33783760
261	MERCURY_cvta_generic_shared_cluster_dests_ur2_srcs_ur_2	ZREPHEL_pign_trarevp_funerq_pyhfgre_qrfgf_he2_fepf_he_2	33783808
262	MERCURY_cvta_generic_shared_cluster_dests_ur2_srcs_ur_1	ZREPHEL_pign_trarevp_funerq_pyhfgre_qrfgf_he2_fepf_he_1	33783872
263	MERCURY_cvta_generic_shared_cluster_dests_ur2_srcs_ur_0	ZREPHEL_pign_trarevp_funerq_pyhfgre_qrfgf_he2_fepf_he_0	33783936
264	MERCURY_cvta_generic_shared_cluster_dests_r2_srcs_r_1	ZREPHEL_pign_trarevp_funerq_pyhfgre_qrfgf_e2_fepf_e_1	33784000
265	MERCURY_cvta_generic_shared_cluster_dests_r2_srcs_r_0	ZREPHEL_pign_trarevp_funerq_pyhfgre_qrfgf_e2_fepf_e_0	33784064
266	MERCURY_cvt_f16x8_u4x8_srcs_r_3	ZREPHEL_pig_s16k8_h4k8_fepf_e_3	33784128
267	MERCURY_cvt_f16x8_u4x8_srcs_r_2	ZREPHEL_pig_s16k8_h4k8_fepf_e_2	33784160
268	MERCURY_cvt_f16x8_u4x8_srcs_r_1	ZREPHEL_pig_s16k8_h4k8_fepf_e_1	33784192
269	MERCURY_cvt_f16x8_u4x8_srcs_r_0	ZREPHEL_pig_s16k8_h4k8_fepf_e_0	33784224
270	MERCURY_cvt	ZREPHEL_pig	33784256
271	MERCURY_createpolicy_fractional_3	ZREPHEL_perngrcbyvpl_senpgvbany_3	33784288
272	MERCURY_createpolicy_fractional_1	ZREPHEL_perngrcbyvpl_senpgvbany_1	33784352
273	MERCURY_createpolicy_fractional_0	ZREPHEL_perngrcbyvpl_senpgvbany_0	33784416
274	MERCURY_createpolicy_block_3	ZREPHEL_perngrcbyvpl_oybpx_3	33784464
275	MERCURY_createpolicy_block_1	ZREPHEL_perngrcbyvpl_oybpx_1	33784496
276	MERCURY_createpolicy_block_0	ZREPHEL_perngrcbyvpl_oybpx_0	33784528
277	MERCURY_cp_async_bulk_srcs_ur_0	ZREPHEL_pc_nflap_ohyx_fepf_he_0	33784576
278	MERCURY_cp_async_bulk_srcs_uimm_0	ZREPHEL_pc_nflap_ohyx_fepf_hvzz_0	33784608
279	MERCURY_cp_async_bulk_0	ZREPHEL_pc_nflap_ohyx_0	33784656
280	MERCURY_barrier_warp_sync_unaligned_srcs_r_0	ZREPHEL_oneevre_jnec_flap_hanyvtarq_fepf_e_0	33784704
281	MERCURY_barrier_warp_relaxed_sync_unaligned_srcs_r_0	ZREPHEL_oneevre_jnec_erynkrq_flap_hanyvtarq_fepf_e_0	33784768
282	MERCURY_barrier_warp_relaxed_sync_unaligned_1	ZREPHEL_oneevre_jnec_erynkrq_flap_hanyvtarq_1	33784832
283	MERCURY_barrier_warp_relaxed_sync_unaligned_0	ZREPHEL_oneevre_jnec_erynkrq_flap_hanyvtarq_0	33784896
284	MERCURY_barrier_cta_sync_unaligned_srcs_uimm_uimm_1	ZREPHEL_oneevre_pgn_flap_hanyvtarq_fepf_hvzz_hvzz_1	33784960
285	MERCURY_barrier_cta_sync_unaligned_srcs_uimm_uimm_0	ZREPHEL_oneevre_pgn_flap_hanyvtarq_fepf_hvzz_hvzz_0	33785024
286	MERCURY_barrier_cta_sync_unaligned_srcs_uimm_r_0	ZREPHEL_oneevre_pgn_flap_hanyvtarq_fepf_hvzz_e_0	33785088
287	MERCURY_barrier_cta_sync_unaligned_srcs_r_uimm_0	ZREPHEL_oneevre_pgn_flap_hanyvtarq_fepf_e_hvzz_0	33785152
288	MERCURY_barrier_cta_sync_unaligned_srcs_r_r_1	ZREPHEL_oneevre_pgn_flap_hanyvtarq_fepf_e_e_1	33785216
289	MERCURY_barrier_cta_sync_unaligned_srcs_r_r_0	ZREPHEL_oneevre_pgn_flap_hanyvtarq_fepf_e_e_0	33785280
290	MERCURY_barrier_cta_srcs_r_r_0	ZREPHEL_oneevre_pgn_fepf_e_e_0	33785328
291	MERCURY_barrier_cta_red_popc_sync_unaligned_srcs_uimm_uimm_1	ZREPHEL_oneevre_pgn_erq_cbcp_flap_hanyvtarq_fepf_hvzz_hvzz_1	33785376
292	MERCURY_barrier_cta_red_popc_sync_unaligned_srcs_uimm_uimm_0	ZREPHEL_oneevre_pgn_erq_cbcp_flap_hanyvtarq_fepf_hvzz_hvzz_0	33785440
293	MERCURY_barrier_cta_red_popc_sync_unaligned_srcs_uimm_r_0	ZREPHEL_oneevre_pgn_erq_cbcp_flap_hanyvtarq_fepf_hvzz_e_0	33785504
294	MERCURY_barrier_cta_red_popc_sync_unaligned_srcs_r_uimm_0	ZREPHEL_oneevre_pgn_erq_cbcp_flap_hanyvtarq_fepf_e_hvzz_0	33785568
295	MERCURY_barrier_cta_red_popc_sync_unaligned_srcs_r_r_1	ZREPHEL_oneevre_pgn_erq_cbcp_flap_hanyvtarq_fepf_e_e_1	33785632
296	MERCURY_barrier_cta_red_popc_sync_unaligned_srcs_r_r_0	ZREPHEL_oneevre_pgn_erq_cbcp_flap_hanyvtarq_fepf_e_e_0	33785696
297	MERCURY_barrier_cta_red_popc_srcs_uimm_uimm_0	ZREPHEL_oneevre_pgn_erq_cbcp_fepf_hvzz_hvzz_0	33785760
298	MERCURY_barrier_cta_red_popc_srcs_r_uimm_0	ZREPHEL_oneevre_pgn_erq_cbcp_fepf_e_hvzz_0	33785824
299	MERCURY_barrier_cta_red_popc_srcs_r_r_0	ZREPHEL_oneevre_pgn_erq_cbcp_fepf_e_e_0	33785888
300	MERCURY_barrier_cta_red_op_and_or_sync_unaligned_srcs_uimm_uimm_1	ZREPHEL_oneevre_pgn_erq_bc_naq_be_flap_hanyvtarq_fepf_hvzz_hvzz_1	33785952
301	MERCURY_barrier_cta_red_op_and_or_sync_unaligned_srcs_uimm_uimm_0	ZREPHEL_oneevre_pgn_erq_bc_naq_be_flap_hanyvtarq_fepf_hvzz_hvzz_0	33786048
302	MERCURY_barrier_cta_red_op_and_or_sync_unaligned_srcs_uimm_r_0	ZREPHEL_oneevre_pgn_erq_bc_naq_be_flap_hanyvtarq_fepf_hvzz_e_0	33786144
303	MERCURY_barrier_cta_red_op_and_or_sync_unaligned_srcs_r_uimm_0	ZREPHEL_oneevre_pgn_erq_bc_naq_be_flap_hanyvtarq_fepf_e_hvzz_0	33786208
304	MERCURY_barrier_cta_red_op_and_or_sync_unaligned_srcs_r_r_1	ZREPHEL_oneevre_pgn_erq_bc_naq_be_flap_hanyvtarq_fepf_e_e_1	33786272
305	MERCURY_barrier_cta_red_op_and_or_sync_unaligned_srcs_r_r_0	ZREPHEL_oneevre_pgn_erq_bc_naq_be_flap_hanyvtarq_fepf_e_e_0	33786336
306	MERCURY_barrier_cta_red_op_and_or_srcs_uimm_uimm_0	ZREPHEL_oneevre_pgn_erq_bc_naq_be_fepf_hvzz_hvzz_0	33786400
307	MERCURY_barrier_cta_red_op_and_or_srcs_uimm_r_0	ZREPHEL_oneevre_pgn_erq_bc_naq_be_fepf_hvzz_e_0	33786464
308	MERCURY_barrier_cta_red_op_and_or_srcs_r_r_0	ZREPHEL_oneevre_pgn_erq_bc_naq_be_fepf_e_e_0	33786528
309	MERCURY_barrier_cta_arrive_sync_unaligned_srcs_uimm_uimm_1	ZREPHEL_oneevre_pgn_neevir_flap_hanyvtarq_fepf_hvzz_hvzz_1	33786592
310	MERCURY_barrier_cta_arrive_sync_unaligned_srcs_uimm_uimm_0	ZREPHEL_oneevre_pgn_neevir_flap_hanyvtarq_fepf_hvzz_hvzz_0	33786656
311	MERCURY_barrier_cta_arrive_sync_unaligned_srcs_uimm_r_0	ZREPHEL_oneevre_pgn_neevir_flap_hanyvtarq_fepf_hvzz_e_0	33786720
312	MERCURY_barrier_cta_arrive_sync_unaligned_srcs_r_uimm_0	ZREPHEL_oneevre_pgn_neevir_flap_hanyvtarq_fepf_e_hvzz_0	33786784
313	MERCURY_barrier_cluster_wait_sync_unaligned_1	ZREPHEL_oneevre_pyhfgre_jnvg_flap_hanyvtarq_1	33786848
314	MERCURY_barrier_cluster_wait_sync_unaligned_0	ZREPHEL_oneevre_pyhfgre_jnvg_flap_hanyvtarq_0	33786912
315	MERCURY_barrier_cluster_wait_1	ZREPHEL_oneevre_pyhfgre_jnvg_1	33786960
316	MERCURY_barrier_cluster_wait_0	ZREPHEL_oneevre_pyhfgre_jnvg_0	33786992
317	MERCURY_barrier_cluster_arrive_sync_unaligned_3	ZREPHEL_oneevre_pyhfgre_neevir_flap_hanyvtarq_3	33787040
318	MERCURY_barrier_cluster_arrive_sync_unaligned_2	ZREPHEL_oneevre_pyhfgre_neevir_flap_hanyvtarq_2	33787104
319	MERCURY_barrier_cluster_arrive_sync_unaligned_1	ZREPHEL_oneevre_pyhfgre_neevir_flap_hanyvtarq_1	33787168
320	MERCURY_barrier_cluster_arrive_sync_unaligned_0	ZREPHEL_oneevre_pyhfgre_neevir_flap_hanyvtarq_0	33787232
321	MERCURY_barrier_cluster_arrive_1	ZREPHEL_oneevre_pyhfgre_neevir_1	33787296
322	MERCURY_barrier_cluster_arrive_0	ZREPHEL_oneevre_pyhfgre_neevir_0	33787360
323	MERCURY_atom_shared_cta_popc_inc_acq_rel_dests_r_srcs_r_ur_simm_2	ZREPHEL_ngbz_funerq_pgn_cbcp_vap_npd_ery_qrfgf_e_fepf_e_he_fvzz_2	33787424
324	MERCURY_atom_shared_cta_popc_inc_acq_rel_dests_r_srcs_r_ur_simm_1	ZREPHEL_ngbz_funerq_pgn_cbcp_vap_npd_ery_qrfgf_e_fepf_e_he_fvzz_1	33787520
325	MERCURY_atom_shared_cta_popc_inc_acq_rel_dests_r_srcs_r_ur_simm_0	ZREPHEL_ngbz_funerq_pgn_cbcp_vap_npd_ery_qrfgf_e_fepf_e_he_fvzz_0	33787616
326	MERCURY_atom_shared_cta_int_acq_rel_dests_r_srcs_r_simm_0	ZREPHEL_ngbz_funerq_pgn_vag_npd_ery_qrfgf_e_fepf_e_fvzz_0	33787712
327	MERCURY_atom_shared_cta_cast_int_acq_rel_dests_r_srcs_r_simm_1	ZREPHEL_ngbz_funerq_pgn_pnfg_vag_npd_ery_qrfgf_e_fepf_e_fvzz_1	33787776
328	MERCURY_atom_shared_cta_cast_int_acq_rel_dests_r_srcs_r_simm_0	ZREPHEL_ngbz_funerq_pgn_pnfg_vag_npd_ery_qrfgf_e_fepf_e_fvzz_0	33787840
329	MERCURY_atom_shared_cta_cast_int_acq_rel_dests_p_srcs_r_simm_3	ZREPHEL_ngbz_funerq_pgn_pnfg_vag_npd_ery_qrfgf_c_fepf_e_fvzz_3	33787904
330	MERCURY_atom_shared_cta_cast_int_acq_rel_dests_p_srcs_r_simm_2	ZREPHEL_ngbz_funerq_pgn_pnfg_vag_npd_ery_qrfgf_c_fepf_e_fvzz_2	33787968
331	MERCURY_atom_shared_cta_cast_int_acq_rel_dests_p_srcs_r_simm_1	ZREPHEL_ngbz_funerq_pgn_pnfg_vag_npd_ery_qrfgf_c_fepf_e_fvzz_1	33788032
332	MERCURY_atom_shared_cta_cast_int_acq_rel_dests_p_srcs_r_simm_0	ZREPHEL_ngbz_funerq_pgn_pnfg_vag_npd_ery_qrfgf_c_fepf_e_fvzz_0	33788096
333	MERCURY_atom_global_int_acq_rel_dests_p_r_srcs_r2_ur2_simm_0	ZREPHEL_ngbz_tybony_vag_npd_ery_qrfgf_c_e_fepf_e2_he2_fvzz_0	33788160
334	MERCURY_atom_global_int_acq_rel_dests_p_r_srcs_r2_simm_1	ZREPHEL_ngbz_tybony_vag_npd_ery_qrfgf_c_e_fepf_e2_fvzz_1	33788224
335	MERCURY_atom_global_int_acq_rel_dests_p_r_srcs_r2_simm_0	ZREPHEL_ngbz_tybony_vag_npd_ery_qrfgf_c_e_fepf_e2_fvzz_0	33788288
336	MERCURY_atom_global_fp_acq_rel_dests_p_r_srcs_r2_ur2_simm_0	ZREPHEL_ngbz_tybony_sc_npd_ery_qrfgf_c_e_fepf_e2_he2_fvzz_0	33788352
337	MERCURY_atom_fp_acq_rel_dests_p_r_srcs_r_ur2_simm_1	ZREPHEL_ngbz_sc_npd_ery_qrfgf_c_e_fepf_e_he2_fvzz_1	33788416
338	MERCURY_atom_fp_acq_rel_dests_p_r_srcs_r_ur2_simm_0	ZREPHEL_ngbz_sc_npd_ery_qrfgf_c_e_fepf_e_he2_fvzz_0	33788480
339	MERCURY_atom_fp_acq_rel_dests_p_r_srcs_r2_simm_0	ZREPHEL_ngbz_sc_npd_ery_qrfgf_c_e_fepf_e2_fvzz_0	33788544
340	MERCURY_atom_cas_int_acq_rel_dests_p_r_srcs_r2_simm_0	ZREPHEL_ngbz_pnf_vag_npd_ery_qrfgf_c_e_fepf_e2_fvzz_0	33788608
341	MERCURY_addmin_srcs_ur_r_1	ZREPHEL_nqqzva_fepf_he_e_1	33788672
342	MERCURY_addmin_srcs_ur_r_0	ZREPHEL_nqqzva_fepf_he_e_0	33788704
343	MERCURY_addmin_srcs_uimm_r_0	ZREPHEL_nqqzva_fepf_hvzz_e_0	33788736
344	MERCURY_addmin_srcs_r_ur_3	ZREPHEL_nqqzva_fepf_e_he_3	33788768
345	MERCURY_addmin_srcs_r_ur_2	ZREPHEL_nqqzva_fepf_e_he_2	33788800
346	MERCURY_addmin_srcs_r_ur_1	ZREPHEL_nqqzva_fepf_e_he_1	33788832
347	MERCURY_addmin_srcs_r_ur_0	ZREPHEL_nqqzva_fepf_e_he_0	33788864
348	MERCURY_addmin_srcs_r_uimm_3	ZREPHEL_nqqzva_fepf_e_hvzz_3	33788896
349	MERCURY_addmin_srcs_r_uimm_2	ZREPHEL_nqqzva_fepf_e_hvzz_2	33788928
350	MERCURY_addmin_srcs_r_uimm_1	ZREPHEL_nqqzva_fepf_e_hvzz_1	33788960
351	MERCURY_addmin_srcs_r_uimm_0	ZREPHEL_nqqzva_fepf_e_hvzz_0	33788992
352	MERCURY_addmin_srcs_r_r_0	ZREPHEL_nqqzva_fepf_e_e_0	33789024
353	MERCURY_addmax_srcs_ur_r_2	ZREPHEL_nqqznk_fepf_he_e_2	33789056
354	MERCURY_addmax_srcs_ur_r_1	ZREPHEL_nqqznk_fepf_he_e_1	33789088
355	MERCURY_addmax_srcs_ur_r_0	ZREPHEL_nqqznk_fepf_he_e_0	33789120
356	MERCURY_addmax_srcs_uimm_r_0	ZREPHEL_nqqznk_fepf_hvzz_e_0	33789152
357	MERCURY_addmax_srcs_r_ur_0	ZREPHEL_nqqznk_fepf_e_he_0	33789184
358	MERCURY_add_in16x2_dests_r_srcs_ur_0	ZREPHEL_nqq_va16k2_qrfgf_e_fepf_he_0	33789216
359	MERCURY_add_in16x2_dests_r_srcs_uimm_0	ZREPHEL_nqq_va16k2_qrfgf_e_fepf_hvzz_0	33789280
360	MERCURY__intr	ZREPHEL__vage	33789320
361	IMMA	VZZN	33789839
362	HMMA	UZZN	33790609
363	FENCE.T	SRAPR.G	33790896
364	FENCE.S	SRAPR.F	33790904
365	FENCE.G	SRAPR.T	33790912
366	DMMA.1688	QZZN.1688	33791040
367	DMMA.1684	QZZN.1684	33791056
368	DMMA.16816	QZZN.16816	33791072
369	DMMA	QZZN	33791083
370	CCTLT	PPGYG	33791186
371	CCTLL	PPGYY	33791192
372	CCTL.QFAULT	PPGY.DSNHYG	33791200
373	CCTL.LDCU	PPGY.YQPH	33791216
374	CCTL.I	PPGY.V	33791226
375	CCTL.E.LDC	PPGY.R.YQP	33791240
376	CCTL.C.LDC.IVALL	PPGY.P.YQP.VINYY	33791264
377	CCTL.C.LDC	PPGY.P.YQP	33791288
378	CCTL.C	PPGY.P	33791299
379	CCTL	PPGY	33791306
380	BMMA.88128	OZZN.88128	33791408
381	BMMA.168256	OZZN.168256	33791424
382	BMMA.168128	OZZN.168128	33791440
383	BMMA	OZZN	33791452
384	ACQBULK	NPDOHYX	33791616
