index	name	operand_type_signature	datatype_sig	attribute_mask_hex	flags	name_kind
3	tanh	F16	00	a000000200000000000000000000000000	STD	str
3	tanh	F32	00	a000000000000000000000000000000000	STD	str
3	tanh	H32	00	a000000200000000000000000000000000	STD	str
4	ex2	F16	00	a002000200000000000000000000000000	STD	str
4	ex2	H32	00	a002000200000000000000000000000000	STD	str
10	cvt	F16F32	01	2011000202000000000000000000000000	STD	str
10	cvt	H32F32	011	2011000202000000000000000000000000	STD	str
10	cvt	E16F32	x1	2013000200000000000000000000000000	STD	str
10	cvt	E32F32	d11	2011000200000000000000000000000000	STD	str
10	cvt	F32E16	0x	2002000200000000000000000000000000	STD	str
11	mma	F16F16F16F16	hhhhdC	2000000000200000000042041000000000	STD	str
11	mma	F32F16F16F32	dhhddC	2000000000200000000042041000000000	STD	str
11	mma	F32F32	dddddC	2000000000200000000042041000000000	STD	str
11	mma	I32I8I8I32	sddsdC	2010000000200000000042041000000000	STD	str
11	mma	I32I32	sddsdC	2010000000200000000042041000000000	STD	str
12	_mma	F16F16	hhhh	2018000000200000000000040000000000	STD	str
12	_mma	F32F16	fhhh	2018000000200000000000040000000000	STD	str
12	_mma	F32F32	fhhf	2018000000200000000000040000000000	STD	str
12	_mma	F16F32	VVVV	2018000000200000000000040000000000	STD	str
12	_mma	I8I8	ssss	2018000000200000000000040000000000	STD	str
12	_mma		sdds	2018000000200000000000040000000000	STD	str
12	_mma	I32I32	sdds	2100000000200000800000040000000000	STD	str
12	_mma	F64F64F64F64	0123	2000000200200000000000040000000000	STD	str
12	_mma	F16F16F16F16	hhhhdC	2010000000200000000000043800000000	STD	str
12	_mma	F32F16F16F32	dhhddC	2010000000200000000000043800000000	STD	str
12	_mma	F32F32	dddddC	2010000000200000000000043800000000	STD	str
12	_mma	I32I8I8I32	sddsdC	2010000000200000000000043800000000	STD	str
12	_mma	I32I32	sddsdC	2010000000200000000000043800000000	STD	str
12	_mma	I32I8I8I32	sdds	2010000000200000000000040000000000	STD	str
12	_mma	I32I32	sdds	2010000000200000000000040000000000	STD	str
12	_mma	F16Q8Q8F16	hddh	2000000000200000000000040000000000	STD	str
12	_mma	F32Q8Q8F32	fddf	2000000000200000000000040000000000	STD	str
12	_mma	F16Q8Q8F16	hddhdC	2000000000200000000000043800000000	STD	str
12	_mma	F32Q8Q8F32	fddfdC	2000000000200000000000043800000000	STD	str
13	_mma.warpgroup	F16F16F16F16	hUUh	20000000002000000000000400f8000000	STD	str
13	_mma.warpgroup	F32F16F16F32	fUUf	20000000002000000000000400f8000000	STD	str
13	_mma.warpgroup	F16F16F16F16	hUhh	20000000002000000000000400d8000000	STD	str
13	_mma.warpgroup	F32F16F16F32	fUhf	20000000002000000000000400d8000000	STD	str
13	_mma.warpgroup	F16F16F16F16	hhUh	20000000002000000000000400f0000000	STD	str
13	_mma.warpgroup	F32F16F16F32	fhUf	20000000002000000000000400f0000000	STD	str
13	_mma.warpgroup	F16F16F16F16	hUUhP	2000000000200000000000040078010000	STD	str
13	_mma.warpgroup	F32F16F16F32	fUUfP	2000000000200000000000040078010000	STD	str
13	_mma.warpgroup	F16F16F16F16	hUhhP	2000000000200000000000040058010000	STD	str
13	_mma.warpgroup	F32F16F16F32	fUhfP	2000000000200000000000040058010000	STD	str
13	_mma.warpgroup	F16F16F16F16	hhUhP	2000000000200000000000040070010000	STD	str
13	_mma.warpgroup	F32F16F16F32	fhUfP	2000000000200000000000040070010000	STD	str
13	_mma.warpgroup	F16F16F16F16	hUUhu	20000000002000000000000400f8000000	STD	str
13	_mma.warpgroup	F32F16F16F32	fUUfu	20000000002000000000000400f8000000	STD	str
13	_mma.warpgroup	F16F16F16F16	hUhhu	20000000002000000000000400d8000000	STD	str
13	_mma.warpgroup	F32F16F16F32	fUhfu	20000000002000000000000400d8000000	STD	str
13	_mma.warpgroup	F16F16F16F16	hhUhu	20000000002000000000000400f0000000	STD	str
13	_mma.warpgroup	F32F16F16F32	fhUfu	20000000002000000000000400f0000000	STD	str
14	_warpgroup.arrive			20000000002000000000000400f0000000	STD	str
15	_warpgroup.commit_batch			20000000002000000000000400f0000000	STD	str
16	_warpgroup.wait			20000000002000000000000400f0000000	STD	str
16	_warpgroup.wait		u	20000000002000000000000400f0000000	STD	str
13	_mma.warpgroup	F32E16E16F32	fUUf	20000000002000000000000400f8000000	STD	str
13	_mma.warpgroup	F32E16E16F32	fUdf	20000000002000000000000400d8000000	STD	str
13	_mma.warpgroup	F32E16E16F32	fdUf	20000000002000000000000400f0000000	STD	str
13	_mma.warpgroup	F32T32T32F32	fUUf	20000000002000000000000400f8000000	STD	str
13	_mma.warpgroup	F32T32T32F32	fUdf	20000000002000000000000400d8000000	STD	str
13	_mma.warpgroup	F32T32T32F32	fdUf	20000000002000000000000400f0000000	STD	str
13	_mma.warpgroup	F32E16E16F32	fUUfP	2000000000200000000000040078010000	STD	str
13	_mma.warpgroup	F32E16E16F32	fUdfP	2000000000200000000000040058010000	STD	str
13	_mma.warpgroup	F32E16E16F32	fdUfP	2000000000200000000000040070010000	STD	str
13	_mma.warpgroup	F32T32T32F32	fUUfP	2000000000200000000000040078010000	STD	str
13	_mma.warpgroup	F32T32T32F32	fUdfP	2000000000200000000000040058010000	STD	str
13	_mma.warpgroup	F32T32T32F32	fdUfP	2000000000200000000000040070010000	STD	str
13	_mma.warpgroup	F32E16E16F32	fUUfu	20000000002000000000000400f8000000	STD	str
13	_mma.warpgroup	F32E16E16F32	fUdfu	20000000002000000000000400d8000000	STD	str
13	_mma.warpgroup	F32E16E16F32	fdUfu	20000000002000000000000400f0000000	STD	str
13	_mma.warpgroup	F32T32T32F32	fUUfu	20000000002000000000000400f8000000	STD	str
13	_mma.warpgroup	F32T32T32F32	fUdfu	20000000002000000000000400d8000000	STD	str
13	_mma.warpgroup	F32T32T32F32	fdUfu	20000000002000000000000400f0000000	STD	str
13	_mma.warpgroup	F16F16F16F16	hUUhdC	20000000002000000000000438f8000000	STD	str
13	_mma.warpgroup	F32F16F16F32	fUUfdC	20000000002000000000000438f8000000	STD	str
13	_mma.warpgroup	F16F16F16F16	hUhhdC	20000000002000000000000438d8000000	STD	str
13	_mma.warpgroup	F32F16F16F32	fUhfdC	20000000002000000000000438d8000000	STD	str
13	_mma.warpgroup	F16F16F16F16	hhUhdC	20000000002000000000000438f0000000	STD	str
13	_mma.warpgroup	F32F16F16F32	fhUfdC	20000000002000000000000438f0000000	STD	str
13	_mma.warpgroup	F16F16F16F16	hUUhdCP	2000000000200000000000043878010000	STD	str
13	_mma.warpgroup	F32F16F16F32	fUUfdCP	2000000000200000000000043878010000	STD	str
13	_mma.warpgroup	F16F16F16F16	hUhhdCP	2000000000200000000000043858010000	STD	str
13	_mma.warpgroup	F32F16F16F32	fUhfdCP	2000000000200000000000043858010000	STD	str
13	_mma.warpgroup	F16F16F16F16	hhUhdCP	2000000000200000000000043870010000	STD	str
13	_mma.warpgroup	F32F16F16F32	fhUfdCP	2000000000200000000000043870010000	STD	str
13	_mma.warpgroup	F16F16F16F16	hUUhdCu	20000000002000000000000438f8000000	STD	str
13	_mma.warpgroup	F32F16F16F32	fUUfdCu	20000000002000000000000438f8000000	STD	str
13	_mma.warpgroup	F16F16F16F16	hUhhdCu	20000000002000000000000438d8000000	STD	str
13	_mma.warpgroup	F32F16F16F32	fUhfdCu	20000000002000000000000438d8000000	STD	str
13	_mma.warpgroup	F16F16F16F16	hhUhdCu	20000000002000000000000438f0000000	STD	str
13	_mma.warpgroup	F32F16F16F32	fhUfdCu	20000000002000000000000438f0000000	STD	str
13	_mma.warpgroup	F32E16E16F32	fUUfdC	20000000002000000000000438f8000000	STD	str
13	_mma.warpgroup	F32E16E16F32	fUdfdC	20000000002000000000000438d8000000	STD	str
13	_mma.warpgroup	F32E16E16F32	fdUfdC	20000000002000000000000438f0000000	STD	str
13	_mma.warpgroup	F32T32T32F32	fUUfdC	20000000002000000000000438f8000000	STD	str
13	_mma.warpgroup	F32T32T32F32	fUdfdC	20000000002000000000000438d8000000	STD	str
13	_mma.warpgroup	F32T32T32F32	fdUfdC	20000000002000000000000438f0000000	STD	str
13	_mma.warpgroup	F32E16E16F32	fUUfdCP	2000000000200000000000043878010000	STD	str
13	_mma.warpgroup	F32E16E16F32	fUdfdCP	2000000000200000000000043858010000	STD	str
13	_mma.warpgroup	F32E16E16F32	fdUfdCP	2000000000200000000000043870010000	STD	str
13	_mma.warpgroup	F32T32T32F32	fUUfdCP	2000000000200000000000043878010000	STD	str
13	_mma.warpgroup	F32T32T32F32	fUdfdCP	2000000000200000000000043858010000	STD	str
13	_mma.warpgroup	F32T32T32F32	fdUfdCP	2000000000200000000000043870010000	STD	str
13	_mma.warpgroup	F32E16E16F32	fUUfdCu	20000000002000000000000438f8000000	STD	str
13	_mma.warpgroup	F32E16E16F32	fUdfdCu	20000000002000000000000438d8000000	STD	str
13	_mma.warpgroup	F32E16E16F32	fdUfdCu	20000000002000000000000438f0000000	STD	str
13	_mma.warpgroup	F32T32T32F32	fUUfdCu	20000000002000000000000438f8000000	STD	str
13	_mma.warpgroup	F32T32T32F32	fUdfdCu	20000000002000000000000438d8000000	STD	str
13	_mma.warpgroup	F32T32T32F32	fdUfdCu	20000000002000000000000438f0000000	STD	str
13	_mma.warpgroup	F16Q8Q8F16	hUUh	20000000002000000000000400d0000000	STD	str
13	_mma.warpgroup	F32Q8Q8F32	fUUf	20000000002000000000000400d0000000	STD	str
13	_mma.warpgroup	F16Q8Q8F16	hUhh	20000000002000000000000400d0000000	STD	str
13	_mma.warpgroup	F32Q8Q8F32	fUhf	20000000002000000000000400d0000000	STD	str
13	_mma.warpgroup	F16Q8Q8F16	hhUh	20000000002000000000000400d0000000	STD	str
13	_mma.warpgroup	F32Q8Q8F32	fhUf	20000000002000000000000400d0000000	STD	str
13	_mma.warpgroup	F16Q8Q8F16	hUUhP	2000000000200000000000040050010000	STD	str
13	_mma.warpgroup	F32Q8Q8F32	fUUfP	2000000000200000000000040050010000	STD	str
13	_mma.warpgroup	F16Q8Q8F16	hUhhP	2000000000200000000000040050010000	STD	str
13	_mma.warpgroup	F32Q8Q8F32	fUhfP	2000000000200000000000040050010000	STD	str
13	_mma.warpgroup	F16Q8Q8F16	hhUhP	2000000000200000000000040050010000	STD	str
13	_mma.warpgroup	F32Q8Q8F32	fhUfP	2000000000200000000000040050010000	STD	str
13	_mma.warpgroup	F16Q8Q8F16	hUUhu	20000000002000000000000400d0000000	STD	str
13	_mma.warpgroup	F32Q8Q8F32	fUUfu	20000000002000000000000400d0000000	STD	str
13	_mma.warpgroup	F16Q8Q8F16	hUhhu	20000000002000000000000400d0000000	STD	str
13	_mma.warpgroup	F32Q8Q8F32	fUhfu	20000000002000000000000400d0000000	STD	str
13	_mma.warpgroup	F16Q8Q8F16	hhUhu	20000000002000000000000400d0000000	STD	str
13	_mma.warpgroup	F32Q8Q8F32	fhUfu	20000000002000000000000400d0000000	STD	str
13	_mma.warpgroup	F16Q8Q8F16	hUUhd	20000000002000000000000438d0000000	STD	str
13	_mma.warpgroup	F32Q8Q8F32	fUUfd	20000000002000000000000438d0000000	STD	str
13	_mma.warpgroup	F16Q8Q8F16	hUhhd	20000000002000000000000438d0000000	STD	str
13	_mma.warpgroup	F32Q8Q8F32	fUhfd	20000000002000000000000438d0000000	STD	str
13	_mma.warpgroup	F16Q8Q8F16	hhUhd	20000000002000000000000438d0000000	STD	str
13	_mma.warpgroup	F32Q8Q8F32	fhUfd	20000000002000000000000438d0000000	STD	str
13	_mma.warpgroup	F16Q8Q8F16	hUUhdP	2000000000200000000000043850010000	STD	str
13	_mma.warpgroup	F32Q8Q8F32	fUUfdP	2000000000200000000000043850010000	STD	str
13	_mma.warpgroup	F16Q8Q8F16	hUhhdP	2000000000200000000000043850010000	STD	str
13	_mma.warpgroup	F32Q8Q8F32	fUhfdP	2000000000200000000000043850010000	STD	str
13	_mma.warpgroup	F16Q8Q8F16	hhUhdP	2000000000200000000000043850010000	STD	str
13	_mma.warpgroup	F32Q8Q8F32	fhUfdP	2000000000200000000000043850010000	STD	str
13	_mma.warpgroup	F16Q8Q8F16	hUUhdu	20000000002000000000000438d0000000	STD	str
13	_mma.warpgroup	F32Q8Q8F32	fUUfdu	20000000002000000000000438d0000000	STD	str
13	_mma.warpgroup	F16Q8Q8F16	hUhhdu	20000000002000000000000438d0000000	STD	str
13	_mma.warpgroup	F32Q8Q8F32	fUhfdu	20000000002000000000000438d0000000	STD	str
13	_mma.warpgroup	F16Q8Q8F16	hhUhdu	20000000002000000000000438d0000000	STD	str
13	_mma.warpgroup	F32Q8Q8F32	fhUfdu	20000000002000000000000438d0000000	STD	str
13	_mma.warpgroup	I32I8I8I32	sUUs	2010000000200000000000040080000000	STD	str
13	_mma.warpgroup	I32I8I8I32	sUds	2010000000200000000000040080000000	STD	str
13	_mma.warpgroup	I32I8I8I32	sdUs	2010000000200000000000040080000000	STD	str
13	_mma.warpgroup	I32I8I8I32	sUUsP	2010000000200000000000040000010000	STD	str
13	_mma.warpgroup	I32I8I8I32	sUdsP	2010000000200000000000040000010000	STD	str
13	_mma.warpgroup	I32I8I8I32	sdUsP	2010000000200000000000040000010000	STD	str
13	_mma.warpgroup	I32I8I8I32	sUUsu	2010000000200000000000040080000000	STD	str
13	_mma.warpgroup	I32I8I8I32	sUdsu	2010000000200000000000040080000000	STD	str
13	_mma.warpgroup	I32I8I8I32	sdUsu	2010000000200000000000040080000000	STD	str
13	_mma.warpgroup	I32I8I8I32	sUUsd	2010000000200000000000043880000000	STD	str
13	_mma.warpgroup	I32I8I8I32	sUdsd	2010000000200000000000043880000000	STD	str
13	_mma.warpgroup	I32I8I8I32	sdUsd	2010000000200000000000043880000000	STD	str
13	_mma.warpgroup	I32I8I8I32	sUUsdP	2010000000200000000000043800010000	STD	str
13	_mma.warpgroup	I32I8I8I32	sUdsdP	2010000000200000000000043800010000	STD	str
13	_mma.warpgroup	I32I8I8I32	sdUsdP	2010000000200000000000043800010000	STD	str
13	_mma.warpgroup	I32I8I8I32	sUUsdu	2010000000200000000000043880000000	STD	str
13	_mma.warpgroup	I32I8I8I32	sUdsdu	2010000000200000000000043880000000	STD	str
13	_mma.warpgroup	I32I8I8I32	sdUsdu	2010000000200000000000043880000000	STD	str
13	_mma.warpgroup	I32B1B1I32	sUUs	2100000000200000800000040080000000	STD	str
13	_mma.warpgroup	I32B1B1I32	sUds	2100000000200000800000040080000000	STD	str
13	_mma.warpgroup	I32B1B1I32	sdUs	2100000000200000800000040080000000	STD	str
13	_mma.warpgroup	I32B1B1I32	sUUsP	2100000000200000800000040000010000	STD	str
13	_mma.warpgroup	I32B1B1I32	sUdsP	2100000000200000800000040000010000	STD	str
13	_mma.warpgroup	I32B1B1I32	sdUsP	2100000000200000800000040000010000	STD	str
13	_mma.warpgroup	I32B1B1I32	sUUsu	2100000000200000800000040080000000	STD	str
13	_mma.warpgroup	I32B1B1I32	sUdsu	2100000000200000800000040080000000	STD	str
13	_mma.warpgroup	I32B1B1I32	sdUsu	2100000000200000800000040080000000	STD	str
17	cp.async.bulk.tensor		MMsM	0000000010400f10000000000000000000	STD	str
17	cp.async.bulk.tensor		MMsMx	0000000010404f10000000000000000000	STD	str
17	cp.async.bulk.tensor		MsM	0000000010400310000000000000000000	STD	str
18	cp.reduce.async.bulk.tensor		MsM	0000000010400310600000000000000000	STD	str
17	cp.async.bulk.tensor		MMsMU	0000000010400f10000000000000080000	STD	str
17	cp.async.bulk.tensor		MMsMxU	0000000010404f10000000000000080000	STD	str
17	cp.async.bulk.tensor		MsMU	0000000010400310000000000000080000	STD	str
18	cp.reduce.async.bulk.tensor		MsMU	0000000010400310600000000000080000	STD	str
19	cp.async.bulk		MMuM	0000000010100018000000000000000000	STD	str
19	cp.async.bulk		MMuMU	0000000010100018000000000000080000	STD	str
19	cp.async.bulk		MMu	0000000010100018000000000000000000	STD	str
19	cp.async.bulk		MMuU	0000000010100018000000000000080000	STD	str
20	cp.reduce.async.bulk	I[32|64]	MMuM	0000000010000010200000000000000000	STD	str
20	cp.reduce.async.bulk	B[32|64]	MMuM	0000000010000010400000000000000000	STD	str
20	cp.reduce.async.bulk	I[32|64]	MMu	0000000010000010200000000000000000	STD	str
20	cp.reduce.async.bulk	B[32|64]	MMu	0000000010000010400000000000000000	STD	str
20	cp.reduce.async.bulk	F[32|64]	MMu	0000000010000010100000000000000000	STD	str
20	cp.reduce.async.bulk	I[32|64]	MMuU	0000000010000010200000000000080000	STD	str
20	cp.reduce.async.bulk	B[32|64]	MMuU	0000000010000010400000000000080000	STD	str
20	cp.reduce.async.bulk	F[32|64]	MMuU	0000000010000010100000000000080000	STD	str
20	cp.reduce.async.bulk	F16	MMu	0004000010000010100000000000000000	STD	str
20	cp.reduce.async.bulk	E16	MMu	0004000010000010100000000000000000	STD	str
20	cp.reduce.async.bulk	F16	MMuU	0004000010000010100000000000080000	STD	str
20	cp.reduce.async.bulk	E16	MMuU	0004000010000010100000000000080000	STD	str
21	cp.async.bulk.commit_group			0004000010000010100000000000080000	STD	str
22	cp.async.bulk.wait_group		C	0000000000000000000000000000000800	STD	str
23	cp.async.bulk.prefetch		MuU	0000000008040000000000000000080000	STD	str
23	cp.async.bulk.prefetch		Mu	0000000008040000000000000000000000	STD	str
24	cp.async.bulk.prefetch.tensor		MsxU	0000000008440300000000000000080000	STD	str
24	cp.async.bulk.prefetch.tensor		Msx	0000000008440300000000000000000000	STD	str
24	cp.async.bulk.prefetch.tensor		MsU	0000000008440300000000000000080000	STD	str
24	cp.async.bulk.prefetch.tensor		Ms	0000000008440300000000000000000000	STD	str
25	st.async	I[32|64]	M0M	0000000088300010000000000000000000	STD	str
25	st.async	B[32|64]	M0M	0000000088300010000000000000000000	STD	str
25	st.async	F[32|64]	M0M	0000000088300010000000000000000000	STD	str
26	red.async	I[32|64]	M0M	0000000088100010200000000000000000	STD	str
26	red.async	B[32|64]	M0M	0000000088100010400000000000000000	STD	str
28	_ldsm	B[8|16]	dM	2000000000000000000000640000000000	STD	str
28	_ldsm	I8I4	dM	2000000000000000000000440000000000	STD	str
28	_ldsm	I4I2	dM	2000000000000000000000440000000000	STD	str
29	_movm	B16	dd	2000000000000000000000240000000000	STD	str
29	_movm	I8I4	ed	2000000000000000000000040400000000	STD	str
29	_movm	I4I2	ed	2000000000000000000000040400000000	STD	str
36	mbarrier.expect_tx	B64	Mu	0000000088100000000000000000000000	STD	str
38	mbarrier.arrive.expect_tx	B64	UMu	2000000088100000000000000000000000	STD	str
39	mbarrier.arrive_drop.expect_tx	B64	UMu	2000000088100000000000000000000000	STD	str
46	testp	F[32|64]	P0	2000000020000000000000000000000000	STD	str
47	copysign	F[32|64]	000	2000000000000000000000000000000000	STD	str
48	add	F16	000	200a000200000000000000000000000000	STD	str
49	sub	F16	000	200a000200000000000000000000000000	STD	str
48	add	H32	000	200a000200000000000000000000000000	STD	str
49	sub	H32	000	200a000200000000000000000000000000	STD	str
48	add	F32	000	200a000200000000000000000000000000	STD	str
49	sub	F32	000	200a000200000000000000000000000000	STD	str
48	add	F64	000	2000000200000000000000000000000000	STD	str
49	sub	F64	000	2000000200000000000000000000000000	STD	str
48	add	I	000	2000000000000000000000000000000000	STD	str
50	addc	I	000	2000000000000000000000000000000000	STD	str
49	sub	I	000	2000000000000000000000000000000000	STD	str
51	subc	I	000	2000000000000000000000000000000000	STD	str
48	add	E16	xxx	2000000200000000000000000000000000	STD	str
49	sub	E16	xxx	2000000200000000000000000000000000	STD	str
48	add	E32	ddd	2000000200000000000000000000000000	STD	str
49	sub	E32	ddd	2000000200000000000000000000000000	STD	str
48	add	N32	000	2008000000000000000000000000000000	STD	str
48	add	H64	000	2002000200000000000000000000000000	STD	str
49	sub	H64	000	2002000200000000000000000000000000	STD	str
48	add	F32F16	010	2008000200000000000000000000000000	STD	str
49	sub	F32F16	010	2008000200000000000000000000000000	STD	str
48	add	F32E16	0x0	2008000200000000000000000000000000	STD	str
49	sub	F32E16	0x0	2008000200000000000000000000000000	STD	str
52	#30292501	F16	000	200a000200000000000000000000000000	STD	tok
52	#30292501	H32	000	200a000200000000000000000000000000	STD	tok
52	#30292501	F32	000	200a000200000000000000000000000000	STD	tok
52	#30292501	F64	000	2000000200000000000000000000000000	STD	tok
53	mul.wide	I[16|32]	000	2000000001000000000000000000000000	STD	str
54	mul.lo	I	000	2000000000000000000000000000000000	STD	str
55	mul.hi	I	000	2000000000000000000000000000000000	STD	str
56	mul24.lo	I32	000	2000000000000000000000000000000000	STD	str
57	mul24.hi	I32	000	2000000000000000000000000000000000	STD	str
52	#30292501	E16	xxx	2000000200000000000000000000000000	STD	tok
52	#30292501	E32	ddd	2000000200000000000000000000000000	STD	tok
52	#30292501	H64	000	2002000200000000000000000000000000	STD	tok
58	#30293368	F32	0000	200a000200000000000000000000000000	STD	tok
58	#30293368	F64	0000	2000000200000000000000000000000000	STD	tok
59	mad.wide	I[16|32]	0000	2000000001000000000000000000000000	STD	str
60	mad.lo	I	0000	2000800000000000000000000000000000	STD	str
61	madc.lo	I	0000	2000800000000000000000000000000000	STD	str
62	mad.hi	I	0000	2000000000000000000000000000000000	STD	str
63	madc.hi	I	0000	2000000000000000000000000000000000	STD	str
64	mad24.lo	I32	0000	2000000000000000000000000000000000	STD	str
65	mad24.hi	I32	0000	2008000000000000000000000000000000	STD	str
66	fma	F16	0000	200b000200000000000000000000100000	STD	str
66	fma	H32	0000	200b000200000000000000000000100000	STD	str
66	fma	F32	0000	200a000200000000000000000000000000	STD	str
66	fma	F64	0000	2000000200000000000000000000000000	STD	str
66	fma	E16	xxxx	2001000200000000000000000000100000	STD	str
66	fma	E32	dddd	2001000200000000000000000000100000	STD	str
66	fma	H64	0000	2002000200000000000000000000000000	STD	str
66	fma	F32F16	0110	2008000200000000000000000000000000	STD	str
66	fma	F32E16	0xx0	2008000200000000000000000000000000	STD	str
67	sad	I	0000	2000000000000000000000000000000000	STD	str
68	div	F32	000	a002000200000000000000000000000000	STD	str
68	div	F64	000	2000000200000000000000000000000000	STD	str
68	div	I	000	2000000000000000000000000000000000	STD	str
69	rem	I	000	2000000000000000000000000000000000	STD	str
70	div.full	F32	000	2002000000000000000000000000000000	STD	str
71	rcp	F32	00	a002000200000000000000000000000000	STD	str
72	sqrt	F32	00	a002000200000000000000000000000000	STD	str
71	rcp	F64	00	a002000200000000000000000000000000	STD	str
72	sqrt	F64	00	2000000200000000000000000000000000	STD	str
73	rsqrt	F32	00	a002000000000000000000000000000000	STD	str
73	rsqrt	F64	00	a002000000000000000000000000000000	STD	str
74	sin	F32	00	a002000000000000000000000000000000	STD	str
75	cos	F32	00	a002000000000000000000000000000000	STD	str
76	lg2	F32	00	a002000000000000000000000000000000	STD	str
3	tanh	E16	xx	a000000000000000000000000000000000	STD	str
3	tanh	E32	dd	a000000000000000000000000000000000	STD	str
4	ex2	F32	00	a002000000000000000000000000000000	STD	str
4	ex2	E16	xx	a002000000000000000000000000000000	STD	str
4	ex2	E32	dd	a002000000000000000000000000000000	STD	str
77	abs	F16	00	2002000000000000000000000000000000	STD	str
77	abs	H32	00	2002000000000000000000000000000000	STD	str
77	abs	E16	xx	2000000000000000000000000000000000	STD	str
77	abs	E32	dd	2000000000000000000000000000000000	STD	str
77	abs	F32	00	2002000000000000000000000000000000	STD	str
77	abs	F64	00	2000000000000000000000000000000000	STD	str
77	abs	I	00	2000000800000000000000000000000000	STD	str
78	neg	F16	00	2002000000000000000000000000000000	STD	str
78	neg	H32	00	2002000000000000000000000000000000	STD	str
78	neg	E16	xx	2000000000000000000000000000000000	STD	str
78	neg	E32	dd	2000000000000000000000000000000000	STD	str
78	neg	F32	00	2002000000000000000000000000000000	STD	str
78	neg	F64	00	2000000000000000000000000000000000	STD	str
78	neg	I	00	2000000800000000000000000000000000	STD	str
79	min	F16	000	2002000000000000000000000006040000	STD	str
80	max	F16	000	2002000000000000000000000006040000	STD	str
79	min	H32	000	2002000000000000000000000006040000	STD	str
80	max	H32	000	2002000000000000000000000006040000	STD	str
79	min	E16	xxx	2000000000000000000000000006040000	STD	str
80	max	E16	xxx	2000000000000000000000000006040000	STD	str
79	min	E32	ddd	2000000000000000000000000006040000	STD	str
80	max	E32	ddd	2000000000000000000000000006040000	STD	str
79	min	F32	000	2002000000000000000000000006040000	STD	str
80	max	F32	000	2002000000000000000000000006040000	STD	str
79	min	F64	000	2000000000000000000000000000000000	STD	str
80	max	F64	000	2000000000000000000000000000000000	STD	str
79	min	I	000	2001000000000000000000000000000000	STD	str
80	max	I	000	2001000000000000000000000000000000	STD	str
79	min	N32	000	2001000000000000000000000000000000	STD	str
80	max	N32	000	2001000000000000000000000000000000	STD	str
79	min	F32	0000	2002000000000000000000000002040000	STD	str
80	max	F32	0000	2002000000000000000000000002040000	STD	str
81	popc	B[32|64]	u0	2000000000000000000000000000000000	STD	str
82	clz	B[32|64]	u0	2000000000000000000000000000000000	STD	str
83	bfind	I[32|64]	u0	2000000100000000000000000000000000	STD	str
84	#37741882	B[32|64]	00	2000000000000000000000000000000000	STD	tok
85	bfe	I[32|64]	00uu	2000000000000000000000000000000000	STD	str
86	bfi	B[32|64]	000uu	2000000000000000000000000000000000	STD	str
87	prmt	B32	0000	2000000000000000001000000000000000	STD	str
88	shfl	B32	0000	6000000000000000002000000000000000	STD	str
88	shfl	B32	0000u	6000004000000000002042000000000000	STD	str
89	bmsk	B32	uuu	2000000000000000000200000000000000	STD	str
90	szext	I32	00u	2000000000000000000200000000000000	STD	str
91	set	F16F16	011	2402000000000000000000000000000000	STD	str
91	set	I16F16	011	2402000000000000000000000000000000	STD	str
91	set	I32F16	011	2402000000000000000000000000000000	STD	str
91	set	I32H32	011	2402000000000000000000000000000000	STD	str
91	set	I16F16	011P	2502000000000000000000000000000000	STD	str
91	set	I32F16	011P	2502000000000000000000000000000000	STD	str
91	set	I32H32	011P	2502000000000000000000000000000000	STD	str
91	set	F16F32	011	2402000000000000000000000000000000	STD	str
91	set	F16F64	011	2400000000000000000000000000000000	STD	str
91	set	F16I	011	2400000000000000000000000000000000	STD	str
91	set	F16B	011	2400000000000000000000000000000000	STD	str
91	set	H32H32	011	2402000000000000000000000000000000	STD	str
91	set	F32F32	011	2402000000000000000000000000000000	STD	str
91	set	F32F64	011	2400000000000000000000000000000000	STD	str
91	set	F32I	011	2400000000000000000000000000000000	STD	str
91	set	F32B	011	2400000000000000000000000000000000	STD	str
91	set	I32F32	011	2402000000000000000000000000000000	STD	str
91	set	I32F64	011	2400000000000000000000000000000000	STD	str
91	set	I32I	011	2400000000000000000000000000000000	STD	str
91	set	I32B	011	2400000000000000000000000000000000	STD	str
91	set	F16F16	011P	2502000000000000000000000000000000	STD	str
91	set	F16F32	011P	2502000000000000000000000000000000	STD	str
91	set	F16F64	011P	2500000000000000000000000000000000	STD	str
91	set	F16I	011P	2500000000000000000000000000000000	STD	str
91	set	F16B	011P	2500000000000000000000000000000000	STD	str
91	set	H32H32	011P	2502000000000000000000000000000000	STD	str
91	set	F32F32	011P	2502000000000000000000000000000000	STD	str
91	set	F32F64	011P	2500000000000000000000000000000000	STD	str
91	set	F32I	011P	2500000000000000000000000000000000	STD	str
91	set	F32B	011P	2500000000000000000000000000000000	STD	str
91	set	I32F32	011P	2502000000000000000000000000000000	STD	str
91	set	I32F64	011P	2500000000000000000000000000000000	STD	str
91	set	I32I	011P	2500000000000000000000000000000000	STD	str
91	set	I32B	011P	2500000000000000000000000000000000	STD	str
91	set	E16E16	xxx	2400000000000000000000000000000000	STD	str
91	set	E16E16	xxxP	2500000000000000000000000000000000	STD	str
91	set	E16F16	x11	2400000000000000000000000000000000	STD	str
91	set	E16F16	x11P	2500000000000000000000000000000000	STD	str
91	set	E16F32	x11	2400000000000000000000000000000000	STD	str
91	set	E16F32	x11P	2500000000000000000000000000000000	STD	str
91	set	E16F64	x11	2400000000000000000000000000000000	STD	str
91	set	E16F64	x11P	2500000000000000000000000000000000	STD	str
91	set	E16I	x11	2400000000000000000000000000000000	STD	str
91	set	E16I	x11P	2500000000000000000000000000000000	STD	str
91	set	E16B	x11	2400000000000000000000000000000000	STD	str
91	set	E16B	x11P	2500000000000000000000000000000000	STD	str
91	set	I16E16	0xx	2400000000000000000000000000000000	STD	str
91	set	I16E16	0xxP	2500000000000000000000000000000000	STD	str
91	set	I32E16	0xx	2400000000000000000000000000000000	STD	str
91	set	I32E16	0xxP	2500000000000000000000000000000000	STD	str
91	set	I32E32	0dd	2400000000000000000000000000000000	STD	str
91	set	I32E32	0ddP	2500000000000000000000000000000000	STD	str
91	set	E32E32	ddd	2400000000000000000000000000000000	STD	str
91	set	E32E32	dddP	2500000000000000000000000000000000	STD	str
92	setp	F16	P00	2402000000000000000000000000000000	STD	str
92	setp	H32	P00	6402000000000000000000000000000000	STD	str
92	setp	F32	P00	6402000000000000000000000000000000	STD	str
92	setp	F64	P00	6400000000000000000000000000000000	STD	str
92	setp	I	P00	6400000000000000000000000000000000	STD	str
92	setp	B	P00	6400000000000000000000000000000000	STD	str
92	setp	F16	P00P	2502000000000000000000000000000000	STD	str
92	setp	H32	P00P	6502000000000000000000000000000000	STD	str
92	setp	F32	P00P	6502000000000000000000000000000000	STD	str
92	setp	F64	P00P	6500000000000000000000000000000000	STD	str
92	setp	I	P00P	6500000000000000000000000000000000	STD	str
92	setp	B	P00P	6500000000000000000000000000000000	STD	str
92	setp	E16	Pxx	2400000000000000000000000000000000	STD	str
92	setp	E16	PxxP	2500000000000000000000000000000000	STD	str
92	setp	E32	Pdd	6400000000000000000000000000000000	STD	str
92	setp	E32	PddP	6500000000000000000000000000000000	STD	str
93	selp	F	000P	2000000000000000000000000000000000	STD	str
93	selp	I	000P	2000000000000000000000000000000000	STD	str
93	selp	B	000P	2000000000000000000000000000000000	STD	str
94	slct	FF32	0001	2002000000000000000000000000000000	STD	str
94	slct	IF32	0001	2002000000000000000000000000000000	STD	str
94	slct	BF32	0001	2002000000000000000000000000000000	STD	str
94	slct	FI32	0001	2000000800000000000000000000000000	STD	str
94	slct	II32	0001	2000000800000000000000000000000000	STD	str
94	slct	BI32	0001	2000000800000000000000000000000000	STD	str
95	and	B	000	2000000000000000000000000000000000	STD	str
96	or	B	000	2000000000000000000000000000000000	STD	str
97	xor	B	000	2000000000000000000000000000000000	STD	str
95	and	P	000	2000000000000000000000000000000000	STD	str
96	or	P	000	2000000000000000000000000000000000	STD	str
97	xor	P	000	2000000000000000000000000000000000	STD	str
98	not	B	00	2000000000000000000000000000000000	STD	str
99	cnot	B	00	2000000000000000000000000000000000	STD	str
98	not	P	00	2000000000000000000000000000000000	STD	tok
100	shr	I	00u	2000000000000000000000000000000000	STD	str
101	shl	B	00u	2000000000000000000000000000000000	STD	str
100	shr	B	00u	2000000000000000000000000000000000	STD	str
102	shf.l	B32	000u	2000000000000000000200000000000000	STD	str
103	shf.r	B32	000u	2000000000000000000200000000000000	STD	str
104	lop3	B32	0000C	2000000000000000000000000000000000	STD	str
104	lop3	B32	0000CP	6100000000000000000000000000000000	STD	str
105	fns	B32	0000	2000000000000000000000000000000000	STD	str
106	dp4a	I32I32	u01u	2000000000000000000000000000000000	STD	str
107	dp2a	I32I32	u01u	2000000000000000000000000000000000	STD	str
108	dp2a.hi	I32I32	u01u	2000000000000000000000000000000000	STD	str
109	dp2a.lo	I32I32	u01u	2000000000000000000000000000000000	STD	str
110	mov	F	00	2000000000200000000000000000000000	STD	str
110	mov	I	00	2000000004200000000000000000000000	STD	str
110	mov	B	00	2000000004200000000000000000000000	STD	str
110	mov	P	00	2000000004000000000000000000000000	STD	str
110	mov	B128	00	2000000004200000000000000000000000	STD	str
7	ld	F	0M	60000000ca3e0000000000100000000000	STD	str
7	ld	I[8|16|32|64]	0M	60000000ca3e0000000000100000000000	STD	str
7	ld	B[8|16|32|64]	0M	60000000ca3e0000000000100000000000	STD	str
7	ld	B128	0M	60000000ca3c0000000000100000000000	STD	str
7	ld	B128	0M	60000000ca380000000000080000000000	STD	str
7	ld	B128	0MU	60000000ca380000000000080000080000	STD	str
111	ldu	B128	0M	200000000a200000000000000000000000	STD	str
7	ld	F	0M	60000000ca3a0000000000080000000000	STD	str
7	ld	I[8|16|32|64]	0M	60000000ca3a0000000000080000000000	STD	str
7	ld	B[8|16|32|64]	0M	60000000ca3a0000000000080000000000	STD	str
7	ld	F	0MU	60000000ca380000000000080000080000	STD	str
7	ld	I[8|16|32|64]	0MU	60000000ca380000000000080000080000	STD	str
7	ld	B[8|16|32|64]	0MU	60000000ca380000000000080000080000	STD	str
111	ldu	F	0M	200000000a200000000000000000000000	STD	str
111	ldu	I[8|16|32|64]	0M	200000000a200000000000000000000000	STD	str
111	ldu	B[8|16|32|64]	0M	200000000a200000000000000000000000	STD	str
112	_ldldu	B[8|16|32|64|128]B[8|16|32|64|128]	01MM	200000000a200000000000000000000000	STD	str
8	st	F	M0	00000000ca3a0000000000000000400000	STD	str
8	st	I[8|16|32|64]	M0	00000000ca3a0000000000000000400000	STD	str
8	st	B[8|16|32|64]	M0	00000000ca3a0000000000000000400000	STD	str
8	st	B128	M0	00000000ca380000000000000000000000	STD	str
8	st	B128	M0U	00000000ca380000000000000000080000	STD	str
8	st	F	M0U	00000000ca380000000000000000080000	STD	str
8	st	I[8|16|32|64]	M0U	00000000ca380000000000000000080000	STD	str
8	st	B[8|16|32|64]	M0U	00000000ca380000000000000000080000	STD	str
113	st.bulk		MUC	0000000088000000000000000000000000	STD	str
113	st.bulk		MuC	0000000088000000000000000000000000	STD	str
114	#30439020		M	00000000080c0000000000000000000000	STD	tok
115	prefetchu		M	0000000008040000000000000000000000	STD	str
116	applypriority		MC	00000000080c0000000000000000000000	STD	str
117	createpolicy.fractional	B64	U	00000000000c0000000000000000000000	STD	str
117	createpolicy.fractional	B64	Uf	00000000000c0000000000000000000000	STD	str
118	createpolicy.range	B64	UMuu	00000000080c0000000000000000000000	STD	str
119	createpolicy.cvt	B64	UU	0000000000040000000000000000000000	STD	str
120	_createpolicy.fractional	B64	Uuu	20000000000c0000000000000000000000	STD	str
121	_createpolicy.range	B64	Uuuu	20000000080c0000000000000000000000	STD	str
122	discard		MC	0000000008040000000000000000000000	STD	str
123	isspacep		Pu	2000000008000000000010000000000000	STD	str
123	isspacep		PU	2000000008000000000010000000000000	STD	str
124	cvta	I[32|64]	00	2000000008000000000010000000000000	STD	str
125	cvta.to	I[32|64]	00	2000000008000000000010000000000000	STD	str
126	mapa	I[32|64]	00u	2000000008000000000000000000000000	STD	str
127	getctarank	I[32|64]	u0	2000000008000000000000000000000000	STD	str
128	cctl		M	0000000048000000000000000000000000	STD	str
129	cctlu		M	0000000048000000000000000000000000	STD	str
128	cctl			0000000048000000000000000000000000	STD	str
129	cctlu			0000000048000000000000000000000000	STD	str
10	cvt	F[16|32|64]F[16|32|64]	01	200a000602000000000000000000000000	STD	tok
10	cvt	F[16|32|64]I[8|16|32|64]	01	200a000202000000000000000000000000	STD	tok
10	cvt	I[8|16|32|64]F[16|32|64]	01	200a000402000000000000000000000000	STD	tok
10	cvt	I[8|16|32|64]I[8|16|32|64]	01	2008000006000000000000000000000000	STD	tok
10	cvt	Q16F32	c11	2031000200000000000000000000000000	STD	tok
10	cvt	Q16H32	c1	2011000200000000000000000000000000	STD	tok
10	cvt	H32Q16	0c	2001000200000000000000000000000000	STD	tok
10	cvt	T32F32	d1	2011000200000000000000000000000000	STD	tok
130	cvt.pack	I8I32B32	1112	2008000002000000000000000000000000	STD	str
130	cvt.pack	I16I32	111	2008000002000000000000000000000000	STD	str
130	cvt.pack	I[2|4]I32B32	1112	2008000002000000000000000000000000	STD	str
10	cvt	E16E16	xx	2000000400000000000000000000000000	STD	tok
10	cvt	F[16|64]E16	0x	2000000200000000000000000000000000	STD	tok
10	cvt	E16F[16|64]	x1	2000000200000000000000000000000000	STD	tok
10	cvt	E16I[8|16|32|64]	x1	2000000200000000000000000000000000	STD	tok
10	cvt	I[8|16|32|64]E16	0x	2000000400000000000000000000000000	STD	tok
10	cvt	R8F32	b11	2011000200000000000000000000000000	STD	tok
10	cvt	H32R8	0b	2001000200000000000000000000000000	STD	tok
10	cvt	E32Q16	d1	2011000200000000000000000000000000	STD	tok
10	cvt	Q16E32	0d	2031000200000000000000000000000000	STD	tok
10	cvt	H32F32	011d	2011000202000000000000000000000000	STD	tok
10	cvt	E32F32	d11d	2011000200000000000000000000000000	STD	tok
10	cvt	Q32F32	dfd	2011000200000000000000000000000000	STD	tok
10	cvt	R16F32	cfd	2011000200000000000000000000000000	STD	tok
10	cvt	R8H32	b1	2011000200000000000000000000000000	STD	tok
10	cvt	R8E32	bd	2011000200000000000000000000000000	STD	tok
131	multimem.ld_reduce	I[32|64]	0M	2000000088100000200000000000001000	STD	str
131	multimem.ld_reduce	B[32|64]	0M	2000000088100000400000000000001000	STD	str
131	multimem.ld_reduce	F[32|64]	0M	2000000088300000100000000000001000	STD	str
131	multimem.ld_reduce	H32	0M	2000000088300000100000000000001000	STD	str
131	multimem.ld_reduce	E[16|32]	0M	2000000088300000100000000000001000	STD	str
131	multimem.ld_reduce	F16	0M	2000000088300000100000000000001000	STD	str
131	multimem.ld_reduce	Q[8|16|32]	0M	2000000088300000100000000000001000	STD	str
132	multimem.st	I[32|64]	M0	2000000088100000000000000000000000	STD	str
132	multimem.st	B[32|64]	M0	2000000088100000000000000000000000	STD	str
132	multimem.st	F[16|32|64]	M0	2000000088300000000000000000000000	STD	str
132	multimem.st	H32	M0	2000000088300000000000000000000000	STD	str
132	multimem.st	E[16|32]	M0	2000000088300000000000000000000000	STD	str
132	multimem.st	Q[8|16|32]	M0	2000000088300000000000000000000000	STD	str
133	multimem.red	I[32|64]	M0	2000000088100000200000000000000000	STD	str
133	multimem.red	B[32|64]	M0	2000000088100000400000000000000000	STD	str
133	multimem.red	F[16|32|64]	M0	2000000088300000100000000000000000	STD	str
133	multimem.red	H32	M0	2000000088300000100000000000000000	STD	str
133	multimem.red	E[16|32]	M0	2000000088300000100000000000000000	STD	str
11	mma	F16F16F16F16	hhhh	2000000000200000000042040000000000	STD	str
11	mma	F32F16F16F16	fhhh	2000000000200000000042040000000000	STD	str
11	mma	F32F16F16F32	fhhf	2000000000200000000042040000000000	STD	str
11	mma	F16F16F16F32	VVVV	2000000000200000000042040000000000	STD	str
11	mma	I32I32	sdds	2100000000200000800042040000000000	STD	str
11	mma	I32I8I8I32	sdds	2010000000200000000042040000000000	STD	str
11	mma	I32I32	sdds	2010000000200000000042040000000000	STD	str
11	mma	F64F64F64F64	0123	2000000200200000000042040000000000	STD	str
11	mma	F32F32	dddd	2000000000200000000042040000000000	STD	str
11	mma	F32Q8Q8F32	fddf	2080000000200000000042040000000000	STD	str
11	mma	F16Q8Q8F16	hddh	2080000000200000000042040000000000	STD	str
11	mma	F32Q8Q8F32	fddfdC	2080000000200000000042041000000000	STD	str
11	mma	F16R4Q8F16	hddh	2080000000200000000042040000000000	STD	str
11	mma	F32R4Q8F32	fddf	2080000000200000000042040000000000	STD	str
11	mma	F16Q8R4F16	hddh	2080000000200000000042040000000000	STD	str
11	mma	F32Q8R4F32	fddf	2080000000200000000042040000000000	STD	str
11	mma	F16R4R4F16	hddh	2080000000200000000042040000000000	STD	str
11	mma	F32R4R4F32	fddf	2080000000200000000042040000000000	STD	str
11	mma	F16R4Q8F16	hddhdC	2080000000200000000042041000000000	STD	str
11	mma	F32R4Q8F32	fddfdC	2080000000200000000042041000000000	STD	str
11	mma	F16Q8R4F16	hddhdC	2080000000200000000042041000000000	STD	str
11	mma	F32Q8R4F32	fddfdC	2080000000200000000042041000000000	STD	str
11	mma	F16R4R4F16	hddhdC	2080000000200000000042041000000000	STD	str
11	mma	F32R4R4F32	fddfdC	2080000000200000000042041000000000	STD	str
11	mma	F16Q8Q8F16	hddhdC	2080000000200000000042041000000000	STD	str
11	mma	F32R4R4F32Q8	fddfdxdx	2000000000200000000042040000000000	STD	str
11	mma	F32R4R4F32Q8	fddfdCdxdx	2000000000200000000042041000000000	STD	str
11	mma	F32Q8Q8F32Q8	fddfdxdx	2000000000200000000042040000000000	STD	str
11	mma	F32R4Q8F32Q8	fddfdxdx	2000000000200000000042040000000000	STD	str
11	mma	F32Q8R4F32Q8	fddfdxdx	2000000000200000000042040000000000	STD	str
11	mma	F32Q8Q8F32Q8	fddfdCdxdx	2000000000200000000042041000000000	STD	str
11	mma	F32R4Q8F32Q8	fddfdCdxdx	2000000000200000000042041000000000	STD	str
11	mma	F32Q8R4F32Q8	fddfdCdxdx	2000000000200000000042041000000000	STD	str
134	wmma.mma	F16F16	hhhh	2010000000200000000042040000000000	STD	str
134	wmma.mma	F32F16	fhhh	2010000000200000000042040000000000	STD	str
134	wmma.mma	F32F32	fhhf	2010000000200000000042040000000000	STD	str
134	wmma.mma	F16F32	hhhf	2010000000200000000042040000000000	STD	str
135	wmma.load.a	F16	hM	2000000008200000000042040000000000	STD	str
135	wmma.load.a	F16	hMu	2000000008200000000042040000000000	STD	str
136	wmma.load.b	F16	hM	2000000008200000000042040000000000	STD	str
136	wmma.load.b	F16	hMu	2000000008200000000042040000000000	STD	str
137	wmma.load.c	F16	hM	2000000008200000000042040000000000	STD	str
137	wmma.load.c	F16	hMu	2000000008200000000042040000000000	STD	str
137	wmma.load.c	F32	fM	2000000008200000000042040000000000	STD	str
137	wmma.load.c	F32	fMu	2000000008200000000042040000000000	STD	str
135	wmma.load.a	F32	VV	2000000008200000000042040000000000	STD	str
135	wmma.load.a	F32	VVV	2000000008200000000042040000000000	STD	str
136	wmma.load.b	F32	VV	2000000008200000000042040000000000	STD	str
136	wmma.load.b	F32	VVV	2000000008200000000042040000000000	STD	str
138	wmma.store.d	F16	Mh	0000000008200000000042040000000000	STD	str
138	wmma.store.d	F16	Mhu	0000000008200000000042040000000000	STD	str
138	wmma.store.d	F32	Mf	0000000008200000000042040000000000	STD	str
138	wmma.store.d	F32	Mfu	0000000008200000000042040000000000	STD	str
135	wmma.load.a		sM	2000000008200000000042040000000000	STD	str
135	wmma.load.a		sMu	2000000008200000000042040000000000	STD	str
136	wmma.load.b		sM	2000000008200000000042040000000000	STD	str
136	wmma.load.b		sMu	2000000008200000000042040000000000	STD	str
134	wmma.mma	I32B1B1I32	ssss	2110000000200000800042040000000000	STD	str
134	wmma.mma	I32I4I4I32	ssss	2110000000200000800042040000000000	STD	str
134	wmma.mma	I32I8I8I32	ssss	2010000000200000000042040000000000	STD	str
135	wmma.load.a	I8	sM	2000000008200000000042040000000000	STD	str
135	wmma.load.a	I8	sMu	2000000008200000000042040000000000	STD	str
136	wmma.load.b	I8	sM	2000000008200000000042040000000000	STD	str
136	wmma.load.b	I8	sMu	2000000008200000000042040000000000	STD	str
137	wmma.load.c	I32	sM	2000000008200000000042040000000000	STD	str
137	wmma.load.c	I32	sMu	2000000008200000000042040000000000	STD	str
138	wmma.store.d	I32	Ms	0000000008200000000042040000000000	STD	str
138	wmma.store.d	I32	Msu	0000000008200000000042040000000000	STD	str
135	wmma.load.a	F64	0M	2000000008200000000042040000000000	STD	str
135	wmma.load.a	F64	0Mu	2000000008200000000042040000000000	STD	str
136	wmma.load.b	F64	0M	2000000008200000000042040000000000	STD	str
136	wmma.load.b	F64	0Mu	2000000008200000000042040000000000	STD	str
137	wmma.load.c	F64	0M	2000000008200000000042040000000000	STD	str
137	wmma.load.c	F64	0Mu	2000000008200000000042040000000000	STD	str
138	wmma.store.d	F64	M0	0000000008200000000042040000000000	STD	str
138	wmma.store.d	F64	M0u	0000000008200000000042040000000000	STD	str
134	wmma.mma	F64F64F64F64	0123	2000000200200000000042040000000000	STD	str
135	wmma.load.a		dM	2000000008200000000042040000000000	STD	str
135	wmma.load.a		dMu	2000000008200000000042040000000000	STD	str
136	wmma.load.b		dM	2000000008200000000042040000000000	STD	str
136	wmma.load.b		dMu	2000000008200000000042040000000000	STD	str
134	wmma.mma	F32E16E16F32	dddd	2010000000200000000042040000000000	STD	str
134	wmma.mma	F32T32T32F32	dddd	2010000000200000000042040000000000	STD	str
12	_mma	F16R4Q8F16	hddh	2000000000200000000000040000000000	STD	str
12	_mma	F32R4Q8F32	fddf	2000000000200000000000040000000000	STD	str
12	_mma	F16Q8R4F16	hddh	2000000000200000000000040000000000	STD	str
12	_mma	F32Q8R4F32	fddf	2000000000200000000000040000000000	STD	str
12	_mma	F16R4R4F16	hddh	2000000000200000000000040000000000	STD	str
12	_mma	F32R4R4F32	fddf	2000000000200000000000040000000000	STD	str
12	_mma	F16R4Q8F16	hddhdC	2000000000200000000000043800000000	STD	str
12	_mma	F32R4Q8F32	fddfdC	2000000000200000000000043800000000	STD	str
12	_mma	F16Q8R4F16	hddhdC	2000000000200000000000043800000000	STD	str
12	_mma	F32Q8R4F32	fddfdC	2000000000200000000000043800000000	STD	str
12	_mma	F16R4R4F16	hddhdC	2000000000200000000000043800000000	STD	str
12	_mma	F32R4R4F32	fddfdC	2000000000200000000000043800000000	STD	str
12	_mma	F32R4R4F32Q8	fddfdxdx	2000000000200000000000040000000000	STD	str
12	_mma	F32R4R4F32Q8	fddfdCdxdx	2000000000200000000000043800000000	STD	str
12	_mma	F32Q8Q8F32Q8	fddfdxdx	2000000000200000000000040000000000	STD	str
12	_mma	F32R4Q8F32Q8	fddfdxdx	2000000000200000000000040000000000	STD	str
12	_mma	F32Q8R4F32Q8	fddfdxdx	2000000000200000000000040000000000	STD	str
12	_mma	F32R4R4F32Q8	fddfdxdx	2000000000200000000000040000000000	STD	str
12	_mma	F32Q8Q8F32Q8	fddfdCdxdx	2040080000200000000000043800000000	STD	str
12	_mma	F32R4Q8F32Q8	fddfdCdxdx	2000000000200000000000043800000000	STD	str
12	_mma	F32Q8R4F32Q8	fddfdCdxdx	2000000000200000000000043800000000	STD	str
12	_mma	F32R4R4F32Q8	fddfdCdxdx	2000000000200000000000043800000000	STD	str
139	wgmma.mma_async	F16F16F16	hUUPCCCC	2000000000200000000042040000000000	STD	str
139	wgmma.mma_async	F16F16F16	hhUPCCC	2000000000200000000042040000000000	STD	str
139	wgmma.mma_async	F32F16F16	fUUPCCCC	2000000000200000000042040000000000	STD	str
139	wgmma.mma_async	F32F16F16	fhUPCCC	2000000000200000000042040000000000	STD	str
139	wgmma.mma_async	F32E16E16	fUUPCCCC	2000000000200000000042040000000000	STD	str
139	wgmma.mma_async	F32E16E16	fdUPCCC	2000000000200000000042040000000000	STD	str
139	wgmma.mma_async	F32T32T32	fUUPCC	2000000000200000000042040000000000	STD	str
139	wgmma.mma_async	F32T32T32	fdUPCC	2000000000200000000042040000000000	STD	str
139	wgmma.mma_async	F16Q8Q8	hUUPCC	2000000000200000000042040000000000	STD	str
139	wgmma.mma_async	F16Q8Q8	hdUPCC	2000000000200000000042040000000000	STD	str
139	wgmma.mma_async	F32Q8Q8	fUUPCC	2000000000200000000042040000000000	STD	str
139	wgmma.mma_async	F32Q8Q8	fdUPCC	2000000000200000000042040000000000	STD	str
139	wgmma.mma_async	I32I8I8	sUUP	2010000000200000000042040000000000	STD	str
139	wgmma.mma_async	I32I8I8	sdUP	2010000000200000000042040000000000	STD	str
139	wgmma.mma_async	I32B1B1	sUUP	2100000000200000800042040000000000	STD	str
139	wgmma.mma_async	I32B1B1	sdUP	2100000000200000800042040000000000	STD	str
139	wgmma.mma_async	F16F16F16	hUUdCPCCCC	2000000000200000000042041000000000	STD	str
139	wgmma.mma_async	F16F16F16	hhUdCPCCC	2000000000200000000042041000000000	STD	str
139	wgmma.mma_async	F32F16F16	fUUdCPCCCC	2000000000200000000042041000000000	STD	str
139	wgmma.mma_async	F32F16F16	fhUdCPCCC	2000000000200000000042041000000000	STD	str
139	wgmma.mma_async	F32E16E16	fUUdCPCCCC	2000000000200000000042041000000000	STD	str
139	wgmma.mma_async	F32E16E16	fdUdCPCCC	2000000000200000000042041000000000	STD	str
139	wgmma.mma_async	F32T32T32	fUUdCPCC	2000000000200000000042041000000000	STD	str
139	wgmma.mma_async	F32T32T32	fdUdCPCC	2000000000200000000042041000000000	STD	str
139	wgmma.mma_async	F16Q8Q8	hUUdCPCC	2000000000200000000042041000000000	STD	str
139	wgmma.mma_async	F16Q8Q8	hdUdCPCC	2000000000200000000042041000000000	STD	str
139	wgmma.mma_async	F32Q8Q8	fUUdCPCC	2000000000200000000042041000000000	STD	str
139	wgmma.mma_async	F32Q8Q8	fdUdCPCC	2000000000200000000042041000000000	STD	str
139	wgmma.mma_async	I32I8I8	sUUdCP	2010000000200000000042041000000000	STD	str
139	wgmma.mma_async	I32I8I8	sdUdCP	2010000000200000000042041000000000	STD	str
140	wgmma.fence			0000000000000000000042000000000000	STD	str
141	wgmma.commit_group			0000000000000000000042000000000000	STD	str
142	wgmma.wait_group		C	0000000000000000000042000000000000	STD	str
143	tcgen05.ld.red	F32	ddM	2000000000000000100042440002040000	STD	str
143	tcgen05.ld.red	F32	ddMC	2000000000000000100042440002040000	STD	str
143	tcgen05.ld.red	I32	ddM	2000000000000000200042440000000000	STD	str
143	tcgen05.ld.red	I32	ddMC	2000000000000000200042440000000000	STD	str
144	tcgen05.alloc	B32	Mu	00000000080008000000c2000000000000	STD	str
145	tcgen05.dealloc	B32	uu	0000000000000800000042000000000000	STD	str
146	tcgen05.relinquish_alloc_permit			0000000000000800000042000000000000	STD	str
147	_tcgen05.guardrails.is_phase_valid		d	0000000000000800000042000000000000	STD	str
148	_tcgen05.guardrails.is_current_warp_valid_owner		duC	0000000000000800000042000000000000	STD	str
149	_tcgen05.guardrails.are_columns_allocated		du	0000000000000000000000440200000002	STD	str
149	_tcgen05.guardrails.are_columns_allocated		duu	0000000000000800000000001000000006	STD	str
150	_tcgen05.guardrails.in_physical_bounds		du	0000000000000000000000440200000002	STD	str
150	_tcgen05.guardrails.in_physical_bounds		duu	0000000000000800000000001000000006	STD	str
151	_tcgen05.guardrails.allocation_granularity		du	0000000000000800000000001000000000	STD	str
152	_tcgen05.guardrails.datapath_alignment		duuC	0000000000000800000000001000000006	STD	str
153	_tcgen05.guardrails.sp_consistency_across_idesc_mod		du	0000000000000000000000001000000000	STD	str
154	_tcgen05.guardrails.check_sparse_usage		du	0080000000000000000000000000000000	STD	str
155	tcgen05.commit	B64	M	0000000008000810000000000000000100	STD	str
155	tcgen05.commit	B64	Mx	0000000008000811000000000000000100	STD	str
156	tcgen05.shift		M	0000000000000800004000000000000000	STD	str
157	tcgen05.cp		MU	0000000000003800000000040000000000	STD	str
158	tcgen05.fence			0000000000000000000000000000008000	STD	str
159	tcgen05.wait			0000000000000000000042000000000001	STD	str
160	tcgen05.ld	B32	dM	2000000000000000000042440200000000	STD	str
160	tcgen05.ld	B32	dMC	2000000000000000000042440200000000	STD	str
161	tcgen05.st	B32	Md	0000000000000000000042440200000000	STD	str
161	tcgen05.st	B32	MCd	0000000000000000000042440200000000	STD	str
162	tcgen05.mma		MUUuP	0000000000000800000000000000000000	STD	str
162	tcgen05.mma		MUUMuP	0000000000000800000000001000000000	STD	str
162	tcgen05.mma		MUUudP	0000000000000800000000000000000000	STD	str
162	tcgen05.mma		MUUuPC	0000000000000800000000000000000000	STD	str
162	tcgen05.mma		MUUMudP	0000000000000800000000001000000000	STD	str
162	tcgen05.mma		MUUMuPC	0000000000000800000000001000000000	STD	str
162	tcgen05.mma		MUUudPC	0000000000000800000000000000000000	STD	str
162	tcgen05.mma		MUUMudPC	0000000000000800000000001000000000	STD	str
162	tcgen05.mma		MMUuP	0000000000000800000000000000000000	STD	str
162	tcgen05.mma		MMUMuP	0000000000000800000000001000000000	STD	str
162	tcgen05.mma		MMUudP	0000000000000800000000000000000000	STD	str
162	tcgen05.mma		MMUuPC	0000000000000800000000000000000000	STD	str
162	tcgen05.mma		MMUMudP	0000000000000800000000001000000000	STD	str
162	tcgen05.mma		MMUMuPC	0000000000000800000000001000000000	STD	str
162	tcgen05.mma		MMUudPC	0000000000000800000000000000000000	STD	str
162	tcgen05.mma		MMUMudPC	0000000000000800000000001000000000	STD	str
162	tcgen05.mma		MUUuMMP	0000000000000800000000000000000000	STD	str
162	tcgen05.mma		MUUMuMMP	0000000000000800000000001000000000	STD	str
162	tcgen05.mma		MMUuMMP	0000000000000800000000000000000000	STD	str
162	tcgen05.mma		MMUMuMMP	0000000000000800000000001000000000	STD	str
163	tcgen05.mma.ws		MUUuP	0000000000000800000000000000000000	STD	str
163	tcgen05.mma.ws		MUUuPU	0000000000000800000000000000000000	STD	str
163	tcgen05.mma.ws		MUUMuP	0000000000000800000000001000000000	STD	str
163	tcgen05.mma.ws		MUUMuPU	0000000000000800000000001000000000	STD	str
163	tcgen05.mma.ws		MMUuP	0000000000000800000000000000000000	STD	str
163	tcgen05.mma.ws		MMUuPU	0000000000000800000000000000000000	STD	str
163	tcgen05.mma.ws		MMUMuP	0000000000000800000000001000000000	STD	str
163	tcgen05.mma.ws		MMUMuPU	0000000000000800000000001000000000	STD	str
17	cp.async.bulk.tensor		MMsMx	0000000010400f11000000000000000000	STD	str
17	cp.async.bulk.tensor		MMsMxx	0000000010404f11000000000000000000	STD	str
17	cp.async.bulk.tensor		MMsMxU	0000000010400f11000000000000080000	STD	str
17	cp.async.bulk.tensor		MMsMxxU	0000000010404f11000000000000080000	STD	str
19	cp.async.bulk		MMuMx	0000000010100019000000000000000000	STD	str
19	cp.async.bulk		MMuMxU	0000000010100019000000000000080000	STD	str
19	cp.async.bulk		MMux	0000000010100018000000000000000008	STD	str
19	cp.async.bulk		MMuUx	0000000010100018000000000000080008	STD	str
164	tensormap.replace	B[32|64]	M0	0000000008000200000000000000006000	STD	str
164	tensormap.replace	B[32|64]	MC0	0000000008000200000000000000006000	STD	str
25	st.async	I[8|16|32|64]	M0	0000000088120010000000000000000000	STD	str
25	st.async	B[8|16|32|64]	M0	0000000088120010000000000000000000	STD	str
25	st.async	F[32|64]	M0	0000000088120010000000000000000000	STD	str
26	red.async	I[32|64]	M0	0000000088120010200000000000000000	STD	str
26	red.async	B[32|64]	M0	0000000088120010400000000000000000	STD	str
27	cp.async		MMCu	0000000050000000000000080000000000	STD	str
27	cp.async		MMC	0000000050000000000000080000000000	STD	str
27	cp.async		MMCP	0000000050000000000000080000000000	STD	str
165	cp.async.wait_all			0000000050000000000000080000000000	STD	str
166	cp.async.commit_group			0000000050000000000000080000000000	STD	str
167	cp.async.wait_group		C	0000000050000000000000080000000000	STD	str
168	cp.async.mbarrier.arrive	B64	M	0000000008000000000004000000000000	STD	str
27	cp.async		MMCuU	0000000050000000000000080000080000	STD	str
27	cp.async		MMCU	0000000050000000000000080000080000	STD	str
27	cp.async		MMCPU	0000000050000000000000080000080000	STD	str
169	stacksave	I[32|64]	0	2000000000000000000000000000000000	STD	str
170	stackrestore	I[32|64]	0	2000000000000000000000000000000000	STD	str
171	alloca	I[32|64]	00	2000000000000000000000000000000000	STD	str
171	alloca	I[32|64]	00C	2000000000000000000000000000000000	STD	str
172	ldmatrix	B[8|16]	dM	2000000008000000000042640000000000	STD	str
172	ldmatrix		dM	2000000008002000000042640000000000	STD	str
28	_ldsm		dM	2000000000002000000000640000000000	STD	str
173	movmatrix	B16	dd	2000000000000000000042240000000000	STD	str
174	stmatrix	B[8|16]	Md	2000000008000000000042640000000000	STD	str
175	tex	F32F32	0i1	6000001000e00000000000000000000000	STD	str
175	tex	F32I32	0i1	6000001000e00000000000000000000000	STD	str
175	tex	I32F32	0i1	6000001000e00000000000000000000000	STD	str
175	tex	I32I32	0i1	6000001000e00000000000000000000000	STD	str
175	tex	F32F32	0i1s	6000001000e00000000000000000000000	STD	str
175	tex	F32I32	0i1s	6000001000e00000000000000000000000	STD	str
175	tex	I32F32	0i1s	6000001000e00000000000000000000000	STD	str
175	tex	I32I32	0i1s	6000001000e00000000000000000000000	STD	str
175	tex	F32F32	0i1sl	6000001000e00000000000000000000000	STD	str
175	tex	I32F32	0i1sl	6000001000e00000000000000000000000	STD	str
175	tex	F32F32	0i1l	6000001000e00000000000000000000000	STD	str
175	tex	I32F32	0i1l	6000001000e00000000000000000000000	STD	str
175	tex	F16F32	0i1	6000001000e00000000000000000000000	STD	str
175	tex	F16I32	0i1	6000001000e00000000000000000000000	STD	str
175	tex	H32F32	0i1	6000001000e00000000000000000000000	STD	str
175	tex	H32I32	0i1	6000001000e00000000000000000000000	STD	str
175	tex	F16F32	0i1s	6000001000e00000000000000000000000	STD	str
175	tex	F16I32	0i1s	6000001000e00000000000000000000000	STD	str
175	tex	H32F32	0i1s	6000001000e00000000000000000000000	STD	str
175	tex	H32I32	0i1s	6000001000e00000000000000000000000	STD	str
175	tex	F16F32	0i1sl	6000001000e00000000000000000000000	STD	str
175	tex	H32F32	0i1sl	6000001000e00000000000000000000000	STD	str
175	tex	F16F32	0i1l	6000001000e00000000000000000000000	STD	str
175	tex	H32F32	0i1l	6000001000e00000000000000000000000	STD	str
175	tex	F32F32	0ii1	6000001000e00000000000000000000000	STD	str
175	tex	F32I32	0ii1	6000001000e00000000000000000000000	STD	str
175	tex	I32F32	0ii1	6000001000e00000000000000000000000	STD	str
175	tex	I32I32	0ii1	6000001000e00000000000000000000000	STD	str
175	tex	F32F32	0ii1s	6000001000e00000000000000000000000	STD	str
175	tex	F32I32	0ii1s	6000001000e00000000000000000000000	STD	str
175	tex	I32F32	0ii1s	6000001000e00000000000000000000000	STD	str
175	tex	I32I32	0ii1s	6000001000e00000000000000000000000	STD	str
175	tex	F32F32	0ii1sl	6000001000e00000000000000000000000	STD	str
175	tex	I32F32	0ii1sl	6000001000e00000000000000000000000	STD	str
175	tex	F32F32	0ii1l	6000001000e00000000000000000000000	STD	str
175	tex	I32F32	0ii1l	6000001000e00000000000000000000000	STD	str
175	tex	F16F32	0ii1	6000001000e00000000000000000000000	STD	str
175	tex	F16I32	0ii1	6000001000e00000000000000000000000	STD	str
175	tex	H32F32	0ii1	6000001000e00000000000000000000000	STD	str
175	tex	H32I32	0ii1	6000001000e00000000000000000000000	STD	str
175	tex	F16F32	0ii1s	6000001000e00000000000000000000000	STD	str
175	tex	F16I32	0ii1s	6000001000e00000000000000000000000	STD	str
175	tex	H32F32	0ii1s	6000001000e00000000000000000000000	STD	str
175	tex	H32I32	0ii1s	6000001000e00000000000000000000000	STD	str
175	tex	F16F32	0ii1sl	6000001000e00000000000000000000000	STD	str
175	tex	H32F32	0ii1sl	6000001000e00000000000000000000000	STD	str
175	tex	F16F32	0ii1l	6000001000e00000000000000000000000	STD	str
175	tex	H32F32	0ii1l	6000001000e00000000000000000000000	STD	str
176	tex.base	F32F32	0i1	6000001000e00000000000000000000000	STD	str
176	tex.base	F32I32	0i1	6000001000e00000000000000000000000	STD	str
176	tex.base	I32F32	0i1	6000001000e00000000000000000000000	STD	str
176	tex.base	I32I32	0i1	6000001000e00000000000000000000000	STD	str
176	tex.base	F32F32	0i1s	6000001000e00000000000000000000000	STD	str
176	tex.base	F32I32	0i1s	6000001000e00000000000000000000000	STD	str
176	tex.base	I32F32	0i1s	6000001000e00000000000000000000000	STD	str
176	tex.base	I32I32	0i1s	6000001000e00000000000000000000000	STD	str
176	tex.base	F32F32	0i1sl	6000001000e00000000000000000000000	STD	str
176	tex.base	I32F32	0i1sl	6000001000e00000000000000000000000	STD	str
176	tex.base	F32F32	0i1l	6000001000e00000000000000000000000	STD	str
176	tex.base	I32F32	0i1l	6000001000e00000000000000000000000	STD	str
176	tex.base	F16F32	0i1	6000001000e00000000000000000000000	STD	str
176	tex.base	F16I32	0i1	6000001000e00000000000000000000000	STD	str
176	tex.base	H32F32	0i1	6000001000e00000000000000000000000	STD	str
176	tex.base	H32I32	0i1	6000001000e00000000000000000000000	STD	str
176	tex.base	F16F32	0i1s	6000001000e00000000000000000000000	STD	str
176	tex.base	F16I32	0i1s	6000001000e00000000000000000000000	STD	str
176	tex.base	H32F32	0i1s	6000001000e00000000000000000000000	STD	str
176	tex.base	H32I32	0i1s	6000001000e00000000000000000000000	STD	str
176	tex.base	F16F32	0i1sl	6000001000e00000000000000000000000	STD	str
176	tex.base	H32F32	0i1sl	6000001000e00000000000000000000000	STD	str
176	tex.base	F16F32	0i1l	6000001000e00000000000000000000000	STD	str
176	tex.base	H32F32	0i1l	6000001000e00000000000000000000000	STD	str
176	tex.base	F32F32	0ii1	6000001000e00000000000000000000000	STD	str
176	tex.base	F32I32	0ii1	6000001000e00000000000000000000000	STD	str
176	tex.base	I32F32	0ii1	6000001000e00000000000000000000000	STD	str
176	tex.base	I32I32	0ii1	6000001000e00000000000000000000000	STD	str
176	tex.base	F32F32	0ii1s	6000001000e00000000000000000000000	STD	str
176	tex.base	F32I32	0ii1s	6000001000e00000000000000000000000	STD	str
176	tex.base	I32F32	0ii1s	6000001000e00000000000000000000000	STD	str
176	tex.base	I32I32	0ii1s	6000001000e00000000000000000000000	STD	str
176	tex.base	F32F32	0ii1sl	6000001000e00000000000000000000000	STD	str
176	tex.base	I32F32	0ii1sl	6000001000e00000000000000000000000	STD	str
176	tex.base	F32F32	0ii1l	6000001000e00000000000000000000000	STD	str
176	tex.base	I32F32	0ii1l	6000001000e00000000000000000000000	STD	str
176	tex.base	F16F32	0ii1	6000001000e00000000000000000000000	STD	str
176	tex.base	F16I32	0ii1	6000001000e00000000000000000000000	STD	str
176	tex.base	H32F32	0ii1	6000001000e00000000000000000000000	STD	str
176	tex.base	H32I32	0ii1	6000001000e00000000000000000000000	STD	str
176	tex.base	F16F32	0ii1s	6000001000e00000000000000000000000	STD	str
176	tex.base	F16I32	0ii1s	6000001000e00000000000000000000000	STD	str
176	tex.base	H32F32	0ii1s	6000001000e00000000000000000000000	STD	str
176	tex.base	H32I32	0ii1s	6000001000e00000000000000000000000	STD	str
176	tex.base	F16F32	0ii1sl	6000001000e00000000000000000000000	STD	str
176	tex.base	H32F32	0ii1sl	6000001000e00000000000000000000000	STD	str
176	tex.base	F16F32	0ii1l	6000001000e00000000000000000000000	STD	str
176	tex.base	H32F32	0ii1l	6000001000e00000000000000000000000	STD	str
177	tex.level	F32F32	0i11	6000001000e00000000000000000000000	STD	str
177	tex.level	F32I32	0i11	6000001000e00000000000000000000000	STD	str
177	tex.level	I32F32	0i11	6000001000e00000000000000000000000	STD	str
177	tex.level	I32I32	0i11	6000001000e00000000000000000000000	STD	str
177	tex.level	F32F32	0i11s	6000001000e00000000000000000000000	STD	str
177	tex.level	F32I32	0i11s	6000001000e00000000000000000000000	STD	str
177	tex.level	I32F32	0i11s	6000001000e00000000000000000000000	STD	str
177	tex.level	I32I32	0i11s	6000001000e00000000000000000000000	STD	str
177	tex.level	F32F32	0i11sl	6000001000e00000000000000000000000	STD	str
177	tex.level	I32F32	0i11sl	6000001000e00000000000000000000000	STD	str
177	tex.level	F32F32	0i11l	6000001000e00000000000000000000000	STD	str
177	tex.level	I32F32	0i11l	6000001000e00000000000000000000000	STD	str
177	tex.level	F16F32	0i11	6000001000e00000000000000000000000	STD	str
177	tex.level	F16I32	0i11	6000001000e00000000000000000000000	STD	str
177	tex.level	H32F32	0i11	6000001000e00000000000000000000000	STD	str
177	tex.level	H32I32	0i11	6000001000e00000000000000000000000	STD	str
177	tex.level	F16F32	0i11s	6000001000e00000000000000000000000	STD	str
177	tex.level	F16I32	0i11s	6000001000e00000000000000000000000	STD	str
177	tex.level	H32F32	0i11s	6000001000e00000000000000000000000	STD	str
177	tex.level	H32I32	0i11s	6000001000e00000000000000000000000	STD	str
177	tex.level	F16F32	0i11sl	6000001000e00000000000000000000000	STD	str
177	tex.level	H32F32	0i11sl	6000001000e00000000000000000000000	STD	str
177	tex.level	F16F32	0i11l	6000001000e00000000000000000000000	STD	str
177	tex.level	H32F32	0i11l	6000001000e00000000000000000000000	STD	str
177	tex.level	F32F32	0ii11	6000001000e00000000000000000000000	STD	str
177	tex.level	F32I32	0ii11	6000001000e00000000000000000000000	STD	str
177	tex.level	I32F32	0ii11	6000001000e00000000000000000000000	STD	str
177	tex.level	I32I32	0ii11	6000001000e00000000000000000000000	STD	str
177	tex.level	F32F32	0ii11s	6000001000e00000000000000000000000	STD	str
177	tex.level	F32I32	0ii11s	6000001000e00000000000000000000000	STD	str
177	tex.level	I32F32	0ii11s	6000001000e00000000000000000000000	STD	str
177	tex.level	I32I32	0ii11s	6000001000e00000000000000000000000	STD	str
177	tex.level	F32F32	0ii11sl	6000001000e00000000000000000000000	STD	str
177	tex.level	I32F32	0ii11sl	6000001000e00000000000000000000000	STD	str
177	tex.level	F32F32	0ii11l	6000001000e00000000000000000000000	STD	str
177	tex.level	I32F32	0ii11l	6000001000e00000000000000000000000	STD	str
177	tex.level	F16F32	0ii11	6000001000e00000000000000000000000	STD	str
177	tex.level	F16I32	0ii11	6000001000e00000000000000000000000	STD	str
177	tex.level	H32F32	0ii11	6000001000e00000000000000000000000	STD	str
177	tex.level	H32I32	0ii11	6000001000e00000000000000000000000	STD	str
177	tex.level	F16F32	0ii11s	6000001000e00000000000000000000000	STD	str
177	tex.level	F16I32	0ii11s	6000001000e00000000000000000000000	STD	str
177	tex.level	H32F32	0ii11s	6000001000e00000000000000000000000	STD	str
177	tex.level	H32I32	0ii11s	6000001000e00000000000000000000000	STD	str
177	tex.level	F16F32	0ii11sl	6000001000e00000000000000000000000	STD	str
177	tex.level	H32F32	0ii11sl	6000001000e00000000000000000000000	STD	str
177	tex.level	F16F32	0ii11l	6000001000e00000000000000000000000	STD	str
177	tex.level	H32F32	0ii11l	6000001000e00000000000000000000000	STD	str
178	tex.grad	F32F32	0i1ff	6000001000e00000000000000000000000	STD	str
178	tex.grad	F32I32	0i1ff	6000001000e00000000000000000000000	STD	str
178	tex.grad	I32F32	0i1ff	6000001000e00000000000000000000000	STD	str
178	tex.grad	I32I32	0i1ff	6000001000e00000000000000000000000	STD	str
178	tex.grad	F32F32	0i1ffs	6000001000e00000000000000000000000	STD	str
178	tex.grad	F32I32	0i1ffs	6000001000e00000000000000000000000	STD	str
178	tex.grad	I32F32	0i1ffs	6000001000e00000000000000000000000	STD	str
178	tex.grad	I32I32	0i1ffs	6000001000e00000000000000000000000	STD	str
178	tex.grad	F32F32	0i1ffl	6000001000e00000000000000000000000	STD	str
178	tex.grad	I32F32	0i1ffl	6000001000e00000000000000000000000	STD	str
178	tex.grad	F32F32	0i1ffsl	6000001000e00000000000000000000000	STD	str
178	tex.grad	I32F32	0i1ffsl	6000001000e00000000000000000000000	STD	str
178	tex.grad	F16F32	0i1ff	6000001000e00000000000000000000000	STD	str
178	tex.grad	F16I32	0i1ff	6000001000e00000000000000000000000	STD	str
178	tex.grad	H32F32	0i1ff	6000001000e00000000000000000000000	STD	str
178	tex.grad	H32I32	0i1ff	6000001000e00000000000000000000000	STD	str
178	tex.grad	F16F32	0i1ffs	6000001000e00000000000000000000000	STD	str
178	tex.grad	F16I32	0i1ffs	6000001000e00000000000000000000000	STD	str
178	tex.grad	H32F32	0i1ffs	6000001000e00000000000000000000000	STD	str
178	tex.grad	H32I32	0i1ffs	6000001000e00000000000000000000000	STD	str
178	tex.grad	F16F32	0i1ffl	6000001000e00000000000000000000000	STD	str
178	tex.grad	H32F32	0i1ffl	6000001000e00000000000000000000000	STD	str
178	tex.grad	F16F32	0i1ffsl	6000001000e00000000000000000000000	STD	str
178	tex.grad	H32F32	0i1ffsl	6000001000e00000000000000000000000	STD	str
178	tex.grad	F32F32	0ii1ff	6000001000e00000000000000000000000	STD	str
178	tex.grad	F32I32	0ii1ff	6000001000e00000000000000000000000	STD	str
178	tex.grad	I32F32	0ii1ff	6000001000e00000000000000000000000	STD	str
178	tex.grad	I32I32	0ii1ff	6000001000e00000000000000000000000	STD	str
178	tex.grad	F32F32	0ii1ffs	6000001000e00000000000000000000000	STD	str
178	tex.grad	F32I32	0ii1ffs	6000001000e00000000000000000000000	STD	str
178	tex.grad	I32F32	0ii1ffs	6000001000e00000000000000000000000	STD	str
178	tex.grad	I32I32	0ii1ffs	6000001000e00000000000000000000000	STD	str
178	tex.grad	F32F32	0ii1ffl	6000001000e00000000000000000000000	STD	str
178	tex.grad	I32F32	0ii1ffl	6000001000e00000000000000000000000	STD	str
178	tex.grad	F32F32	0ii1ffsl	6000001000e00000000000000000000000	STD	str
178	tex.grad	I32F32	0ii1ffsl	6000001000e00000000000000000000000	STD	str
178	tex.grad	F16F32	0ii1ff	6000001000e00000000000000000000000	STD	str
178	tex.grad	F16I32	0ii1ff	6000001000e00000000000000000000000	STD	str
178	tex.grad	H32F32	0ii1ff	6000001000e00000000000000000000000	STD	str
178	tex.grad	H32I32	0ii1ff	6000001000e00000000000000000000000	STD	str
178	tex.grad	F16F32	0ii1ffs	6000001000e00000000000000000000000	STD	str
178	tex.grad	F16I32	0ii1ffs	6000001000e00000000000000000000000	STD	str
178	tex.grad	H32F32	0ii1ffs	6000001000e00000000000000000000000	STD	str
178	tex.grad	H32I32	0ii1ffs	6000001000e00000000000000000000000	STD	str
178	tex.grad	F16F32	0ii1ffl	6000001000e00000000000000000000000	STD	str
178	tex.grad	H32F32	0ii1ffl	6000001000e00000000000000000000000	STD	str
178	tex.grad	F16F32	0ii1ffsl	6000001000e00000000000000000000000	STD	str
178	tex.grad	H32F32	0ii1ffsl	6000001000e00000000000000000000000	STD	str
179	istypep	O	PU	2000000000000000000000000000000000	STD	str
180	tld4	I32F32	0i1	6000001000e00080000000000000000000	STD	str
180	tld4	F32F32	0i1	6000001000e00080000000000000000000	STD	str
180	tld4	I32F32	0ii1	6000001000e00080000000000000000000	STD	str
180	tld4	F32F32	0ii1	6000001000e00080000000000000000000	STD	str
180	tld4	I32F32	0i1s	6000001000e00080000000000000000000	STD	str
180	tld4	F32F32	0i1s	6000001000e00080000000000000000000	STD	str
180	tld4	I32F32	0ii1s	6000001000e00080000000000000000000	STD	str
180	tld4	F32F32	0ii1s	6000001000e00080000000000000000000	STD	str
180	tld4	I32F32	0i1l	6000001000e00080000000000000000000	STD	str
180	tld4	F32F32	0i1l	6000001000e00080000000000000000000	STD	str
180	tld4	I32F32	0ii1l	6000001000e00080000000000000000000	STD	str
180	tld4	F32F32	0ii1l	6000001000e00080000000000000000000	STD	str
180	tld4	I32F32	0i1sl	6000001000e00080000000000000000000	STD	str
180	tld4	F32F32	0i1sl	6000001000e00080000000000000000000	STD	str
180	tld4	I32F32	0ii1sl	6000001000e00080000000000000000000	STD	str
180	tld4	F32F32	0ii1sl	6000001000e00080000000000000000000	STD	str
181	txq	B32	0i	2000000000000000070000000000000000	STD	str
182	txq.level	B32	0is	2000000000000000040000000000000000	STD	str
183	suq	B32	0i	2000000000000000010000000000000000	STD	str
184	suld.b	B[8|16|32|64]	0is	2000000042e00000000200000000000000	STD	str
185	sust.b	B[8|16|32|64]	is0	0000000042e00000000200000000000000	STD	str
186	sust.p	B32	is0	0000000042e00000000200000000000000	STD	str
187	sured.b	B32	is0	0000000002c00000400200000000000000	STD	str
187	sured.b	I[32|64]	is0	0000000002c00000200200000000000000	STD	str
188	sured.p	B32	is0	0000000002c00000400200000000000000	STD	str
188	sured.p	B64	is0	0000000002c00000400200000000000000	STD	str
189	_sulea.b	B[8|16|32|64]	Uis	2000000000e00000000200000000000000	STD	str
190	_sulea.p		Uis	2000000000c00000000200000000000000	STD	str
189	_sulea.b	B[8|16|32|64]	Pis	2000000000e00000000200000000000000	STD	str
190	_sulea.p		Pis	2000000000c00000000200000000000000	STD	str
191	_checkfp.divide	F32	P00	2000000000000000000000000000000000	STD	str
192	_warpsync		u	2000000000000000000000000000000000	STD	str
193	bra		T	0000003000000000000000000000000000	STD	str
194	griddepcontrol			0000000000000000000000000000000200	STD	str
193	bra		Tu	0000007000000000000000000000000000	STD	str
195	brx.idx		uS	0000001000000000000000000000000000	STD	str
196	_gen_proto		T	0000001000000000000000000000000000	STD	str
197	_jcall		T	0000001000000000000000000000000000	STD	str
198	call		T	0000001000000000000000000000000000	STD	str
198	call		TA	0000001000000000000000000000000000	STD	str
198	call		AT	0000001000000000000000000000000000	STD	str
198	call		ATA	0000001000000000000000000000000000	STD	str
198	call		TS	0000001000000000000000000000000000	STD	str
198	call		TAS	0000001000000000000000000000000000	STD	str
198	call		ATS	0000001000000000000000000000000000	STD	str
198	call		ATAS	0000001000000000000000000000000000	STD	str
199	ret			0000001000000000000000000000000000	STD	str
200	#30292999			1800000000000000000000000000000000	STD	tok
201	bar		u	0000000000000000000022000000000000	STD	str
201	bar		uu	0000000000000000000022000000000000	STD	str
202	barrier		u	0000000000000000000042000000000000	STD	str
202	barrier		uu	0000000000000000000042000000000000	STD	str
203	bar.arrive		uu	0000000000000000000020000000000000	STD	str
204	#30443349		uu	0000000000000000000040000000000000	STD	tok
205	bar.warp		u	0000004000000000000042000000000000	STD	str
206	bar.red	I32	0uP	2000000000000000200020000000000000	STD	str
206	bar.red	I32	0uuP	2000000000000000200020000000000000	STD	str
206	bar.red	P	0uP	2000000000000000400020000000000000	STD	str
206	bar.red	P	0uuP	2000000000000000400020000000000000	STD	str
207	barrier.red	I32	0uP	2000000000000000200040000000000000	STD	str
207	barrier.red	I32	0uuP	2000000000000000200040000000000000	STD	str
207	barrier.red	P	0uP	2000000000000000400040000000000000	STD	str
207	barrier.red	P	0uuP	2000000000000000400040000000000000	STD	str
208	bar.cta		u	0000000000000000000002000000000000	STD	str
208	bar.cta		uu	0000000000000000000002000000000000	STD	str
209	barrier.cta		u	0000000000000000000042000000000000	STD	str
209	barrier.cta		uu	0000000000000000000042000000000000	STD	str
210	bar.cta.arrive		uu	0000000000000000000042000000000000	STD	str
211	barrier.cta.arrive		uu	0000000000000000000040000000000000	STD	str
212	bar.cta.red	I32	0uP	2000000000000000200000000000000000	STD	str
212	bar.cta.red	I32	0uuP	2000000000000000200000000000000000	STD	str
212	bar.cta.red	P	0uP	2000000000000000400000000000000000	STD	str
212	bar.cta.red	P	0uuP	2000000000000000400000000000000000	STD	str
213	barrier.cta.red	I32	0uP	2000000000000000200040000000000000	STD	str
213	barrier.cta.red	I32	0uuP	2000000000000000200040000000000000	STD	str
213	barrier.cta.red	P	0uP	2000000000000000400040000000000000	STD	str
213	barrier.cta.red	P	0uuP	2000000000000000400040000000000000	STD	str
214	barrier.cluster.arrive			0000000080000000000040000000000000	STD	str
215	barrier.cluster.wait			0000000080000000000040000000000000	STD	str
216	membar			00000000c0100000000000000000000000	STD	str
217	#30442976			0000000080100000000000000000800100	STD	tok
218	fence.proxy			0000000088110000000000000000200100	STD	str
218	fence.proxy		MC	0000000080110000000000000000000000	STD	str
219	membar.proxy			0000000000000000000000000000200000	STD	str
220	tensormap.cp_fenceproxy		MMC	0000000090110000000042000000000000	STD	str
34	atom	F32	0M0	2000000088300000100000000000000000	STD	str
34	atom	H32	0M0	2004000088300000100000000000000000	STD	str
34	atom	F64	0M0	2000000088100000100000000000000000	STD	str
34	atom	I[32|64]	0M0	2000000088100000200000000000000000	STD	str
34	atom	B[32|64]	0M0	2000000088100000400000000000000000	STD	str
34	atom	B[32|64]	0M00	2000000088100000000100000000000000	STD	str
34	atom	B128	0M0	2000000088100000400000000000000000	STD	str
34	atom	B128	0M00	2000000088100000000100000000000000	STD	str
34	atom	B128	0M0U	2000000088100000400000000000080000	STD	str
34	atom	F16	0M0	2004000088300000100000000000000000	STD	str
34	atom	B16	0M00	2000000088100000000100000000000000	STD	str
34	atom	H32	0M0U	2004000088300000100000000000080000	STD	str
34	atom	F16	0M0U	2004000088300000100000000000080000	STD	str
34	atom	F32	0M0U	2000000088300000100000000000080000	STD	str
34	atom	F64	0M0U	2000000088100000100000000000080000	STD	str
34	atom	I[32|64]	0M0U	2000000088100000200000000000080000	STD	str
34	atom	B[32|64]	0M0U	2000000088100000400000000000080000	STD	str
34	atom	E16	xMx	2004000088300000100000000000000000	STD	str
34	atom	E32	dMd	2004000088300000100000000000000000	STD	str
34	atom	E16	xMxU	2004000088300000100000000000080000	STD	str
34	atom	E32	dMdU	2004000088300000100000000000080000	STD	str
35	red	F32	M0	0000000088300000100000000000000000	STD	tok
35	red	H32	M0	0004000088300000100000000000000000	STD	tok
35	red	F64	M0	0000000088100000100000000000000000	STD	tok
35	red	I[32|64]	M0	0000000088100000200000000000000000	STD	tok
35	red	B[32|64]	M0	0000000088100000400000000000000000	STD	tok
35	red	F16	M0	0004000088300000100000000000000000	STD	tok
35	red	H32	M0U	0004000088300000100000000000080000	STD	tok
35	red	F16	M0U	0004000088300000100000000000080000	STD	tok
35	red	F32	M0U	0000000088300000100000000000080000	STD	tok
35	red	F64	M0U	0000000088100000100000000000080000	STD	tok
35	red	I[32|64]	M0U	0000000088100000200000000000080000	STD	tok
35	red	B[32|64]	M0U	0000000088100000400000000000080000	STD	tok
35	red	E16	Mx	0004000088300000100000000000000000	STD	tok
35	red	E32	Md	0004000088300000100000000000000000	STD	tok
35	red	E16	MxU	0004000088300000100000000000080000	STD	tok
35	red	E32	MdU	0004000088300000100000000000080000	STD	tok
221	_match	B[32|64]	u0	6000000000000000080000000000000000	STD	str
222	#30444069	B[32|64]	u0u	6000004000000000080042000000000000	STD	tok
223	vote	P	00	2000000000000000080000000000000000	STD	str
223	vote	B32	0P	2000000000000000080000000000000000	STD	str
223	vote	P	00u	2000004000000000080042000000000000	STD	str
223	vote	B32	0Pu	2000004000000000080042000000000000	STD	str
224	redux	B32	uuu	2100004000000000800042000000000000	STD	str
224	redux	I32	uuu	2100004000000000800042000000000000	STD	str
224	redux	F32	00u	2100004000000000800042000002040000	STD	str
225	activemask	B32	0	2000000000000000000000000000000000	STD	str
226	mbarrier.init	B64	Mu	0000000008000000000000000000000000	STD	str
227	mbarrier.inval	B64	M	0000000008000000000000000000000000	STD	str
228	#30443348	B64	UM	2000000088100000000000000000000000	STD	tok
228	#30443348	B64	UMs	2000000088100000000008000000000000	STD	tok
229	mbarrier.test_wait	B64	PMU	2000000088100000000000000000000000	STD	str
230	mbarrier.arrive_drop	B64	UM	2000000088100000000000000000000000	STD	str
230	mbarrier.arrive_drop	B64	UMs	2000000088100000000008000000000000	STD	str
231	mbarrier.pending_count	B64	uU	2000000000000000000000000000000000	STD	str
232	mbarrier.test_wait.parity	B64	PMu	2000000088100000000000000000000000	STD	str
233	mbarrier.try_wait	B64	PMU	2000000088100000000000000000000000	STD	str
234	mbarrier.try_wait.parity	B64	PMu	2000000088100000000000000000000000	STD	str
233	mbarrier.try_wait	B64	PMUu	2000000088100000000000000000000000	STD	str
234	mbarrier.try_wait.parity	B64	PMuu	2000000088100000000000000000000000	STD	str
235	mbarrier.complete_tx	B64	Mu	0000000088100000000000000000000000	STD	str
236	setmaxnreg.inc	I32	C	0000000000000000000042000000000000	STD	str
237	setmaxnreg.dec	I32	C	0000000000000000000042000000000000	STD	str
238	elect		uu	6000000000000000000042000000000000	STD	str
239	trap			6000000000000000000042000000000000	STD	str
240	brkpt			6000000000000000000042000000000000	STD	str
241	pmevent		C	6000000000000000000042000000000000	STD	str
242	pmevent.mask		C	6000000000000000000042000000000000	STD	str
243	nanosleep	I32	u	6000000000000000000042000000000000	STD	str
244	clusterlaunchcontrol.try_cancel.async	B128	MM	0000000008000011000000000000000000	STD	str
245	clusterlaunchcontrol.query_cancel	PB128	P1	2000000000000000000000000000000400	STD	str
245	clusterlaunchcontrol.query_cancel	B32B128	01	2000000000200000000000000000000400	STD	str
246	vadd	I32I32I32	012	0000400000000000000000000000000000	STD	str
247	vsub	I32I32I32	012	0000400000000000000000000000000000	STD	str
248	vabsdiff	I32I32I32	012	0000400000000000000000000000000000	STD	str
249	vmin	I32I32I32	012	0000400000000000000000000000000000	STD	str
250	vmax	I32I32I32	012	0000400000000000000000000000000000	STD	str
246	vadd	I32I32I32	0120	0000400000000000800000000000000000	STD	str
247	vsub	I32I32I32	0120	0000400000000000800000000000000000	STD	str
248	vabsdiff	I32I32I32	0120	0000400000000000800000000000000000	STD	str
249	vmin	I32I32I32	0120	0000400000000000800000000000000000	STD	str
250	vmax	I32I32I32	0120	0000400000000000800000000000000000	STD	str
251	vshl	I32I32I32	012	0000400000000000000200000000000000	STD	str
252	vshr	I32I32I32	012	0000400000000000000200000000000000	STD	str
251	vshl	I32I32I32	0120	0000400000000000800200000000000000	STD	str
252	vshr	I32I32I32	0120	0000400000000000800200000000000000	STD	str
253	vmad	I32I32I32	0120	0000400000000000000c00000000000000	STD	str
254	vset	I32I32	u01	0400000000000000000000000000000000	STD	str
254	vset	I32I32	u01u	0400000000000000800000000000000000	STD	str
255	vadd2	I32I32I32	0120	0000400000000000800000000000000000	STD	str
256	vsub2	I32I32I32	0120	0000400000000000800000000000000000	STD	str
257	vavrg2	I32I32I32	0120	0000400000000000800000000000000000	STD	str
258	vabsdiff2	I32I32I32	0120	0000400000000000800000000000000000	STD	str
259	vmin2	I32I32I32	0120	0000400000000000800000000000000000	STD	str
260	vmax2	I32I32I32	0120	0000400000000000800000000000000000	STD	str
261	vset2	I32I32	u01u	0400000000000000800000000000000000	STD	str
262	vadd4	I32I32I32	0120	0000400000000000800000000000000000	STD	str
263	vsub4	I32I32I32	0120	0000400000000000800000000000000000	STD	str
264	vavrg4	I32I32I32	0120	0000400000000000800000000000000000	STD	str
265	vabsdiff4	I32I32I32	0120	0000400000000000800000000000000000	STD	str
266	vmin4	I32I32I32	0120	0000400000000000800000000000000000	STD	str
267	vmax4	I32I32I32	0120	0000400000000000800000000000000000	STD	str
268	vset4	I32I32	u01u	0400000000000000800000000000000000	STD	str
1	mad.fused.hi	I32	000U	2000800000000000000000000000000000	EXT	str
2	madc.fused.hi	I32	000U	2000800000000000000000000000000000	EXT	str
3	tanh	F16	00	a000000200000000000000000000000000	EXT	str
3	tanh	F32	00	a000000000000000000000000000000000	EXT	str
3	tanh	H32	00	a000000200000000000000000000000000	EXT	str
4	ex2	F16	00	a002000200000000000000000000000000	EXT	str
4	ex2	H32	00	a002000200000000000000000000000000	EXT	str
5	p2r	B32	uQC	2000000000000000000000000000000000	EXT	str
5	p2r	B32	uQCu	2000000000000000000000000000000000	EXT	str
6	r2p	B32	QuC	2000000000000000000000000000000000	EXT	str
7	ld	F	0MU	60000000ca3c0000000000100001000000	EXT	str
7	ld	I[8|16|32|64]	0MU	60000000ca3c0000000000100001000000	EXT	str
7	ld	B[8|16|32|64]	0MU	60000000ca3c0000000000100001000000	EXT	str
8	st	F	M0U	00000000ca380000000000000001000000	EXT	str
8	st	I[8|16|32|64]	M0U	00000000ca380000000000000001000000	EXT	str
8	st	B[8|16|32|64]	M0U	00000000ca380000000000000001000000	EXT	str
9	cachepolicy		M	00000000080c0000000000000000000000	EXT	str
10	cvt	F16F32	01	2011000202000000000000000000000000	EXT	str
10	cvt	H32F32	011	2011000202000000000000000000000000	EXT	str
10	cvt	E16F32	x1	2013000200000000000000000000000000	EXT	str
10	cvt	E32F32	d11	2011000200000000000000000000000000	EXT	str
10	cvt	F32E16	0x	2002000200000000000000000000000000	EXT	str
11	mma	F16F16F16F16	hhhhdC	2000000000200000000042041000000000	EXT	str
11	mma	F32F16F16F32	dhhddC	2000000000200000000042041000000000	EXT	str
11	mma	F32F32	dddddC	2000000000200000000042041000000000	EXT	str
11	mma	I32I8I8I32	sddsdC	2010000000200000000042041000000000	EXT	str
11	mma	I32I32	sddsdC	2010000000200000000042041000000000	EXT	str
12	_mma	F16F16	hhhh	2018000000200000000000040000000000	EXT	str
12	_mma	F32F16	fhhh	2018000000200000000000040000000000	EXT	str
12	_mma	F32F32	fhhf	2018000000200000000000040000000000	EXT	str
12	_mma	F16F32	VVVV	2018000000200000000000040000000000	EXT	str
12	_mma	I8I8	ssss	2018000000200000000000040000000000	EXT	str
12	_mma		sdds	2018000000200000000000040000000000	EXT	str
12	_mma	I32I32	sdds	2100000000200000800000040000000000	EXT	str
12	_mma	F64F64F64F64	0123	2000000200200000000000040000000000	EXT	str
12	_mma	F16F16F16F16	hhhhdC	2010000000200000000000043800000000	EXT	str
12	_mma	F32F16F16F32	dhhddC	2010000000200000000000043800000000	EXT	str
12	_mma	F32F32	dddddC	2010000000200000000000043800000000	EXT	str
12	_mma	I32I8I8I32	sddsdC	2010000000200000000000043800000000	EXT	str
12	_mma	I32I32	sddsdC	2010000000200000000000043800000000	EXT	str
12	_mma	I32I8I8I32	sdds	2010000000200000000000040000000000	EXT	str
12	_mma	I32I32	sdds	2010000000200000000000040000000000	EXT	str
12	_mma	F16Q8Q8F16	hddh	2000000000200000000000040000000000	EXT	str
12	_mma	F32Q8Q8F32	fddf	2000000000200000000000040000000000	EXT	str
12	_mma	F16Q8Q8F16	hddhdC	2000000000200000000000043800000000	EXT	str
12	_mma	F32Q8Q8F32	fddfdC	2000000000200000000000043800000000	EXT	str
13	_mma.warpgroup	F16F16F16F16	hUUh	20000000002000000000000400f8000000	EXT	str
13	_mma.warpgroup	F32F16F16F32	fUUf	20000000002000000000000400f8000000	EXT	str
13	_mma.warpgroup	F16F16F16F16	hUhh	20000000002000000000000400d8000000	EXT	str
13	_mma.warpgroup	F32F16F16F32	fUhf	20000000002000000000000400d8000000	EXT	str
13	_mma.warpgroup	F16F16F16F16	hhUh	20000000002000000000000400f0000000	EXT	str
13	_mma.warpgroup	F32F16F16F32	fhUf	20000000002000000000000400f0000000	EXT	str
13	_mma.warpgroup	F16F16F16F16	hUUhP	2000000000200000000000040078010000	EXT	str
13	_mma.warpgroup	F32F16F16F32	fUUfP	2000000000200000000000040078010000	EXT	str
13	_mma.warpgroup	F16F16F16F16	hUhhP	2000000000200000000000040058010000	EXT	str
13	_mma.warpgroup	F32F16F16F32	fUhfP	2000000000200000000000040058010000	EXT	str
13	_mma.warpgroup	F16F16F16F16	hhUhP	2000000000200000000000040070010000	EXT	str
13	_mma.warpgroup	F32F16F16F32	fhUfP	2000000000200000000000040070010000	EXT	str
13	_mma.warpgroup	F16F16F16F16	hUUhu	20000000002000000000000400f8000000	EXT	str
13	_mma.warpgroup	F32F16F16F32	fUUfu	20000000002000000000000400f8000000	EXT	str
13	_mma.warpgroup	F16F16F16F16	hUhhu	20000000002000000000000400d8000000	EXT	str
13	_mma.warpgroup	F32F16F16F32	fUhfu	20000000002000000000000400d8000000	EXT	str
13	_mma.warpgroup	F16F16F16F16	hhUhu	20000000002000000000000400f0000000	EXT	str
13	_mma.warpgroup	F32F16F16F32	fhUfu	20000000002000000000000400f0000000	EXT	str
14	_warpgroup.arrive			0000000000000000000000000000000000	EXT	str
15	_warpgroup.commit_batch			0000000000000000000000000000000000	EXT	str
16	_warpgroup.wait			0000000000000000000000000000000000	EXT	str
16	_warpgroup.wait		u	0000000000000000000000000000000000	EXT	str
13	_mma.warpgroup	F32E16E16F32	fUUf	20000000002000000000000400f8000000	EXT	str
13	_mma.warpgroup	F32E16E16F32	fUdf	20000000002000000000000400d8000000	EXT	str
13	_mma.warpgroup	F32E16E16F32	fdUf	20000000002000000000000400f0000000	EXT	str
13	_mma.warpgroup	F32T32T32F32	fUUf	20000000002000000000000400f8000000	EXT	str
13	_mma.warpgroup	F32T32T32F32	fUdf	20000000002000000000000400d8000000	EXT	str
13	_mma.warpgroup	F32T32T32F32	fdUf	20000000002000000000000400f0000000	EXT	str
13	_mma.warpgroup	F32E16E16F32	fUUfP	2000000000200000000000040078010000	EXT	str
13	_mma.warpgroup	F32E16E16F32	fUdfP	2000000000200000000000040058010000	EXT	str
13	_mma.warpgroup	F32E16E16F32	fdUfP	2000000000200000000000040070010000	EXT	str
13	_mma.warpgroup	F32T32T32F32	fUUfP	2000000000200000000000040078010000	EXT	str
13	_mma.warpgroup	F32T32T32F32	fUdfP	2000000000200000000000040058010000	EXT	str
13	_mma.warpgroup	F32T32T32F32	fdUfP	2000000000200000000000040070010000	EXT	str
13	_mma.warpgroup	F32E16E16F32	fUUfu	20000000002000000000000400f8000000	EXT	str
13	_mma.warpgroup	F32E16E16F32	fUdfu	20000000002000000000000400d8000000	EXT	str
13	_mma.warpgroup	F32E16E16F32	fdUfu	20000000002000000000000400f0000000	EXT	str
13	_mma.warpgroup	F32T32T32F32	fUUfu	20000000002000000000000400f8000000	EXT	str
13	_mma.warpgroup	F32T32T32F32	fUdfu	20000000002000000000000400d8000000	EXT	str
13	_mma.warpgroup	F32T32T32F32	fdUfu	20000000002000000000000400f0000000	EXT	str
13	_mma.warpgroup	F16F16F16F16	hUUhdC	20000000002000000000000438f8000000	EXT	str
13	_mma.warpgroup	F32F16F16F32	fUUfdC	20000000002000000000000438f8000000	EXT	str
13	_mma.warpgroup	F16F16F16F16	hUhhdC	20000000002000000000000438d8000000	EXT	str
13	_mma.warpgroup	F32F16F16F32	fUhfdC	20000000002000000000000438d8000000	EXT	str
13	_mma.warpgroup	F16F16F16F16	hhUhdC	20000000002000000000000438f0000000	EXT	str
13	_mma.warpgroup	F32F16F16F32	fhUfdC	20000000002000000000000438f0000000	EXT	str
13	_mma.warpgroup	F16F16F16F16	hUUhdCP	2000000000200000000000043878010000	EXT	str
13	_mma.warpgroup	F32F16F16F32	fUUfdCP	2000000000200000000000043878010000	EXT	str
13	_mma.warpgroup	F16F16F16F16	hUhhdCP	2000000000200000000000043858010000	EXT	str
13	_mma.warpgroup	F32F16F16F32	fUhfdCP	2000000000200000000000043858010000	EXT	str
13	_mma.warpgroup	F16F16F16F16	hhUhdCP	2000000000200000000000043870010000	EXT	str
13	_mma.warpgroup	F32F16F16F32	fhUfdCP	2000000000200000000000043870010000	EXT	str
13	_mma.warpgroup	F16F16F16F16	hUUhdCu	20000000002000000000000438f8000000	EXT	str
13	_mma.warpgroup	F32F16F16F32	fUUfdCu	20000000002000000000000438f8000000	EXT	str
13	_mma.warpgroup	F16F16F16F16	hUhhdCu	20000000002000000000000438d8000000	EXT	str
13	_mma.warpgroup	F32F16F16F32	fUhfdCu	20000000002000000000000438d8000000	EXT	str
13	_mma.warpgroup	F16F16F16F16	hhUhdCu	20000000002000000000000438f0000000	EXT	str
13	_mma.warpgroup	F32F16F16F32	fhUfdCu	20000000002000000000000438f0000000	EXT	str
13	_mma.warpgroup	F32E16E16F32	fUUfdC	20000000002000000000000438f8000000	EXT	str
13	_mma.warpgroup	F32E16E16F32	fUdfdC	20000000002000000000000438d8000000	EXT	str
13	_mma.warpgroup	F32E16E16F32	fdUfdC	20000000002000000000000438f0000000	EXT	str
13	_mma.warpgroup	F32T32T32F32	fUUfdC	20000000002000000000000438f8000000	EXT	str
13	_mma.warpgroup	F32T32T32F32	fUdfdC	20000000002000000000000438d8000000	EXT	str
13	_mma.warpgroup	F32T32T32F32	fdUfdC	20000000002000000000000438f0000000	EXT	str
13	_mma.warpgroup	F32E16E16F32	fUUfdCP	2000000000200000000000043878010000	EXT	str
13	_mma.warpgroup	F32E16E16F32	fUdfdCP	2000000000200000000000043858010000	EXT	str
13	_mma.warpgroup	F32E16E16F32	fdUfdCP	2000000000200000000000043870010000	EXT	str
13	_mma.warpgroup	F32T32T32F32	fUUfdCP	2000000000200000000000043878010000	EXT	str
13	_mma.warpgroup	F32T32T32F32	fUdfdCP	2000000000200000000000043858010000	EXT	str
13	_mma.warpgroup	F32T32T32F32	fdUfdCP	2000000000200000000000043870010000	EXT	str
13	_mma.warpgroup	F32E16E16F32	fUUfdCu	20000000002000000000000438f8000000	EXT	str
13	_mma.warpgroup	F32E16E16F32	fUdfdCu	20000000002000000000000438d8000000	EXT	str
13	_mma.warpgroup	F32E16E16F32	fdUfdCu	20000000002000000000000438f0000000	EXT	str
13	_mma.warpgroup	F32T32T32F32	fUUfdCu	20000000002000000000000438f8000000	EXT	str
13	_mma.warpgroup	F32T32T32F32	fUdfdCu	20000000002000000000000438d8000000	EXT	str
13	_mma.warpgroup	F32T32T32F32	fdUfdCu	20000000002000000000000438f0000000	EXT	str
13	_mma.warpgroup	F16Q8Q8F16	hUUh	20000000002000000000000400d0000000	EXT	str
13	_mma.warpgroup	F32Q8Q8F32	fUUf	20000000002000000000000400d0000000	EXT	str
13	_mma.warpgroup	F16Q8Q8F16	hUhh	20000000002000000000000400d0000000	EXT	str
13	_mma.warpgroup	F32Q8Q8F32	fUhf	20000000002000000000000400d0000000	EXT	str
13	_mma.warpgroup	F16Q8Q8F16	hhUh	20000000002000000000000400d0000000	EXT	str
13	_mma.warpgroup	F32Q8Q8F32	fhUf	20000000002000000000000400d0000000	EXT	str
13	_mma.warpgroup	F16Q8Q8F16	hUUhP	2000000000200000000000040050010000	EXT	str
13	_mma.warpgroup	F32Q8Q8F32	fUUfP	2000000000200000000000040050010000	EXT	str
13	_mma.warpgroup	F16Q8Q8F16	hUhhP	2000000000200000000000040050010000	EXT	str
13	_mma.warpgroup	F32Q8Q8F32	fUhfP	2000000000200000000000040050010000	EXT	str
13	_mma.warpgroup	F16Q8Q8F16	hhUhP	2000000000200000000000040050010000	EXT	str
13	_mma.warpgroup	F32Q8Q8F32	fhUfP	2000000000200000000000040050010000	EXT	str
13	_mma.warpgroup	F16Q8Q8F16	hUUhu	20000000002000000000000400d0000000	EXT	str
13	_mma.warpgroup	F32Q8Q8F32	fUUfu	20000000002000000000000400d0000000	EXT	str
13	_mma.warpgroup	F16Q8Q8F16	hUhhu	20000000002000000000000400d0000000	EXT	str
13	_mma.warpgroup	F32Q8Q8F32	fUhfu	20000000002000000000000400d0000000	EXT	str
13	_mma.warpgroup	F16Q8Q8F16	hhUhu	20000000002000000000000400d0000000	EXT	str
13	_mma.warpgroup	F32Q8Q8F32	fhUfu	20000000002000000000000400d0000000	EXT	str
13	_mma.warpgroup	F16Q8Q8F16	hUUhd	20000000002000000000000438d0000000	EXT	str
13	_mma.warpgroup	F32Q8Q8F32	fUUfd	20000000002000000000000438d0000000	EXT	str
13	_mma.warpgroup	F16Q8Q8F16	hUhhd	20000000002000000000000438d0000000	EXT	str
13	_mma.warpgroup	F32Q8Q8F32	fUhfd	20000000002000000000000438d0000000	EXT	str
13	_mma.warpgroup	F16Q8Q8F16	hhUhd	20000000002000000000000438d0000000	EXT	str
13	_mma.warpgroup	F32Q8Q8F32	fhUfd	20000000002000000000000438d0000000	EXT	str
13	_mma.warpgroup	F16Q8Q8F16	hUUhdP	2000000000200000000000043850010000	EXT	str
13	_mma.warpgroup	F32Q8Q8F32	fUUfdP	2000000000200000000000043850010000	EXT	str
13	_mma.warpgroup	F16Q8Q8F16	hUhhdP	2000000000200000000000043850010000	EXT	str
13	_mma.warpgroup	F32Q8Q8F32	fUhfdP	2000000000200000000000043850010000	EXT	str
13	_mma.warpgroup	F16Q8Q8F16	hhUhdP	2000000000200000000000043850010000	EXT	str
13	_mma.warpgroup	F32Q8Q8F32	fhUfdP	2000000000200000000000043850010000	EXT	str
13	_mma.warpgroup	F16Q8Q8F16	hUUhdu	20000000002000000000000438d0000000	EXT	str
13	_mma.warpgroup	F32Q8Q8F32	fUUfdu	20000000002000000000000438d0000000	EXT	str
13	_mma.warpgroup	F16Q8Q8F16	hUhhdu	20000000002000000000000438d0000000	EXT	str
13	_mma.warpgroup	F32Q8Q8F32	fUhfdu	20000000002000000000000438d0000000	EXT	str
13	_mma.warpgroup	F16Q8Q8F16	hhUhdu	20000000002000000000000438d0000000	EXT	str
13	_mma.warpgroup	F32Q8Q8F32	fhUfdu	20000000002000000000000438d0000000	EXT	str
13	_mma.warpgroup	I32I8I8I32	sUUs	2010000000200000000000040080000000	EXT	str
13	_mma.warpgroup	I32I8I8I32	sUds	2010000000200000000000040080000000	EXT	str
13	_mma.warpgroup	I32I8I8I32	sdUs	2010000000200000000000040080000000	EXT	str
13	_mma.warpgroup	I32I8I8I32	sUUsP	2010000000200000000000040000010000	EXT	str
13	_mma.warpgroup	I32I8I8I32	sUdsP	2010000000200000000000040000010000	EXT	str
13	_mma.warpgroup	I32I8I8I32	sdUsP	2010000000200000000000040000010000	EXT	str
13	_mma.warpgroup	I32I8I8I32	sUUsu	2010000000200000000000040080000000	EXT	str
13	_mma.warpgroup	I32I8I8I32	sUdsu	2010000000200000000000040080000000	EXT	str
13	_mma.warpgroup	I32I8I8I32	sdUsu	2010000000200000000000040080000000	EXT	str
13	_mma.warpgroup	I32I8I8I32	sUUsd	2010000000200000000000043880000000	EXT	str
13	_mma.warpgroup	I32I8I8I32	sUdsd	2010000000200000000000043880000000	EXT	str
13	_mma.warpgroup	I32I8I8I32	sdUsd	2010000000200000000000043880000000	EXT	str
13	_mma.warpgroup	I32I8I8I32	sUUsdP	2010000000200000000000043800010000	EXT	str
13	_mma.warpgroup	I32I8I8I32	sUdsdP	2010000000200000000000043800010000	EXT	str
13	_mma.warpgroup	I32I8I8I32	sdUsdP	2010000000200000000000043800010000	EXT	str
13	_mma.warpgroup	I32I8I8I32	sUUsdu	2010000000200000000000043880000000	EXT	str
13	_mma.warpgroup	I32I8I8I32	sUdsdu	2010000000200000000000043880000000	EXT	str
13	_mma.warpgroup	I32I8I8I32	sdUsdu	2010000000200000000000043880000000	EXT	str
13	_mma.warpgroup	I32B1B1I32	sUUs	2100000000200000800000040080000000	EXT	str
13	_mma.warpgroup	I32B1B1I32	sUds	2100000000200000800000040080000000	EXT	str
13	_mma.warpgroup	I32B1B1I32	sdUs	2100000000200000800000040080000000	EXT	str
13	_mma.warpgroup	I32B1B1I32	sUUsP	2100000000200000800000040000010000	EXT	str
13	_mma.warpgroup	I32B1B1I32	sUdsP	2100000000200000800000040000010000	EXT	str
13	_mma.warpgroup	I32B1B1I32	sdUsP	2100000000200000800000040000010000	EXT	str
13	_mma.warpgroup	I32B1B1I32	sUUsu	2100000000200000800000040080000000	EXT	str
13	_mma.warpgroup	I32B1B1I32	sUdsu	2100000000200000800000040080000000	EXT	str
13	_mma.warpgroup	I32B1B1I32	sdUsu	2100000000200000800000040080000000	EXT	str
17	cp.async.bulk.tensor		MMsM	0000000010400f10000000000000000000	EXT	str
17	cp.async.bulk.tensor		MMsMx	0000000010404f10000000000000000000	EXT	str
17	cp.async.bulk.tensor		MMsMx	0000000010408710000000000000000000	EXT	str
17	cp.async.bulk.tensor		MMsMxx	000000001040c710000000000000000000	EXT	str
17	cp.async.bulk.tensor		MsM	0000000010400310000000000000000000	EXT	str
18	cp.reduce.async.bulk.tensor		MsM	0000000010400310600000000000000000	EXT	str
17	cp.async.bulk.tensor		MMsMU	0000000010400f10000000000000080000	EXT	str
17	cp.async.bulk.tensor		MMsMxU	0000000010404f10000000000000080000	EXT	str
17	cp.async.bulk.tensor		MMsMxU	0000000010408710000000000000080000	EXT	str
17	cp.async.bulk.tensor		MMsMxxU	000000001040c710000000000000080000	EXT	str
17	cp.async.bulk.tensor		MsMU	0000000010400310000000000000080000	EXT	str
18	cp.reduce.async.bulk.tensor		MsMU	0000000010400310600000000000080000	EXT	str
19	cp.async.bulk		MMuMx	0000000010008010000000000000000000	EXT	str
19	cp.async.bulk		MMuMxU	0000000010008010000000000000080000	EXT	str
19	cp.async.bulk		MMuM	0000000010100018000000000000000000	EXT	str
19	cp.async.bulk		MMuMU	0000000010100018000000000000080000	EXT	str
19	cp.async.bulk		MMu	0000000010100018000000000000000000	EXT	str
19	cp.async.bulk		MMuU	0000000010100018000000000000080000	EXT	str
20	cp.reduce.async.bulk	I[32|64]	MMuM	0000000010000010200000000000000000	EXT	str
20	cp.reduce.async.bulk	B[32|64]	MMuM	0000000010000010400000000000000000	EXT	str
20	cp.reduce.async.bulk	I[32|64]	MMu	0000000010000010200000000000000000	EXT	str
20	cp.reduce.async.bulk	B[32|64]	MMu	0000000010000010400000000000000000	EXT	str
20	cp.reduce.async.bulk	F[32|64]	MMu	0000000010000010100000000000000000	EXT	str
20	cp.reduce.async.bulk	I[32|64]	MMuU	0000000010000010200000000000080000	EXT	str
20	cp.reduce.async.bulk	B[32|64]	MMuU	0000000010000010400000000000080000	EXT	str
20	cp.reduce.async.bulk	F[32|64]	MMuU	0000000010000010100000000000080000	EXT	str
20	cp.reduce.async.bulk	F16	MMu	0004000010000010100000000000000000	EXT	str
20	cp.reduce.async.bulk	E16	MMu	0004000010000010100000000000000000	EXT	str
20	cp.reduce.async.bulk	F16	MMuU	0004000010000010100000000000080000	EXT	str
20	cp.reduce.async.bulk	E16	MMuU	0004000010000010100000000000080000	EXT	str
21	cp.async.bulk.commit_group			0000000000000000000000000000000000	EXT	str
22	cp.async.bulk.wait_group		C	0000000000000000000000000000000800	EXT	str
23	cp.async.bulk.prefetch		MuU	0000000008040000000000000000080000	EXT	str
23	cp.async.bulk.prefetch		Mu	0000000008040000000000000000000000	EXT	str
24	cp.async.bulk.prefetch.tensor		MsxU	0000000008440300000000000000080000	EXT	str
24	cp.async.bulk.prefetch.tensor		Msx	0000000008440300000000000000000000	EXT	str
24	cp.async.bulk.prefetch.tensor		MsU	0000000008440300000000000000080000	EXT	str
24	cp.async.bulk.prefetch.tensor		Ms	0000000008440300000000000000000000	EXT	str
25	st.async	I[32|64]	M0M	0000000088300010000000000000000000	EXT	str
25	st.async	B[32|64]	M0M	0000000088300010000000000000000000	EXT	str
25	st.async	F[32|64]	M0M	0000000088300010000000000000000000	EXT	str
26	red.async	I[32|64]	M0M	0000000088100010200000000000000000	EXT	str
26	red.async	B[32|64]	M0M	0000000088100010400000000000000000	EXT	str
27	cp.async		MMCuU	0000000050000000000000000001000000	EXT	str
27	cp.async		MMCU	0000000050000000000000000001000000	EXT	str
28	_ldsm	B[8|16]	dM	2000000000000000000000640000000000	EXT	str
28	_ldsm	I8I4	dM	2000000000000000000000440000000000	EXT	str
28	_ldsm	I4I2	dM	2000000000000000000000440000000000	EXT	str
29	_movm	B16	dd	2000000000000000000000240000000000	EXT	str
29	_movm	I8I4	ed	2000000000000000000000040400000000	EXT	str
29	_movm	I4I2	ed	2000000000000000000000040400000000	EXT	str
30	scatter	B8B8	uuVVVu	2000000000000000000000000800000000	EXT	str
30	scatter	B8B4	uuVVVu	2000000000000000000000000800000000	EXT	str
30	scatter	B[8|16]B8	uuVVVu	2000000000000000000000001800000000	EXT	str
30	scatter	B[8|16]B4	uuVVVu	2000000000000000000000001800000000	EXT	str
31	spmetadata	B[8|16]B4	uuCCCu	2000000000000000000000000800000000	EXT	str
31	spmetadata	B[8|16]B8	uuCCCu	2000000000000000000000000800000000	EXT	str
32	gather	B[4|8|16]B[2|4|8]	uuuuC	2000000000000000000000000100000000	EXT	str
33	genmetadata	F16B[2|4|8]	uuuCCu	2000000000000000800000800100000000	EXT	str
33	genmetadata	E16B[2|4|8]	uuuCCu	2000000000000000800000800100000000	EXT	str
33	genmetadata	I[4|8]B[2|4|8]	uuuCCu	2000000000000000800000800100000000	EXT	str
34	atom	H32	0M0U	2004000088300000100000000001000000	EXT	str
34	atom	F16	0M0U	2004000088300000100000000001000000	EXT	str
34	atom	F32	0M0U	2000000088300000100000000001000000	EXT	str
34	atom	F64	0M0U	2000000088100000100000000001000000	EXT	str
34	atom	I[32|64]	0M0U	2000000088100000200000000001000000	EXT	str
34	atom	B[32|64]	0M0U	2000000088100000400000000001000000	EXT	str
35	red	H32	M0U	0004000088300000100000000001000000	EXT	str
35	red	F16	M0U	0004000088300000100000000001000000	EXT	str
35	red	F32	M0U	0000000088300000100000000001000000	EXT	str
35	red	F64	M0U	0000000088100000100000000001000000	EXT	str
35	red	I[32|64]	M0U	0000000088100000200000000001000000	EXT	str
35	red	B[32|64]	M0U	0000000088100000400000000001000000	EXT	str
36	mbarrier.expect_tx	B64	Mu	0000000088100000000000000000000000	EXT	str
37	mbarrier.tx	B64	Mu	0000000088100000000000000000000000	EXT	str
38	mbarrier.arrive.expect_tx	B64	UMu	2000000088100000000000000000000000	EXT	str
39	mbarrier.arrive_drop.expect_tx	B64	UMu	2000000088100000000000000000000000	EXT	str
40	setmaxreg.try_alloc	I32	PC	2000000000000000000002000000000000	EXT	str
41	setmaxreg.alloc	I32	C	0000000000000000000002000000000000	EXT	str
42	setmaxreg.dealloc	I32	C	0000000000000000000002000000000000	EXT	str
43	setsmemsize	I32	C	0000000000000000000002000000000000	EXT	str
44	setsmemsize.flush	I32		0000000000000000000002000000000000	EXT	str
44	setsmemsize.flush	I32		0000000000000000000000000000000000	EXT	str
45	elect.one		uu	6000000000000000000042000000000000	EXT	str
